========================================
Starting EOD Management Backend Server
========================================

Building backend...

  dist\index.mjs                   2.4mb
  dist\pino-worker.mjs           153.5kb
  dist\pino-file.mjs             142.1kb
  dist\pino-pretty.mjs           114.6kb
  dist\thread-stream-worker.mjs    7.3kb
  ...and 5 more output files...

Done in 454ms

Starting server on port 8080...

[10:58:36.492] [32mINFO[39m (25820): [36mServer listening[39m
    [35mport[39m: 8080
[10:58:36.625] [32mINFO[39m (25820): [36mrequest completed[39m
    [35mreq[39m: {
      "id": 1,
      "method": "OPTIONS",
      "url": "/api/notifications"
    }
    [35mres[39m: {
      "statusCode": 204
    }
    [35mresponseTime[39m: 8
[10:58:36.629] [32mINFO[39m (25820): [36mrequest completed[39m
    [35mreq[39m: {
      "id": 2,
      "method": "GET",
      "url": "/api/notifications"
    }
    [35mres[39m: {
      "statusCode": 401
    }
    [35mresponseTime[39m: 3
[10:58:36.773] [32mINFO[39m (25820): [36mProcessed overdue work notifications at startup[39m
    [35mcreated[39m: 0
[10:58:38.876] [31mERROR[39m (25820): [36mFailed to send missing EOD leadership email[39m
    [35memployeeId[39m: 11
    [35mto[39m: [
      "soubhgya@arraafiinfotech.com",
      "Thaseena.Khanum@arraafiinfotech.com",
      "aap@arraafiinfotech.com",
      "waseem@gmail.com"
    ]
    err: {
      "type": "Error",
      "message": "Invalid login: 535-5.7.8 Username and Password not accepted. For more information, go to\n535 5.7.8  https://support.google.com/mail/?p=BadCredentials a92af1059eb24-143243f780csm22169669c88.13 - gsmtp",
      "stack":
          Error: Invalid login: 535-5.7.8 Username and Password not accepted. For more information, go to
          535 5.7.8  https://support.google.com/mail/?p=BadCredentials a92af1059eb24-143243f780csm22169669c88.13 - gsmtp
              at SMTPConnection._formatError (C:\Users\Shiny\Company-Eod-Site\Company-Eod-Site\node_modules\.pnpm\nodemailer@8.0.10\node_modules\nodemailer\lib\smtp-connection\index.js:905:19)
              at SMTPConnection._actionAUTHComplete (C:\Users\Shiny\Company-Eod-Site\Company-Eod-Site\node_modules\.pnpm\nodemailer@8.0.10\node_modules\nodemailer\lib\smtp-connection\index.js:1726:34)
              at SMTPConnection.<anonymous> (C:\Users\Shiny\Company-Eod-Site\Company-Eod-Site\node_modules\.pnpm\nodemailer@8.0.10\node_modules\nodemailer\lib\smtp-connection\index.js:644:26)
              at SMTPConnection._processResponse (C:\Users\Shiny\Company-Eod-Site\Company-Eod-Site\node_modules\.pnpm\nodemailer@8.0.10\node_modules\nodemailer\lib\smtp-connection\index.js:1099:20)
              at SMTPConnection._onData (C:\Users\Shiny\Company-Eod-Site\Company-Eod-Site\node_modules\.pnpm\nodemailer@8.0.10\node_modules\nodemailer\lib\smtp-connection\index.js:865:14)
              at SMTPConnection._onSocketData (C:\Users\Shiny\Company-Eod-Site\Company-Eod-Site\node_modules\.pnpm\nodemailer@8.0.10\node_modules\nodemailer\lib\smtp-connection\index.js:224:44)
              at TLSSocket.emit (node:events:508:28)
              at addChunk (node:internal/streams/readable:563:12)
              at readableAddChunkPushByteMode (node:internal/streams/readable:514:3)
              at Readable.push (node:internal/streams/readable:394:5)
      "code": "EAUTH",
      "response": "535-5.7.8 Username and Password not accepted. For more information, go to\n535 5.7.8  https://support.google.com/mail/?p=BadCredentials a92af1059eb24-143243f780csm22169669c88.13 - gsmtp",
      "responseCode": 535,
      "command": "AUTH PLAIN"
    }
[10:58:40.712] [31mERROR[39m (25820): [36mFailed to send missing EOD leadership email[39m
    [35memployeeId[39m: 16
    [35mto[39m: [
      "amitha@arraafiinfotech.com",
      "Thaseena.Khanum@arraafiinfotech.com",
      "aap@arraafiinfotech.com",
      "waseem@gmail.com"
    ]
    err: {
      "type": "Error",
      "message": "Invalid login: 535-5.7.8 Username and Password not accepted. For more information, go to\n535 5.7.8  https://support.google.com/mail/?p=BadCredentials a92af1059eb24-1432437d0f4sm21551688c88.7 - gsmtp",
      "stack":
          Error: Invalid login: 535-5.7.8 Username and Password not accepted. For more information, go to
          535 5.7.8  https://support.google.com/mail/?p=BadCredentials a92af1059eb24-1432437d0f4sm21551688c88.7 - gsmtp
              at SMTPConnection._formatError (C:\Users\Shiny\Company-Eod-Site\Company-Eod-Site\node_modules\.pnpm\nodemailer@8.0.10\node_modules\nodemailer\lib\smtp-connection\index.js:905:19)
              at SMTPConnection._actionAUTHComplete (C:\Users\Shiny\Company-Eod-Site\Company-Eod-Site\node_modules\.pnpm\nodemailer@8.0.10\node_modules\nodemailer\lib\smtp-connection\index.js:1726:34)
              at SMTPConnection.<anonymous> (C:\Users\Shiny\Company-Eod-Site\Company-Eod-Site\node_modules\.pnpm\nodemailer@8.0.10\node_modules\nodemailer\lib\smtp-connection\index.js:644:26)
              at SMTPConnection._processResponse (C:\Users\Shiny\Company-Eod-Site\Company-Eod-Site\node_modules\.pnpm\nodemailer@8.0.10\node_modules\nodemailer\lib\smtp-connection\index.js:1099:20)
              at SMTPConnection._onData (C:\Users\Shiny\Company-Eod-Site\Company-Eod-Site\node_modules\.pnpm\nodemailer@8.0.10\node_modules\nodemailer\lib\smtp-connection\index.js:865:14)
              at SMTPConnection._onSocketData (C:\Users\Shiny\Company-Eod-Site\Company-Eod-Site\node_modules\.pnpm\nodemailer@8.0.10\node_modules\nodemailer\lib\smtp-connection\index.js:224:44)
              at TLSSocket.emit (node:events:508:28)
              at addChunk (node:internal/streams/readable:563:12)
              at readableAddChunkPushByteMode (node:internal/streams/readable:514:3)
              at Readable.push (node:internal/streams/readable:394:5)
      "code": "EAUTH",
      "response": "535-5.7.8 Username and Password not accepted. For more information, go to\n535 5.7.8  https://support.google.com/mail/?p=BadCredentials a92af1059eb24-1432437d0f4sm21551688c88.7 - gsmtp",
      "responseCode": 535,
      "command": "AUTH PLAIN"
    }
[10:58:42.469] [31mERROR[39m (25820): [36mFailed to send missing EOD leadership email[39m
    [35memployeeId[39m: 18
    [35mto[39m: [
      "Thaseena.Khanum@arraafiinfotech.com",
      "aap@arraafiinfotech.com",
      "waseem@gmail.com",
      "javed@arraafiinfotech.com"
    ]
    err: {
      "type": "Error",
      "message": "Invalid login: 535-5.7.8 Username and Password not accepted. For more information, go to\n535 5.7.8  https://support.google.com/mail/?p=BadCredentials 5a478bee46e88-3339bdf26c5sm25093422eec.27 - gsmtp",
      "stack":
          Error: Invalid login: 535-5.7.8 Username and Password not accepted. For more information, go to
          535 5.7.8  https://support.google.com/mail/?p=BadCredentials 5a478bee46e88-3339bdf26c5sm25093422eec.27 - gsmtp
              at SMTPConnection._formatError (C:\Users\Shiny\Company-Eod-Site\Company-Eod-Site\node_modules\.pnpm\nodemailer@8.0.10\node_modules\nodemailer\lib\smtp-connection\index.js:905:19)
              at SMTPConnection._actionAUTHComplete (C:\Users\Shiny\Company-Eod-Site\Company-Eod-Site\node_modules\.pnpm\nodemailer@8.0.10\node_modules\nodemailer\lib\smtp-connection\index.js:1726:34)
              at SMTPConnection.<anonymous> (C:\Users\Shiny\Company-Eod-Site\Company-Eod-Site\node_modules\.pnpm\nodemailer@8.0.10\node_modules\nodemailer\lib\smtp-connection\index.js:644:26)
              at SMTPConnection._processResponse (C:\Users\Shiny\Company-Eod-Site\Company-Eod-Site\node_modules\.pnpm\nodemailer@8.0.10\node_modules\nodemailer\lib\smtp-connection\index.js:1099:20)
              at SMTPConnection._onData (C:\Users\Shiny\Company-Eod-Site\Company-Eod-Site\node_modules\.pnpm\nodemailer@8.0.10\node_modules\nodemailer\lib\smtp-connection\index.js:865:14)
              at SMTPConnection._onSocketData (C:\Users\Shiny\Company-Eod-Site\Company-Eod-Site\node_modules\.pnpm\nodemailer@8.0.10\node_modules\nodemailer\lib\smtp-connection\index.js:224:44)
              at TLSSocket.emit (node:events:508:28)
              at addChunk (node:internal/streams/readable:563:12)
              at readableAddChunkPushByteMode (node:internal/streams/readable:514:3)
              at Readable.push (node:internal/streams/readable:394:5)
      "code": "EAUTH",
      "response": "535-5.7.8 Username and Password not accepted. For more information, go to\n535 5.7.8  https://support.google.com/mail/?p=BadCredentials 5a478bee46e88-3339bdf26c5sm25093422eec.27 - gsmtp",
      "responseCode": 535,
      "command": "AUTH PLAIN"
    }
[10:58:43.002] [32mINFO[39m (25820): [36mrequest completed[39m
    [35mreq[39m: {
      "id": 3,
      "method": "OPTIONS",
      "url": "/api/notifications"
    }
    [35mres[39m: {
      "statusCode": 204
    }
    [35mresponseTime[39m: 0
[10:58:43.010] [32mINFO[39m (25820): [36mrequest completed[39m
    [35mreq[39m: {
      "id": 4,
      "method": "GET",
      "url": "/api/notifications"
    }
    [35mres[39m: {
      "statusCode": 401
    }
    [35mresponseTime[39m: 2
[10:58:44.310] [31mERROR[39m (25820): [36mFailed to send missing EOD leadership email[39m
    [35memployeeId[39m: 22
    [35mto[39m: [
      "Thaseena.Khanum@arraafiinfotech.com",
      "aap@arraafiinfotech.com",
      "waseem@gmail.com",
      "rajshekar@arraafiinfotech.com"
    ]
    err: {
      "type": "Error",
      "message": "Invalid login: 535-5.7.8 Username and Password not accepted. For more information, go to\n535 5.7.8  https://support.google.com/mail/?p=BadCredentials a92af1059eb24-14324410092sm22249334c88.14 - gsmtp",
      "stack":
          Error: Invalid login: 535-5.7.8 Username and Password not accepted. For more information, go to
          535 5.7.8  https://support.google.com/mail/?p=BadCredentials a92af1059eb24-14324410092sm22249334c88.14 - gsmtp
              at SMTPConnection._formatError (C:\Users\Shiny\Company-Eod-Site\Company-Eod-Site\node_modules\.pnpm\nodemailer@8.0.10\node_modules\nodemailer\lib\smtp-connection\index.js:905:19)
              at SMTPConnection._actionAUTHComplete (C:\Users\Shiny\Company-Eod-Site\Company-Eod-Site\node_modules\.pnpm\nodemailer@8.0.10\node_modules\nodemailer\lib\smtp-connection\index.js:1726:34)
              at SMTPConnection.<anonymous> (C:\Users\Shiny\Company-Eod-Site\Company-Eod-Site\node_modules\.pnpm\nodemailer@8.0.10\node_modules\nodemailer\lib\smtp-connection\index.js:644:26)
              at SMTPConnection._processResponse (C:\Users\Shiny\Company-Eod-Site\Company-Eod-Site\node_modules\.pnpm\nodemailer@8.0.10\node_modules\nodemailer\lib\smtp-connection\index.js:1099:20)
              at SMTPConnection._onData (C:\Users\Shiny\Company-Eod-Site\Company-Eod-Site\node_modules\.pnpm\nodemailer@8.0.10\node_modules\nodemailer\lib\smtp-connection\index.js:865:14)
              at SMTPConnection._onSocketData (C:\Users\Shiny\Company-Eod-Site\Company-Eod-Site\node_modules\.pnpm\nodemailer@8.0.10\node_modules\nodemailer\lib\smtp-connection\index.js:224:44)
              at TLSSocket.emit (node:events:508:28)
              at addChunk (node:internal/streams/readable:563:12)
              at readableAddChunkPushByteMode (node:internal/streams/readable:514:3)
              at Readable.push (node:internal/streams/readable:394:5)
      "code": "EAUTH",
      "response": "535-5.7.8 Username and Password not accepted. For more information, go to\n535 5.7.8  https://support.google.com/mail/?p=BadCredentials a92af1059eb24-14324410092sm22249334c88.14 - gsmtp",
      "responseCode": 535,
      "command": "AUTH PLAIN"
    }
[10:58:46.008] [31mERROR[39m (25820): [36mFailed to send missing EOD leadership email[39m
    [35memployeeId[39m: 23
    [35mto[39m: [
      "Thaseena.Khanum@arraafiinfotech.com",
      "aap@arraafiinfotech.com",
      "waseem@gmail.com",
      "rajshekar@arraafiinfotech.com"
    ]
    err: {
      "type": "Error",
      "message": "Invalid login: 535-5.7.8 Username and Password not accepted. For more information, go to\n535 5.7.8  https://support.google.com/mail/?p=BadCredentials 5a478bee46e88-3339befe870sm26996736eec.30 - gsmtp",
      "stack":
          Error: Invalid login: 535-5.7.8 Username and Password not accepted. For more information, go to
          535 5.7.8  https://support.google.com/mail/?p=BadCredentials 5a478bee46e88-3339befe870sm26996736eec.30 - gsmtp
              at SMTPConnection._formatError (C:\Users\Shiny\Company-Eod-Site\Company-Eod-Site\node_modules\.pnpm\nodemailer@8.0.10\node_modules\nodemailer\lib\smtp-connection\index.js:905:19)
              at SMTPConnection._actionAUTHComplete (C:\Users\Shiny\Company-Eod-Site\Company-Eod-Site\node_modules\.pnpm\nodemailer@8.0.10\node_modules\nodemailer\lib\smtp-connection\index.js:1726:34)
              at SMTPConnection.<anonymous> (C:\Users\Shiny\Company-Eod-Site\Company-Eod-Site\node_modules\.pnpm\nodemailer@8.0.10\node_modules\nodemailer\lib\smtp-connection\index.js:644:26)
              at SMTPConnection._processResponse (C:\Users\Shiny\Company-Eod-Site\Company-Eod-Site\node_modules\.pnpm\nodemailer@8.0.10\node_modules\nodemailer\lib\smtp-connection\index.js:1099:20)
              at SMTPConnection._onData (C:\Users\Shiny\Company-Eod-Site\Company-Eod-Site\node_modules\.pnpm\nodemailer@8.0.10\node_modules\nodemailer\lib\smtp-connection\index.js:865:14)
              at SMTPConnection._onSocketData (C:\Users\Shiny\Company-Eod-Site\Company-Eod-Site\node_modules\.pnpm\nodemailer@8.0.10\node_modules\nodemailer\lib\smtp-connection\index.js:224:44)
              at TLSSocket.emit (node:events:508:28)
              at addChunk (node:internal/streams/readable:563:12)
              at readableAddChunkPushByteMode (node:internal/streams/readable:514:3)
              at Readable.push (node:internal/streams/readable:394:5)
      "code": "EAUTH",
      "response": "535-5.7.8 Username and Password not accepted. For more information, go to\n535 5.7.8  https://support.google.com/mail/?p=BadCredentials 5a478bee46e88-3339befe870sm26996736eec.30 - gsmtp",
      "responseCode": 535,
      "command": "AUTH PLAIN"
    }
[10:58:47.703] [31mERROR[39m (25820): [36mFailed to send missing EOD leadership email[39m
    [35memployeeId[39m: 24
    [35mto[39m: [
      "Thaseena.Khanum@arraafiinfotech.com",
      "aap@arraafiinfotech.com",
      "waseem@gmail.com",
      "rajshekar@arraafiinfotech.com"
    ]
    err: {
      "type": "Error",
      "message": "Invalid login: 535-5.7.8 Username and Password not accepted. For more information, go to\n535 5.7.8  https://support.google.com/mail/?p=BadCredentials a92af1059eb24-14332405e92sm16455734c88.8 - gsmtp",
      "stack":
          Error: Invalid login: 535-5.7.8 Username and Password not accepted. For more information, go to
          535 5.7.8  https://support.google.com/mail/?p=BadCredentials a92af1059eb24-14332405e92sm16455734c88.8 - gsmtp
              at SMTPConnection._formatError (C:\Users\Shiny\Company-Eod-Site\Company-Eod-Site\node_modules\.pnpm\nodemailer@8.0.10\node_modules\nodemailer\lib\smtp-connection\index.js:905:19)
              at SMTPConnection._actionAUTHComplete (C:\Users\Shiny\Company-Eod-Site\Company-Eod-Site\node_modules\.pnpm\nodemailer@8.0.10\node_modules\nodemailer\lib\smtp-connection\index.js:1726:34)
              at SMTPConnection.<anonymous> (C:\Users\Shiny\Company-Eod-Site\Company-Eod-Site\node_modules\.pnpm\nodemailer@8.0.10\node_modules\nodemailer\lib\smtp-connection\index.js:644:26)
              at SMTPConnection._processResponse (C:\Users\Shiny\Company-Eod-Site\Company-Eod-Site\node_modules\.pnpm\nodemailer@8.0.10\node_modules\nodemailer\lib\smtp-connection\index.js:1099:20)
              at SMTPConnection._onData (C:\Users\Shiny\Company-Eod-Site\Company-Eod-Site\node_modules\.pnpm\nodemailer@8.0.10\node_modules\nodemailer\lib\smtp-connection\index.js:865:14)
              at SMTPConnection._onSocketData (C:\Users\Shiny\Company-Eod-Site\Company-Eod-Site\node_modules\.pnpm\nodemailer@8.0.10\node_modules\nodemailer\lib\smtp-connection\index.js:224:44)
              at TLSSocket.emit (node:events:508:28)
              at addChunk (node:internal/streams/readable:563:12)
              at readableAddChunkPushByteMode (node:internal/streams/readable:514:3)
              at Readable.push (node:internal/streams/readable:394:5)
      "code": "EAUTH",
      "response": "535-5.7.8 Username and Password not accepted. For more information, go to\n535 5.7.8  https://support.google.com/mail/?p=BadCredentials a92af1059eb24-14332405e92sm16455734c88.8 - gsmtp",
      "responseCode": 535,
      "command": "AUTH PLAIN"
    }
[10:58:49.227] [31mERROR[39m (25820): [36mFailed to send missing EOD leadership email[39m
    [35memployeeId[39m: 27
    [35mto[39m: [
      "Thaseena.Khanum@arraafiinfotech.com",
      "aap@arraafiinfotech.com",
      "waseem@gmail.com",
      "rajshekar@arraafiinfotech.com"
    ]
    err: {
      "type": "Error",
      "message": "Invalid login: 535-5.7.8 Username and Password not accepted. For more information, go to\n535 5.7.8  https://support.google.com/mail/?p=BadCredentials a92af1059eb24-14332405e92sm16455990c88.8 - gsmtp",
      "stack":
          Error: Invalid login: 535-5.7.8 Username and Password not accepted. For more information, go to
          535 5.7.8  https://support.google.com/mail/?p=BadCredentials a92af1059eb24-14332405e92sm16455990c88.8 - gsmtp
              at SMTPConnection._formatError (C:\Users\Shiny\Company-Eod-Site\Company-Eod-Site\node_modules\.pnpm\nodemailer@8.0.10\node_modules\nodemailer\lib\smtp-connection\index.js:905:19)
              at SMTPConnection._actionAUTHComplete (C:\Users\Shiny\Company-Eod-Site\Company-Eod-Site\node_modules\.pnpm\nodemailer@8.0.10\node_modules\nodemailer\lib\smtp-connection\index.js:1726:34)
              at SMTPConnection.<anonymous> (C:\Users\Shiny\Company-Eod-Site\Company-Eod-Site\node_modules\.pnpm\nodemailer@8.0.10\node_modules\nodemailer\lib\smtp-connection\index.js:644:26)
              at SMTPConnection._processResponse (C:\Users\Shiny\Company-Eod-Site\Company-Eod-Site\node_modules\.pnpm\nodemailer@8.0.10\node_modules\nodemailer\lib\smtp-connection\index.js:1099:20)
              at SMTPConnection._onData (C:\Users\Shiny\Company-Eod-Site\Company-Eod-Site\node_modules\.pnpm\nodemailer@8.0.10\node_modules\nodemailer\lib\smtp-connection\index.js:865:14)
              at SMTPConnection._onSocketData (C:\Users\Shiny\Company-Eod-Site\Company-Eod-Site\node_modules\.pnpm\nodemailer@8.0.10\node_modules\nodemailer\lib\smtp-connection\index.js:224:44)
              at TLSSocket.emit (node:events:508:28)
              at addChunk (node:internal/streams/readable:563:12)
              at readableAddChunkPushByteMode (node:internal/streams/readable:514:3)
              at Readable.push (node:internal/streams/readable:394:5)
      "code": "EAUTH",
      "response": "535-5.7.8 Username and Password not accepted. For more information, go to\n535 5.7.8  https://support.google.com/mail/?p=BadCredentials a92af1059eb24-14332405e92sm16455990c88.8 - gsmtp",
      "responseCode": 535,
      "command": "AUTH PLAIN"
    }
[10:58:50.809] [31mERROR[39m (25820): [36mFailed to send missing EOD leadership email[39m
    [35memployeeId[39m: 7
    [35mto[39m: [
      "soubhgya@arraafiinfotech.com",
      "Thaseena.Khanum@arraafiinfotech.com",
      "aap@arraafiinfotech.com",
      "waseem@gmail.com"
    ]
    err: {
      "type": "Error",
      "message": "Invalid login: 535-5.7.8 Username and Password not accepted. For more information, go to\n535 5.7.8  https://support.google.com/mail/?p=BadCredentials 5a478bee46e88-3339bdf26c5sm25094642eec.27 - gsmtp",
      "stack":
          Error: Invalid login: 535-5.7.8 Username and Password not accepted. For more information, go to
          535 5.7.8  https://support.google.com/mail/?p=BadCredentials 5a478bee46e88-3339bdf26c5sm25094642eec.27 - gsmtp
              at SMTPConnection._formatError (C:\Users\Shiny\Company-Eod-Site\Company-Eod-Site\node_modules\.pnpm\nodemailer@8.0.10\node_modules\nodemailer\lib\smtp-connection\index.js:905:19)
              at SMTPConnection._actionAUTHComplete (C:\Users\Shiny\Company-Eod-Site\Company-Eod-Site\node_modules\.pnpm\nodemailer@8.0.10\node_modules\nodemailer\lib\smtp-connection\index.js:1726:34)
              at SMTPConnection.<anonymous> (C:\Users\Shiny\Company-Eod-Site\Company-Eod-Site\node_modules\.pnpm\nodemailer@8.0.10\node_modules\nodemailer\lib\smtp-connection\index.js:644:26)
              at SMTPConnection._processResponse (C:\Users\Shiny\Company-Eod-Site\Company-Eod-Site\node_modules\.pnpm\nodemailer@8.0.10\node_modules\nodemailer\lib\smtp-connection\index.js:1099:20)
              at SMTPConnection._onData (C:\Users\Shiny\Company-Eod-Site\Company-Eod-Site\node_modules\.pnpm\nodemailer@8.0.10\node_modules\nodemailer\lib\smtp-connection\index.js:865:14)
              at SMTPConnection._onSocketData (C:\Users\Shiny\Company-Eod-Site\Company-Eod-Site\node_modules\.pnpm\nodemailer@8.0.10\node_modules\nodemailer\lib\smtp-connection\index.js:224:44)
              at TLSSocket.emit (node:events:508:28)
              at addChunk (node:internal/streams/readable:563:12)
              at readableAddChunkPushByteMode (node:internal/streams/readable:514:3)
              at Readable.push (node:internal/streams/readable:394:5)
      "code": "EAUTH",
      "response": "535-5.7.8 Username and Password not accepted. For more information, go to\n535 5.7.8  https://support.google.com/mail/?p=BadCredentials 5a478bee46e88-3339bdf26c5sm25094642eec.27 - gsmtp",
      "responseCode": 535,
      "command": "AUTH PLAIN"
    }
[10:58:52.556] [31mERROR[39m (25820): [36mFailed to send missing EOD leadership email[39m
    [35memployeeId[39m: 8
    [35mto[39m: [
      "soubhgya@arraafiinfotech.com",
      "Thaseena.Khanum@arraafiinfotech.com",
      "aap@arraafiinfotech.com",
      "waseem@gmail.com"
    ]
    err: {
      "type": "Error",
      "message": "Invalid login: 535-5.7.8 Username and Password not accepted. For more information, go to\n535 5.7.8  https://support.google.com/mail/?p=BadCredentials 5a478bee46e88-3339a534df1sm27896061eec.7 - gsmtp",
      "stack":
          Error: Invalid login: 535-5.7.8 Username and Password not accepted. For more information, go to
          535 5.7.8  https://support.google.com/mail/?p=BadCredentials 5a478bee46e88-3339a534df1sm27896061eec.7 - gsmtp
              at SMTPConnection._formatError (C:\Users\Shiny\Company-Eod-Site\Company-Eod-Site\node_modules\.pnpm\nodemailer@8.0.10\node_modules\nodemailer\lib\smtp-connection\index.js:905:19)
              at SMTPConnection._actionAUTHComplete (C:\Users\Shiny\Company-Eod-Site\Company-Eod-Site\node_modules\.pnpm\nodemailer@8.0.10\node_modules\nodemailer\lib\smtp-connection\index.js:1726:34)
              at SMTPConnection.<anonymous> (C:\Users\Shiny\Company-Eod-Site\Company-Eod-Site\node_modules\.pnpm\nodemailer@8.0.10\node_modules\nodemailer\lib\smtp-connection\index.js:644:26)
              at SMTPConnection._processResponse (C:\Users\Shiny\Company-Eod-Site\Company-Eod-Site\node_modules\.pnpm\nodemailer@8.0.10\node_modules\nodemailer\lib\smtp-connection\index.js:1099:20)
              at SMTPConnection._onData (C:\Users\Shiny\Company-Eod-Site\Company-Eod-Site\node_modules\.pnpm\nodemailer@8.0.10\node_modules\nodemailer\lib\smtp-connection\index.js:865:14)
              at SMTPConnection._onSocketData (C:\Users\Shiny\Company-Eod-Site\Company-Eod-Site\node_modules\.pnpm\nodemailer@8.0.10\node_modules\nodemailer\lib\smtp-connection\index.js:224:44)
              at TLSSocket.emit (node:events:508:28)
              at addChunk (node:internal/streams/readable:563:12)
              at readableAddChunkPushByteMode (node:internal/streams/readable:514:3)
              at Readable.push (node:internal/streams/readable:394:5)
      "code": "EAUTH",
      "response": "535-5.7.8 Username and Password not accepted. For more information, go to\n535 5.7.8  https://support.google.com/mail/?p=BadCredentials 5a478bee46e88-3339a534df1sm27896061eec.7 - gsmtp",
      "responseCode": 535,
      "command": "AUTH PLAIN"
    }
[10:58:54.416] [31mERROR[39m (25820): [36mFailed to send missing EOD leadership email[39m
    [35memployeeId[39m: 9
    [35mto[39m: [
      "soubhgya@arraafiinfotech.com",
      "Thaseena.Khanum@arraafiinfotech.com",
      "aap@arraafiinfotech.com",
      "waseem@gmail.com"
    ]
    err: {
      "type": "Error",
      "message": "Invalid login: 535-5.7.8 Username and Password not accepted. For more information, go to\n535 5.7.8  https://support.google.com/mail/?p=BadCredentials 5a478bee46e88-3339885ca07sm27767539eec.1 - gsmtp",
      "stack":
          Error: Invalid login: 535-5.7.8 Username and Password not accepted. For more information, go to
          535 5.7.8  https://support.google.com/mail/?p=BadCredentials 5a478bee46e88-3339885ca07sm27767539eec.1 - gsmtp
              at SMTPConnection._formatError (C:\Users\Shiny\Company-Eod-Site\Company-Eod-Site\node_modules\.pnpm\nodemailer@8.0.10\node_modules\nodemailer\lib\smtp-connection\index.js:905:19)
              at SMTPConnection._actionAUTHComplete (C:\Users\Shiny\Company-Eod-Site\Company-Eod-Site\node_modules\.pnpm\nodemailer@8.0.10\node_modules\nodemailer\lib\smtp-connection\index.js:1726:34)
              at SMTPConnection.<anonymous> (C:\Users\Shiny\Company-Eod-Site\Company-Eod-Site\node_modules\.pnpm\nodemailer@8.0.10\node_modules\nodemailer\lib\smtp-connection\index.js:644:26)
              at SMTPConnection._processResponse (C:\Users\Shiny\Company-Eod-Site\Company-Eod-Site\node_modules\.pnpm\nodemailer@8.0.10\node_modules\nodemailer\lib\smtp-connection\index.js:1099:20)
              at SMTPConnection._onData (C:\Users\Shiny\Company-Eod-Site\Company-Eod-Site\node_modules\.pnpm\nodemailer@8.0.10\node_modules\nodemailer\lib\smtp-connection\index.js:865:14)
              at SMTPConnection._onSocketData (C:\Users\Shiny\Company-Eod-Site\Company-Eod-Site\node_modules\.pnpm\nodemailer@8.0.10\node_modules\nodemailer\lib\smtp-connection\index.js:224:44)
              at TLSSocket.emit (node:events:508:28)
              at addChunk (node:internal/streams/readable:563:12)
              at readableAddChunkPushByteMode (node:internal/streams/readable:514:3)
              at Readable.push (node:internal/streams/readable:394:5)
      "code": "EAUTH",
      "response": "535-5.7.8 Username and Password not accepted. For more information, go to\n535 5.7.8  https://support.google.com/mail/?p=BadCredentials 5a478bee46e88-3339885ca07sm27767539eec.1 - gsmtp",
      "responseCode": 535,
      "command": "AUTH PLAIN"
    }
[10:58:56.148] [31mERROR[39m (25820): [36mFailed to send missing EOD leadership email[39m
    [35memployeeId[39m: 10
    [35mto[39m: [
      "soubhgya@arraafiinfotech.com",
      "Thaseena.Khanum@arraafiinfotech.com",
      "aap@arraafiinfotech.com",
      "waseem@gmail.com"
    ]
    err: {
      "type": "Error",
      "message": "Invalid login: 535-5.7.8 Username and Password not accepted. For more information, go to\n535 5.7.8  https://support.google.com/mail/?p=BadCredentials 5a478bee46e88-3339bbf1feesm24391243eec.26 - gsmtp",
      "stack":
          Error: Invalid login: 535-5.7.8 Username and Password not accepted. For more information, go to
          535 5.7.8  https://support.google.com/mail/?p=BadCredentials 5a478bee46e88-3339bbf1feesm24391243eec.26 - gsmtp
              at SMTPConnection._formatError (C:\Users\Shiny\Company-Eod-Site\Company-Eod-Site\node_modules\.pnpm\nodemailer@8.0.10\node_modules\nodemailer\lib\smtp-connection\index.js:905:19)
              at SMTPConnection._actionAUTHComplete (C:\Users\Shiny\Company-Eod-Site\Company-Eod-Site\node_modules\.pnpm\nodemailer@8.0.10\node_modules\nodemailer\lib\smtp-connection\index.js:1726:34)
              at SMTPConnection.<anonymous> (C:\Users\Shiny\Company-Eod-Site\Company-Eod-Site\node_modules\.pnpm\nodemailer@8.0.10\node_modules\nodemailer\lib\smtp-connection\index.js:644:26)
              at SMTPConnection._processResponse (C:\Users\Shiny\Company-Eod-Site\Company-Eod-Site\node_modules\.pnpm\nodemailer@8.0.10\node_modules\nodemailer\lib\smtp-connection\index.js:1099:20)
              at SMTPConnection._onData (C:\Users\Shiny\Company-Eod-Site\Company-Eod-Site\node_modules\.pnpm\nodemailer@8.0.10\node_modules\nodemailer\lib\smtp-connection\index.js:865:14)
              at SMTPConnection._onSocketData (C:\Users\Shiny\Company-Eod-Site\Company-Eod-Site\node_modules\.pnpm\nodemailer@8.0.10\node_modules\nodemailer\lib\smtp-connection\index.js:224:44)
              at TLSSocket.emit (node:events:508:28)
              at addChunk (node:internal/streams/readable:563:12)
              at readableAddChunkPushByteMode (node:internal/streams/readable:514:3)
              at Readable.push (node:internal/streams/readable:394:5)
      "code": "EAUTH",
      "response": "535-5.7.8 Username and Password not accepted. For more information, go to\n535 5.7.8  https://support.google.com/mail/?p=BadCredentials 5a478bee46e88-3339bbf1feesm24391243eec.26 - gsmtp",
      "responseCode": 535,
      "command": "AUTH PLAIN"
    }
[10:58:57.833] [31mERROR[39m (25820): [36mFailed to send missing EOD leadership email[39m
    [35memployeeId[39m: 12
    [35mto[39m: [
      "amitha@arraafiinfotech.com",
      "Thaseena.Khanum@arraafiinfotech.com",
      "aap@arraafiinfotech.com",
      "waseem@gmail.com"
    ]
    err: {
      "type": "Error",
      "message": "Invalid login: 535-5.7.8 Username and Password not accepted. For more information, go to\n535 5.7.8  https://support.google.com/mail/?p=BadCredentials 5a478bee46e88-3339b608409sm28069559eec.21 - gsmtp",
      "stack":
          Error: Invalid login: 535-5.7.8 Username and Password not accepted. For more information, go to
          535 5.7.8  https://support.google.com/mail/?p=BadCredentials 5a478bee46e88-3339b608409sm28069559eec.21 - gsmtp
              at SMTPConnection._formatError (C:\Users\Shiny\Company-Eod-Site\Company-Eod-Site\node_modules\.pnpm\nodemailer@8.0.10\node_modules\nodemailer\lib\smtp-connection\index.js:905:19)
              at SMTPConnection._actionAUTHComplete (C:\Users\Shiny\Company-Eod-Site\Company-Eod-Site\node_modules\.pnpm\nodemailer@8.0.10\node_modules\nodemailer\lib\smtp-connection\index.js:1726:34)
              at SMTPConnection.<anonymous> (C:\Users\Shiny\Company-Eod-Site\Company-Eod-Site\node_modules\.pnpm\nodemailer@8.0.10\node_modules\nodemailer\lib\smtp-connection\index.js:644:26)
              at SMTPConnection._processResponse (C:\Users\Shiny\Company-Eod-Site\Company-Eod-Site\node_modules\.pnpm\nodemailer@8.0.10\node_modules\nodemailer\lib\smtp-connection\index.js:1099:20)
              at SMTPConnection._onData (C:\Users\Shiny\Company-Eod-Site\Company-Eod-Site\node_modules\.pnpm\nodemailer@8.0.10\node_modules\nodemailer\lib\smtp-connection\index.js:865:14)
              at SMTPConnection._onSocketData (C:\Users\Shiny\Company-Eod-Site\Company-Eod-Site\node_modules\.pnpm\nodemailer@8.0.10\node_modules\nodemailer\lib\smtp-connection\index.js:224:44)
              at TLSSocket.emit (node:events:508:28)
              at addChunk (node:internal/streams/readable:563:12)
              at readableAddChunkPushByteMode (node:internal/streams/readable:514:3)
              at Readable.push (node:internal/streams/readable:394:5)
      "code": "EAUTH",
      "response": "535-5.7.8 Username and Password not accepted. For more information, go to\n535 5.7.8  https://support.google.com/mail/?p=BadCredentials 5a478bee46e88-3339b608409sm28069559eec.21 - gsmtp",
      "responseCode": 535,
      "command": "AUTH PLAIN"
    }
[10:58:57.965] [32mINFO[39m (25820): [36mrequest completed[39m
    [35mreq[39m: {
      "id": 5,
      "method": "OPTIONS",
      "url": "/api/auth/me"
    }
    [35mres[39m: {
      "statusCode": 204
    }
    [35mresponseTime[39m: 1
[10:58:57.970] [32mINFO[39m (25820): [36mrequest completed[39m
    [35mreq[39m: {
      "id": 6,
      "method": "GET",
      "url": "/api/auth/me"
    }
    [35mres[39m: {
      "statusCode": 401
    }
    [35mresponseTime[39m: 1
[10:58:58.003] [32mINFO[39m (25820): [36mrequest completed[39m
    [35mreq[39m: {
      "id": 7,
      "method": "OPTIONS",
      "url": "/api/notifications"
    }
    [35mres[39m: {
      "statusCode": 204
    }
    [35mresponseTime[39m: 1
[10:58:58.009] [32mINFO[39m (25820): [36mrequest completed[39m
    [35mreq[39m: {
      "id": 8,
      "method": "GET",
      "url": "/api/notifications"
    }
    [35mres[39m: {
      "statusCode": 401
    }
    [35mresponseTime[39m: 1
[10:58:59.323] [31mERROR[39m (25820): [36mFailed to send missing EOD leadership email[39m
    [35memployeeId[39m: 13
    [35mto[39m: [
      "amitha@arraafiinfotech.com",
      "Thaseena.Khanum@arraafiinfotech.com",
      "aap@arraafiinfotech.com",
      "waseem@gmail.com"
    ]
    err: {
      "type": "Error",
      "message": "Invalid login: 535-5.7.8 Username and Password not accepted. For more information, go to\n535 5.7.8  https://support.google.com/mail/?p=BadCredentials a92af1059eb24-143243f780csm22171993c88.13 - gsmtp",
      "stack":
          Error: Invalid login: 535-5.7.8 Username and Password not accepted. For more information, go to
          535 5.7.8  https://support.google.com/mail/?p=BadCredentials a92af1059eb24-143243f780csm22171993c88.13 - gsmtp
              at SMTPConnection._formatError (C:\Users\Shiny\Company-Eod-Site\Company-Eod-Site\node_modules\.pnpm\nodemailer@8.0.10\node_modules\nodemailer\lib\smtp-connection\index.js:905:19)
              at SMTPConnection._actionAUTHComplete (C:\Users\Shiny\Company-Eod-Site\Company-Eod-Site\node_modules\.pnpm\nodemailer@8.0.10\node_modules\nodemailer\lib\smtp-connection\index.js:1726:34)
              at SMTPConnection.<anonymous> (C:\Users\Shiny\Company-Eod-Site\Company-Eod-Site\node_modules\.pnpm\nodemailer@8.0.10\node_modules\nodemailer\lib\smtp-connection\index.js:644:26)
              at SMTPConnection._processResponse (C:\Users\Shiny\Company-Eod-Site\Company-Eod-Site\node_modules\.pnpm\nodemailer@8.0.10\node_modules\nodemailer\lib\smtp-connection\index.js:1099:20)
              at SMTPConnection._onData (C:\Users\Shiny\Company-Eod-Site\Company-Eod-Site\node_modules\.pnpm\nodemailer@8.0.10\node_modules\nodemailer\lib\smtp-connection\index.js:865:14)
              at SMTPConnection._onSocketData (C:\Users\Shiny\Company-Eod-Site\Company-Eod-Site\node_modules\.pnpm\nodemailer@8.0.10\node_modules\nodemailer\lib\smtp-connection\index.js:224:44)
              at TLSSocket.emit (node:events:508:28)
              at addChunk (node:internal/streams/readable:563:12)
              at readableAddChunkPushByteMode (node:internal/streams/readable:514:3)
              at Readable.push (node:internal/streams/readable:394:5)
      "code": "EAUTH",
      "response": "535-5.7.8 Username and Password not accepted. For more information, go to\n535 5.7.8  https://support.google.com/mail/?p=BadCredentials a92af1059eb24-143243f780csm22171993c88.13 - gsmtp",
      "responseCode": 535,
      "command": "AUTH PLAIN"
    }
[10:59:01.183] [31mERROR[39m (25820): [36mFailed to send missing EOD leadership email[39m
    [35memployeeId[39m: 30
    [35mto[39m: [
      "soubhgya@arraafiinfotech.com",
      "Thaseena.Khanum@arraafiinfotech.com",
      "aap@arraafiinfotech.com",
      "waseem@gmail.com"
    ]
    err: {
      "type": "Error",
      "message": "Invalid login: 535-5.7.8 Username and Password not accepted. For more information, go to\n535 5.7.8  https://support.google.com/mail/?p=BadCredentials 5a478bee46e88-3385c056e13sm724389eec.29 - gsmtp",
      "stack":
          Error: Invalid login: 535-5.7.8 Username and Password not accepted. For more information, go to
          535 5.7.8  https://support.google.com/mail/?p=BadCredentials 5a478bee46e88-3385c056e13sm724389eec.29 - gsmtp
              at SMTPConnection._formatError (C:\Users\Shiny\Company-Eod-Site\Company-Eod-Site\node_modules\.pnpm\nodemailer@8.0.10\node_modules\nodemailer\lib\smtp-connection\index.js:905:19)
              at SMTPConnection._actionAUTHComplete (C:\Users\Shiny\Company-Eod-Site\Company-Eod-Site\node_modules\.pnpm\nodemailer@8.0.10\node_modules\nodemailer\lib\smtp-connection\index.js:1726:34)
              at SMTPConnection.<anonymous> (C:\Users\Shiny\Company-Eod-Site\Company-Eod-Site\node_modules\.pnpm\nodemailer@8.0.10\node_modules\nodemailer\lib\smtp-connection\index.js:644:26)
              at SMTPConnection._processResponse (C:\Users\Shiny\Company-Eod-Site\Company-Eod-Site\node_modules\.pnpm\nodemailer@8.0.10\node_modules\nodemailer\lib\smtp-connection\index.js:1099:20)
              at SMTPConnection._onData (C:\Users\Shiny\Company-Eod-Site\Company-Eod-Site\node_modules\.pnpm\nodemailer@8.0.10\node_modules\nodemailer\lib\smtp-connection\index.js:865:14)
              at SMTPConnection._onSocketData (C:\Users\Shiny\Company-Eod-Site\Company-Eod-Site\node_modules\.pnpm\nodemailer@8.0.10\node_modules\nodemailer\lib\smtp-connection\index.js:224:44)
              at TLSSocket.emit (node:events:508:28)
              at addChunk (node:internal/streams/readable:563:12)
              at readableAddChunkPushByteMode (node:internal/streams/readable:514:3)
              at Readable.push (node:internal/streams/readable:394:5)
      "code": "EAUTH",
      "response": "535-5.7.8 Username and Password not accepted. For more information, go to\n535 5.7.8  https://support.google.com/mail/?p=BadCredentials 5a478bee46e88-3385c056e13sm724389eec.29 - gsmtp",
      "responseCode": 535,
      "command": "AUTH PLAIN"
    }
[10:59:02.820] [31mERROR[39m (25820): [36mFailed to send missing EOD leadership email[39m
    [35memployeeId[39m: 28
    [35mto[39m: [
      "soubhgya@arraafiinfotech.com",
      "Thaseena.Khanum@arraafiinfotech.com",
      "aap@arraafiinfotech.com",
      "waseem@gmail.com"
    ]
    err: {
      "type": "Error",
      "message": "Invalid login: 535-5.7.8 Username and Password not accepted. For more information, go to\n535 5.7.8  https://support.google.com/mail/?p=BadCredentials 5a478bee46e88-3339b608409sm28070283eec.21 - gsmtp",
      "stack":
          Error: Invalid login: 535-5.7.8 Username and Password not accepted. For more information, go to
          535 5.7.8  https://support.google.com/mail/?p=BadCredentials 5a478bee46e88-3339b608409sm28070283eec.21 - gsmtp
              at SMTPConnection._formatError (C:\Users\Shiny\Company-Eod-Site\Company-Eod-Site\node_modules\.pnpm\nodemailer@8.0.10\node_modules\nodemailer\lib\smtp-connection\index.js:905:19)
              at SMTPConnection._actionAUTHComplete (C:\Users\Shiny\Company-Eod-Site\Company-Eod-Site\node_modules\.pnpm\nodemailer@8.0.10\node_modules\nodemailer\lib\smtp-connection\index.js:1726:34)
              at SMTPConnection.<anonymous> (C:\Users\Shiny\Company-Eod-Site\Company-Eod-Site\node_modules\.pnpm\nodemailer@8.0.10\node_modules\nodemailer\lib\smtp-connection\index.js:644:26)
              at SMTPConnection._processResponse (C:\Users\Shiny\Company-Eod-Site\Company-Eod-Site\node_modules\.pnpm\nodemailer@8.0.10\node_modules\nodemailer\lib\smtp-connection\index.js:1099:20)
              at SMTPConnection._onData (C:\Users\Shiny\Company-Eod-Site\Company-Eod-Site\node_modules\.pnpm\nodemailer@8.0.10\node_modules\nodemailer\lib\smtp-connection\index.js:865:14)
              at SMTPConnection._onSocketData (C:\Users\Shiny\Company-Eod-Site\Company-Eod-Site\node_modules\.pnpm\nodemailer@8.0.10\node_modules\nodemailer\lib\smtp-connection\index.js:224:44)
              at TLSSocket.emit (node:events:508:28)
              at addChunk (node:internal/streams/readable:563:12)
              at readableAddChunkPushByteMode (node:internal/streams/readable:514:3)
              at Readable.push (node:internal/streams/readable:394:5)
      "code": "EAUTH",
      "response": "535-5.7.8 Username and Password not accepted. For more information, go to\n535 5.7.8  https://support.google.com/mail/?p=BadCredentials 5a478bee46e88-3339b608409sm28070283eec.21 - gsmtp",
      "responseCode": 535,
      "command": "AUTH PLAIN"
    }
[10:59:03.995] [32mINFO[39m (25820): [36mrequest completed[39m
    [35mreq[39m: {
      "id": 9,
      "method": "OPTIONS",
      "url": "/api/notifications"
    }
    [35mres[39m: {
      "statusCode": 204
    }
    [35mresponseTime[39m: 0
[10:59:03.998] [32mINFO[39m (25820): [36mrequest completed[39m
    [35mreq[39m: {
      "id": 10,
      "method": "GET",
      "url": "/api/notifications"
    }
    [35mres[39m: {
      "statusCode": 401
    }
    [35mresponseTime[39m: 1
[10:59:04.490] [31mERROR[39m (25820): [36mFailed to send missing EOD leadership email[39m
    [35memployeeId[39m: 14
    [35mto[39m: [
      "amitha@arraafiinfotech.com",
      "Thaseena.Khanum@arraafiinfotech.com",
      "aap@arraafiinfotech.com",
      "waseem@gmail.com"
    ]
    err: {
      "type": "Error",
      "message": "Invalid login: 535-5.7.8 Username and Password not accepted. For more information, go to\n535 5.7.8  https://support.google.com/mail/?p=BadCredentials 5a478bee46e88-3339aa33e96sm24124735eec.12 - gsmtp",
      "stack":
          Error: Invalid login: 535-5.7.8 Username and Password not accepted. For more information, go to
          535 5.7.8  https://support.google.com/mail/?p=BadCredentials 5a478bee46e88-3339aa33e96sm24124735eec.12 - gsmtp
              at SMTPConnection._formatError (C:\Users\Shiny\Company-Eod-Site\Company-Eod-Site\node_modules\.pnpm\nodemailer@8.0.10\node_modules\nodemailer\lib\smtp-connection\index.js:905:19)
              at SMTPConnection._actionAUTHComplete (C:\Users\Shiny\Company-Eod-Site\Company-Eod-Site\node_modules\.pnpm\nodemailer@8.0.10\node_modules\nodemailer\lib\smtp-connection\index.js:1726:34)
              at SMTPConnection.<anonymous> (C:\Users\Shiny\Company-Eod-Site\Company-Eod-Site\node_modules\.pnpm\nodemailer@8.0.10\node_modules\nodemailer\lib\smtp-connection\index.js:644:26)
              at SMTPConnection._processResponse (C:\Users\Shiny\Company-Eod-Site\Company-Eod-Site\node_modules\.pnpm\nodemailer@8.0.10\node_modules\nodemailer\lib\smtp-connection\index.js:1099:20)
              at SMTPConnection._onData (C:\Users\Shiny\Company-Eod-Site\Company-Eod-Site\node_modules\.pnpm\nodemailer@8.0.10\node_modules\nodemailer\lib\smtp-connection\index.js:865:14)
              at SMTPConnection._onSocketData (C:\Users\Shiny\Company-Eod-Site\Company-Eod-Site\node_modules\.pnpm\nodemailer@8.0.10\node_modules\nodemailer\lib\smtp-connection\index.js:224:44)
              at TLSSocket.emit (node:events:508:28)
              at addChunk (node:internal/streams/readable:563:12)
              at readableAddChunkPushByteMode (node:internal/streams/readable:514:3)
              at Readable.push (node:internal/streams/readable:394:5)
      "code": "EAUTH",
      "response": "535-5.7.8 Username and Password not accepted. For more information, go to\n535 5.7.8  https://support.google.com/mail/?p=BadCredentials 5a478bee46e88-3339aa33e96sm24124735eec.12 - gsmtp",
      "responseCode": 535,
      "command": "AUTH PLAIN"
    }
[10:59:07.175] [31mERROR[39m (25820): [36mFailed to send missing EOD leadership email[39m
    [35memployeeId[39m: 17
    [35mto[39m: [
      "Thaseena.Khanum@arraafiinfotech.com",
      "aap@arraafiinfotech.com",
      "waseem@gmail.com",
      "javed@arraafiinfotech.com"
    ]
    err: {
      "type": "Error",
      "message": "Invalid login: 535-5.7.8 Username and Password not accepted. For more information, go to\n535 5.7.8  https://support.google.com/mail/?p=BadCredentials a92af1059eb24-1432424d27asm31930455c88.2 - gsmtp",
      "stack":
          Error: Invalid login: 535-5.7.8 Username and Password not accepted. For more information, go to
          535 5.7.8  https://support.google.com/mail/?p=BadCredentials a92af1059eb24-1432424d27asm31930455c88.2 - gsmtp
              at SMTPConnection._formatError (C:\Users\Shiny\Company-Eod-Site\Company-Eod-Site\node_modules\.pnpm\nodemailer@8.0.10\node_modules\nodemailer\lib\smtp-connection\index.js:905:19)
              at SMTPConnection._actionAUTHComplete (C:\Users\Shiny\Company-Eod-Site\Company-Eod-Site\node_modules\.pnpm\nodemailer@8.0.10\node_modules\nodemailer\lib\smtp-connection\index.js:1726:34)
              at SMTPConnection.<anonymous> (C:\Users\Shiny\Company-Eod-Site\Company-Eod-Site\node_modules\.pnpm\nodemailer@8.0.10\node_modules\nodemailer\lib\smtp-connection\index.js:644:26)
              at SMTPConnection._processResponse (C:\Users\Shiny\Company-Eod-Site\Company-Eod-Site\node_modules\.pnpm\nodemailer@8.0.10\node_modules\nodemailer\lib\smtp-connection\index.js:1099:20)
              at SMTPConnection._onData (C:\Users\Shiny\Company-Eod-Site\Company-Eod-Site\node_modules\.pnpm\nodemailer@8.0.10\node_modules\nodemailer\lib\smtp-connection\index.js:865:14)
              at SMTPConnection._onSocketData (C:\Users\Shiny\Company-Eod-Site\Company-Eod-Site\node_modules\.pnpm\nodemailer@8.0.10\node_modules\nodemailer\lib\smtp-connection\index.js:224:44)
              at TLSSocket.emit (node:events:508:28)
              at addChunk (node:internal/streams/readable:563:12)
              at readableAddChunkPushByteMode (node:internal/streams/readable:514:3)
              at Readable.push (node:internal/streams/readable:394:5)
      "code": "EAUTH",
      "response": "535-5.7.8 Username and Password not accepted. For more information, go to\n535 5.7.8  https://support.google.com/mail/?p=BadCredentials a92af1059eb24-1432424d27asm31930455c88.2 - gsmtp",
      "responseCode": 535,
      "command": "AUTH PLAIN"
    }
[10:59:08.821] [31mERROR[39m (25820): [36mFailed to send missing EOD leadership email[39m
    [35memployeeId[39m: 19
    [35mto[39m: [
      "Thaseena.Khanum@arraafiinfotech.com",
      "aap@arraafiinfotech.com",
      "waseem@gmail.com",
      "javed@arraafiinfotech.com"
    ]
    err: {
      "type": "Error",
      "message": "Invalid login: 535-5.7.8 Username and Password not accepted. For more information, go to\n535 5.7.8  https://support.google.com/mail/?p=BadCredentials 5a478bee46e88-3381de3cfdbsm1813809eec.31 - gsmtp",
      "stack":
          Error: Invalid login: 535-5.7.8 Username and Password not accepted. For more information, go to
          535 5.7.8  https://support.google.com/mail/?p=BadCredentials 5a478bee46e88-3381de3cfdbsm1813809eec.31 - gsmtp
              at SMTPConnection._formatError (C:\Users\Shiny\Company-Eod-Site\Company-Eod-Site\node_modules\.pnpm\nodemailer@8.0.10\node_modules\nodemailer\lib\smtp-connection\index.js:905:19)
              at SMTPConnection._actionAUTHComplete (C:\Users\Shiny\Company-Eod-Site\Company-Eod-Site\node_modules\.pnpm\nodemailer@8.0.10\node_modules\nodemailer\lib\smtp-connection\index.js:1726:34)
              at SMTPConnection.<anonymous> (C:\Users\Shiny\Company-Eod-Site\Company-Eod-Site\node_modules\.pnpm\nodemailer@8.0.10\node_modules\nodemailer\lib\smtp-connection\index.js:644:26)
              at SMTPConnection._processResponse (C:\Users\Shiny\Company-Eod-Site\Company-Eod-Site\node_modules\.pnpm\nodemailer@8.0.10\node_modules\nodemailer\lib\smtp-connection\index.js:1099:20)
              at SMTPConnection._onData (C:\Users\Shiny\Company-Eod-Site\Company-Eod-Site\node_modules\.pnpm\nodemailer@8.0.10\node_modules\nodemailer\lib\smtp-connection\index.js:865:14)
              at SMTPConnection._onSocketData (C:\Users\Shiny\Company-Eod-Site\Company-Eod-Site\node_modules\.pnpm\nodemailer@8.0.10\node_modules\nodemailer\lib\smtp-connection\index.js:224:44)
              at TLSSocket.emit (node:events:508:28)
              at addChunk (node:internal/streams/readable:563:12)
              at readableAddChunkPushByteMode (node:internal/streams/readable:514:3)
              at Readable.push (node:internal/streams/readable:394:5)
      "code": "EAUTH",
      "response": "535-5.7.8 Username and Password not accepted. For more information, go to\n535 5.7.8  https://support.google.com/mail/?p=BadCredentials 5a478bee46e88-3381de3cfdbsm1813809eec.31 - gsmtp",
      "responseCode": 535,
      "command": "AUTH PLAIN"
    }
[10:59:10.303] [31mERROR[39m (25820): [36mFailed to send missing EOD leadership email[39m
    [35memployeeId[39m: 20
    [35mto[39m: [
      "Thaseena.Khanum@arraafiinfotech.com",
      "aap@arraafiinfotech.com",
      "waseem@gmail.com",
      "javed@arraafiinfotech.com"
    ]
    err: {
      "type": "Error",
      "message": "Invalid login: 535-5.7.8 Username and Password not accepted. For more information, go to\n535 5.7.8  https://support.google.com/mail/?p=BadCredentials 5a478bee46e88-3339b608409sm28071405eec.21 - gsmtp",
      "stack":
          Error: Invalid login: 535-5.7.8 Username and Password not accepted. For more information, go to
          535 5.7.8  https://support.google.com/mail/?p=BadCredentials 5a478bee46e88-3339b608409sm28071405eec.21 - gsmtp
              at SMTPConnection._formatError (C:\Users\Shiny\Company-Eod-Site\Company-Eod-Site\node_modules\.pnpm\nodemailer@8.0.10\node_modules\nodemailer\lib\smtp-connection\index.js:905:19)
              at SMTPConnection._actionAUTHComplete (C:\Users\Shiny\Company-Eod-Site\Company-Eod-Site\node_modules\.pnpm\nodemailer@8.0.10\node_modules\nodemailer\lib\smtp-connection\index.js:1726:34)
              at SMTPConnection.<anonymous> (C:\Users\Shiny\Company-Eod-Site\Company-Eod-Site\node_modules\.pnpm\nodemailer@8.0.10\node_modules\nodemailer\lib\smtp-connection\index.js:644:26)
              at SMTPConnection._processResponse (C:\Users\Shiny\Company-Eod-Site\Company-Eod-Site\node_modules\.pnpm\nodemailer@8.0.10\node_modules\nodemailer\lib\smtp-connection\index.js:1099:20)
              at SMTPConnection._onData (C:\Users\Shiny\Company-Eod-Site\Company-Eod-Site\node_modules\.pnpm\nodemailer@8.0.10\node_modules\nodemailer\lib\smtp-connection\index.js:865:14)
              at SMTPConnection._onSocketData (C:\Users\Shiny\Company-Eod-Site\Company-Eod-Site\node_modules\.pnpm\nodemailer@8.0.10\node_modules\nodemailer\lib\smtp-connection\index.js:224:44)
              at TLSSocket.emit (node:events:508:28)
              at addChunk (node:internal/streams/readable:563:12)
              at readableAddChunkPushByteMode (node:internal/streams/readable:514:3)
              at Readable.push (node:internal/streams/readable:394:5)
      "code": "EAUTH",
      "response": "535-5.7.8 Username and Password not accepted. For more information, go to\n535 5.7.8  https://support.google.com/mail/?p=BadCredentials 5a478bee46e88-3339b608409sm28071405eec.21 - gsmtp",
      "responseCode": 535,
      "command": "AUTH PLAIN"
    }
[10:59:11.865] [31mERROR[39m (25820): [36mFailed to send missing EOD leadership email[39m
    [35memployeeId[39m: 26
    [35mto[39m: [
      "Thaseena.Khanum@arraafiinfotech.com",
      "aap@arraafiinfotech.com",
      "waseem@gmail.com",
      "rajshekar@arraafiinfotech.com"
    ]
    err: {
      "type": "Error",
      "message": "Invalid login: 535-5.7.8 Username and Password not accepted. For more information, go to\n535 5.7.8  https://support.google.com/mail/?p=BadCredentials 5a478bee46e88-3385c056e13sm725880eec.29 - gsmtp",
      "stack":
          Error: Invalid login: 535-5.7.8 Username and Password not accepted. For more information, go to
          535 5.7.8  https://support.google.com/mail/?p=BadCredentials 5a478bee46e88-3385c056e13sm725880eec.29 - gsmtp
              at SMTPConnection._formatError (C:\Users\Shiny\Company-Eod-Site\Company-Eod-Site\node_modules\.pnpm\nodemailer@8.0.10\node_modules\nodemailer\lib\smtp-connection\index.js:905:19)
              at SMTPConnection._actionAUTHComplete (C:\Users\Shiny\Company-Eod-Site\Company-Eod-Site\node_modules\.pnpm\nodemailer@8.0.10\node_modules\nodemailer\lib\smtp-connection\index.js:1726:34)
              at SMTPConnection.<anonymous> (C:\Users\Shiny\Company-Eod-Site\Company-Eod-Site\node_modules\.pnpm\nodemailer@8.0.10\node_modules\nodemailer\lib\smtp-connection\index.js:644:26)
              at SMTPConnection._processResponse (C:\Users\Shiny\Company-Eod-Site\Company-Eod-Site\node_modules\.pnpm\nodemailer@8.0.10\node_modules\nodemailer\lib\smtp-connection\index.js:1099:20)
              at SMTPConnection._onData (C:\Users\Shiny\Company-Eod-Site\Company-Eod-Site\node_modules\.pnpm\nodemailer@8.0.10\node_modules\nodemailer\lib\smtp-connection\index.js:865:14)
              at SMTPConnection._onSocketData (C:\Users\Shiny\Company-Eod-Site\Company-Eod-Site\node_modules\.pnpm\nodemailer@8.0.10\node_modules\nodemailer\lib\smtp-connection\index.js:224:44)
              at TLSSocket.emit (node:events:508:28)
              at addChunk (node:internal/streams/readable:563:12)
              at readableAddChunkPushByteMode (node:internal/streams/readable:514:3)
              at Readable.push (node:internal/streams/readable:394:5)
      "code": "EAUTH",
      "response": "535-5.7.8 Username and Password not accepted. For more information, go to\n535 5.7.8  https://support.google.com/mail/?p=BadCredentials 5a478bee46e88-3385c056e13sm725880eec.29 - gsmtp",
      "responseCode": 535,
      "command": "AUTH PLAIN"
    }
[10:59:13.528] [31mERROR[39m (25820): [36mFailed to send missing EOD leadership email[39m
    [35memployeeId[39m: 31
    [35mto[39m: [
      "Thaseena.Khanum@arraafiinfotech.com",
      "aap@arraafiinfotech.com",
      "waseem@gmail.com",
      "rajshekar@arraafiinfotech.com"
    ]
    err: {
      "type": "Error",
      "message": "Invalid login: 535-5.7.8 Username and Password not accepted. For more information, go to\n535 5.7.8  https://support.google.com/mail/?p=BadCredentials 5a478bee46e88-3342af0bc08sm23108852eec.17 - gsmtp",
      "stack":
          Error: Invalid login: 535-5.7.8 Username and Password not accepted. For more information, go to
          535 5.7.8  https://support.google.com/mail/?p=BadCredentials 5a478bee46e88-3342af0bc08sm23108852eec.17 - gsmtp
              at SMTPConnection._formatError (C:\Users\Shiny\Company-Eod-Site\Company-Eod-Site\node_modules\.pnpm\nodemailer@8.0.10\node_modules\nodemailer\lib\smtp-connection\index.js:905:19)
              at SMTPConnection._actionAUTHComplete (C:\Users\Shiny\Company-Eod-Site\Company-Eod-Site\node_modules\.pnpm\nodemailer@8.0.10\node_modules\nodemailer\lib\smtp-connection\index.js:1726:34)
              at SMTPConnection.<anonymous> (C:\Users\Shiny\Company-Eod-Site\Company-Eod-Site\node_modules\.pnpm\nodemailer@8.0.10\node_modules\nodemailer\lib\smtp-connection\index.js:644:26)
              at SMTPConnection._processResponse (C:\Users\Shiny\Company-Eod-Site\Company-Eod-Site\node_modules\.pnpm\nodemailer@8.0.10\node_modules\nodemailer\lib\smtp-connection\index.js:1099:20)
              at SMTPConnection._onData (C:\Users\Shiny\Company-Eod-Site\Company-Eod-Site\node_modules\.pnpm\nodemailer@8.0.10\node_modules\nodemailer\lib\smtp-connection\index.js:865:14)
              at SMTPConnection._onSocketData (C:\Users\Shiny\Company-Eod-Site\Company-Eod-Site\node_modules\.pnpm\nodemailer@8.0.10\node_modules\nodemailer\lib\smtp-connection\index.js:224:44)
              at TLSSocket.emit (node:events:508:28)
              at addChunk (node:internal/streams/readable:563:12)
              at readableAddChunkPushByteMode (node:internal/streams/readable:514:3)
              at Readable.push (node:internal/streams/readable:394:5)
      "code": "EAUTH",
      "response": "535-5.7.8 Username and Password not accepted. For more information, go to\n535 5.7.8  https://support.google.com/mail/?p=BadCredentials 5a478bee46e88-3342af0bc08sm23108852eec.17 - gsmtp",
      "responseCode": 535,
      "command": "AUTH PLAIN"
    }
[10:59:15.076] [31mERROR[39m (25820): [36mFailed to send missing EOD leadership email[39m
    [35memployeeId[39m: 32
    [35mto[39m: [
      "amitha@arraafiinfotech.com",
      "Thaseena.Khanum@arraafiinfotech.com",
      "aap@arraafiinfotech.com",
      "waseem@gmail.com"
    ]
    err: {
      "type": "Error",
      "message": "Invalid login: 535-5.7.8 Username and Password not accepted. For more information, go to\n535 5.7.8  https://support.google.com/mail/?p=BadCredentials 5a478bee46e88-3339885ca07sm27770417eec.1 - gsmtp",
      "stack":
          Error: Invalid login: 535-5.7.8 Username and Password not accepted. For more information, go to
          535 5.7.8  https://support.google.com/mail/?p=BadCredentials 5a478bee46e88-3339885ca07sm27770417eec.1 - gsmtp
              at SMTPConnection._formatError (C:\Users\Shiny\Company-Eod-Site\Company-Eod-Site\node_modules\.pnpm\nodemailer@8.0.10\node_modules\nodemailer\lib\smtp-connection\index.js:905:19)
              at SMTPConnection._actionAUTHComplete (C:\Users\Shiny\Company-Eod-Site\Company-Eod-Site\node_modules\.pnpm\nodemailer@8.0.10\node_modules\nodemailer\lib\smtp-connection\index.js:1726:34)
              at SMTPConnection.<anonymous> (C:\Users\Shiny\Company-Eod-Site\Company-Eod-Site\node_modules\.pnpm\nodemailer@8.0.10\node_modules\nodemailer\lib\smtp-connection\index.js:644:26)
              at SMTPConnection._processResponse (C:\Users\Shiny\Company-Eod-Site\Company-Eod-Site\node_modules\.pnpm\nodemailer@8.0.10\node_modules\nodemailer\lib\smtp-connection\index.js:1099:20)
              at SMTPConnection._onData (C:\Users\Shiny\Company-Eod-Site\Company-Eod-Site\node_modules\.pnpm\nodemailer@8.0.10\node_modules\nodemailer\lib\smtp-connection\index.js:865:14)
              at SMTPConnection._onSocketData (C:\Users\Shiny\Company-Eod-Site\Company-Eod-Site\node_modules\.pnpm\nodemailer@8.0.10\node_modules\nodemailer\lib\smtp-connection\index.js:224:44)
              at TLSSocket.emit (node:events:508:28)
              at addChunk (node:internal/streams/readable:563:12)
              at readableAddChunkPushByteMode (node:internal/streams/readable:514:3)
              at Readable.push (node:internal/streams/readable:394:5)
      "code": "EAUTH",
      "response": "535-5.7.8 Username and Password not accepted. For more information, go to\n535 5.7.8  https://support.google.com/mail/?p=BadCredentials 5a478bee46e88-3339885ca07sm27770417eec.1 - gsmtp",
      "responseCode": 535,
      "command": "AUTH PLAIN"
    }
[10:59:16.645] [31mERROR[39m (25820): [36mFailed to send missing EOD leadership email[39m
    [35memployeeId[39m: 33
    [35mto[39m: [
      "amitha@arraafiinfotech.com",
      "Thaseena.Khanum@arraafiinfotech.com",
      "aap@arraafiinfotech.com",
      "waseem@gmail.com"
    ]
    err: {
      "type": "Error",
      "message": "Invalid login: 535-5.7.8 Username and Password not accepted. For more information, go to\n535 5.7.8  https://support.google.com/mail/?p=BadCredentials a92af1059eb24-1432424d27asm31932206c88.2 - gsmtp",
      "stack":
          Error: Invalid login: 535-5.7.8 Username and Password not accepted. For more information, go to
          535 5.7.8  https://support.google.com/mail/?p=BadCredentials a92af1059eb24-1432424d27asm31932206c88.2 - gsmtp
              at SMTPConnection._formatError (C:\Users\Shiny\Company-Eod-Site\Company-Eod-Site\node_modules\.pnpm\nodemailer@8.0.10\node_modules\nodemailer\lib\smtp-connection\index.js:905:19)
              at SMTPConnection._actionAUTHComplete (C:\Users\Shiny\Company-Eod-Site\Company-Eod-Site\node_modules\.pnpm\nodemailer@8.0.10\node_modules\nodemailer\lib\smtp-connection\index.js:1726:34)
              at SMTPConnection.<anonymous> (C:\Users\Shiny\Company-Eod-Site\Company-Eod-Site\node_modules\.pnpm\nodemailer@8.0.10\node_modules\nodemailer\lib\smtp-connection\index.js:644:26)
              at SMTPConnection._processResponse (C:\Users\Shiny\Company-Eod-Site\Company-Eod-Site\node_modules\.pnpm\nodemailer@8.0.10\node_modules\nodemailer\lib\smtp-connection\index.js:1099:20)
              at SMTPConnection._onData (C:\Users\Shiny\Company-Eod-Site\Company-Eod-Site\node_modules\.pnpm\nodemailer@8.0.10\node_modules\nodemailer\lib\smtp-connection\index.js:865:14)
              at SMTPConnection._onSocketData (C:\Users\Shiny\Company-Eod-Site\Company-Eod-Site\node_modules\.pnpm\nodemailer@8.0.10\node_modules\nodemailer\lib\smtp-connection\index.js:224:44)
              at TLSSocket.emit (node:events:508:28)
              at addChunk (node:internal/streams/readable:563:12)
              at readableAddChunkPushByteMode (node:internal/streams/readable:514:3)
              at Readable.push (node:internal/streams/readable:394:5)
      "code": "EAUTH",
      "response": "535-5.7.8 Username and Password not accepted. For more information, go to\n535 5.7.8  https://support.google.com/mail/?p=BadCredentials a92af1059eb24-1432424d27asm31932206c88.2 - gsmtp",
      "responseCode": 535,
      "command": "AUTH PLAIN"
    }
[10:59:16.664] [32mINFO[39m (25820): [36mBackfilled yesterday's missing EOD notifications[39m
    [35mpending[39m: 23
    [35mcreated[39m: 115
    [35memailsSent[39m: 0
[10:59:27.992] [32mINFO[39m (25820): [36mrequest completed[39m
    [35mreq[39m: {
      "id": 11,
      "method": "OPTIONS",
      "url": "/api/notifications"
    }
    [35mres[39m: {
      "statusCode": 204
    }
    [35mresponseTime[39m: 0
[10:59:27.995] [32mINFO[39m (25820): [36mrequest completed[39m
    [35mreq[39m: {
      "id": 12,
      "method": "GET",
      "url": "/api/notifications"
    }
    [35mres[39m: {
      "statusCode": 401
    }
    [35mresponseTime[39m: 1
[10:59:34.001] [32mINFO[39m (25820): [36mrequest completed[39m
    [35mreq[39m: {
      "id": 13,
      "method": "OPTIONS",
      "url": "/api/notifications"
    }
    [35mres[39m: {
      "statusCode": 204
    }
    [35mresponseTime[39m: 0
[10:59:34.006] [32mINFO[39m (25820): [36mrequest completed[39m
    [35mreq[39m: {
      "id": 14,
      "method": "GET",
      "url": "/api/notifications"
    }
    [35mres[39m: {
      "statusCode": 401
    }
    [35mresponseTime[39m: 1
[10:59:43.992] [32mINFO[39m (25820): [36mrequest completed[39m
    [35mreq[39m: {
      "id": 15,
      "method": "OPTIONS",
      "url": "/api/notifications"
    }
    [35mres[39m: {
      "statusCode": 204
    }
    [35mresponseTime[39m: 0
[10:59:43.995] [32mINFO[39m (25820): [36mrequest completed[39m
    [35mreq[39m: {
      "id": 16,
      "method": "GET",
      "url": "/api/notifications"
    }
    [35mres[39m: {
      "statusCode": 401
    }
    [35mresponseTime[39m: 1
[10:59:50.838] [32mINFO[39m (25820): [36mrequest completed[39m
    [35mreq[39m: {
      "id": 17,
      "method": "OPTIONS",
      "url": "/api/tasks"
    }
    [35mres[39m: {
      "statusCode": 204
    }
    [35mresponseTime[39m: 1
[10:59:50.839] [32mINFO[39m (25820): [36mrequest completed[39m
    [35mreq[39m: {
      "id": 18,
      "method": "OPTIONS",
      "url": "/api/dashboard/task-ageing"
    }
    [35mres[39m: {
      "statusCode": 204
    }
    [35mresponseTime[39m: 1
[10:59:50.866] [32mINFO[39m (25820): [36mrequest completed[39m
    [35mreq[39m: {
      "id": 21,
      "method": "OPTIONS",
      "url": "/api/dashboard/team-summary"
    }
    [35mres[39m: {
      "statusCode": 204
    }
    [35mresponseTime[39m: 1
[10:59:50.867] [32mINFO[39m (25820): [36mrequest completed[39m
    [35mreq[39m: {
      "id": 22,
      "method": "OPTIONS",
      "url": "/api/teams"
    }
    [35mres[39m: {
      "statusCode": 204
    }
    [35mresponseTime[39m: 0
[10:59:50.869] [32mINFO[39m (25820): [36mrequest completed[39m
    [35mreq[39m: {
      "id": 23,
      "method": "OPTIONS",
      "url": "/api/tasks/status-summary"
    }
    [35mres[39m: {
      "statusCode": 204
    }
    [35mresponseTime[39m: 1
[10:59:50.981] [32mINFO[39m (25820): [36mrequest completed[39m
    [35mreq[39m: {
      "id": 25,
      "method": "GET",
      "url": "/api/tasks/status-summary"
    }
    [35mres[39m: {
      "statusCode": 200
    }
    [35mresponseTime[39m: 107
[10:59:50.996] [32mINFO[39m (25820): [36mrequest completed[39m
    [35mreq[39m: {
      "id": 20,
      "method": "GET",
      "url": "/api/dashboard/task-ageing"
    }
    [35mres[39m: {
      "statusCode": 304
    }
    [35mresponseTime[39m: 148
[10:59:51.031] [32mINFO[39m (25820): [36mrequest completed[39m
    [35mreq[39m: {
      "id": 26,
      "method": "GET",
      "url": "/api/dashboard/team-summary"
    }
    [35mres[39m: {
      "statusCode": 304
    }
    [35mresponseTime[39m: 155
[10:59:51.069] [32mINFO[39m (25820): [36mrequest completed[39m
    [35mreq[39m: {
      "id": 19,
      "method": "GET",
      "url": "/api/tasks"
    }
    [35mres[39m: {
      "statusCode": 304
    }
    [35mresponseTime[39m: 226
[10:59:51.127] [32mINFO[39m (25820): [36mrequest completed[39m
    [35mreq[39m: {
      "id": 24,
      "method": "GET",
      "url": "/api/teams"
    }
    [35mres[39m: {
      "statusCode": 304
    }
    [35mresponseTime[39m: 254
[10:59:54.680] [32mINFO[39m (25820): [36mrequest completed[39m
    [35mreq[39m: {
      "id": 27,
      "method": "OPTIONS",
      "url": "/api/users"
    }
    [35mres[39m: {
      "statusCode": 204
    }
    [35mresponseTime[39m: 0
[10:59:54.694] [32mINFO[39m (25820): [36mrequest completed[39m
    [35mreq[39m: {
      "id": 28,
      "method": "GET",
      "url": "/api/users"
    }
    [35mres[39m: {
      "statusCode": 304
    }
    [35mresponseTime[39m: 11
[10:59:54.704] [32mINFO[39m (25820): [36mrequest completed[39m
    [35mreq[39m: {
      "id": 29,
      "method": "OPTIONS",
      "url": "/api/eod"
    }
    [35mres[39m: {
      "statusCode": 204
    }
    [35mresponseTime[39m: 1
[10:59:54.704] [32mINFO[39m (25820): [36mrequest completed[39m
    [35mreq[39m: {
      "id": 30,
      "method": "OPTIONS",
      "url": "/api/eod"
    }
    [35mres[39m: {
      "statusCode": 204
    }
    [35mresponseTime[39m: 0
[10:59:54.715] [32mINFO[39m (25820): [36mrequest completed[39m
    [35mreq[39m: {
      "id": 31,
      "method": "GET",
      "url": "/api/eod"
    }
    [35mres[39m: {
      "statusCode": 304
    }
    [35mresponseTime[39m: 7
[10:59:54.720] [32mINFO[39m (25820): [36mrequest completed[39m
    [35mreq[39m: {
      "id": 32,
      "method": "GET",
      "url": "/api/eod"
    }
    [35mres[39m: {
      "statusCode": 304
    }
    [35mresponseTime[39m: 10
[10:59:57.598] [32mINFO[39m (25820): [36mrequest completed[39m
    [35mreq[39m: {
      "id": 33,
      "method": "OPTIONS",
      "url": "/api/notifications"
    }
    [35mres[39m: {
      "statusCode": 204
    }
    [35mresponseTime[39m: 1
[10:59:57.605] [32mINFO[39m (25820): [36mrequest completed[39m
    [35mreq[39m: {
      "id": 34,
      "method": "GET",
      "url": "/api/notifications"
    }
    [35mres[39m: {
      "statusCode": 401
    }
    [35mresponseTime[39m: 1
[10:59:57.997] [32mINFO[39m (25820): [36mrequest completed[39m
    [35mreq[39m: {
      "id": 35,
      "method": "GET",
      "url": "/api/notifications"
    }
    [35mres[39m: {
      "statusCode": 401
    }
    [35mresponseTime[39m: 1
[10:59:59.346] [32mINFO[39m (25820): [36mrequest completed[39m
    [35mreq[39m: {
      "id": 36,
      "method": "GET",
      "url": "/api/notifications"
    }
    [35mres[39m: {
      "statusCode": 401
    }
    [35mresponseTime[39m: 1
[10:59:59.370] [32mINFO[39m (25820): [36mrequest completed[39m
    [35mreq[39m: {
      "id": 37,
      "method": "OPTIONS",
      "url": "/api/teams"
    }
    [35mres[39m: {
      "statusCode": 204
    }
    [35mresponseTime[39m: 0
[10:59:59.371] [32mINFO[39m (25820): [36mrequest completed[39m
    [35mreq[39m: {
      "id": 38,
      "method": "OPTIONS",
      "url": "/api/eod/pending"
    }
    [35mres[39m: {
      "statusCode": 204
    }
    [35mresponseTime[39m: 1
[10:59:59.386] [32mINFO[39m (25820): [36mrequest completed[39m
    [35mreq[39m: {
      "id": 39,
      "method": "GET",
      "url": "/api/teams"
    }
    [35mres[39m: {
      "statusCode": 304
    }
    [35mresponseTime[39m: 14
[10:59:59.428] [32mINFO[39m (25820): [36mrequest completed[39m
    [35mreq[39m: {
      "id": 40,
      "method": "GET",
      "url": "/api/eod/pending"
    }
    [35mres[39m: {
      "statusCode": 304
    }
    [35mresponseTime[39m: 44
[11:00:06.938] [32mINFO[39m (25820): [36mrequest completed[39m
    [35mreq[39m: {
      "id": 41,
      "method": "OPTIONS",
      "url": "/api/auth/me"
    }
    [35mres[39m: {
      "statusCode": 204
    }
    [35mresponseTime[39m: 0
[11:00:06.953] [32mINFO[39m (25820): [36mrequest completed[39m
    [35mreq[39m: {
      "id": 42,
      "method": "GET",
      "url": "/api/auth/me"
    }
    [35mres[39m: {
      "statusCode": 401
    }
    [35mresponseTime[39m: 0
[11:00:19.650] [32mINFO[39m (25820): [36mrequest completed[39m
    [35mreq[39m: {
      "id": 43,
      "method": "OPTIONS",
      "url": "/api/auth/login"
    }
    [35mres[39m: {
      "statusCode": 204
    }
    [35mresponseTime[39m: 0
[11:00:19.710] [32mINFO[39m (25820): [36mrequest completed[39m
    [35mreq[39m: {
      "id": 44,
      "method": "POST",
      "url": "/api/auth/login"
    }
    [35mres[39m: {
      "statusCode": 200
    }
    [35mresponseTime[39m: 58
[11:00:19.739] [32mINFO[39m (25820): [36mrequest completed[39m
    [35mreq[39m: {
      "id": 45,
      "method": "OPTIONS",
      "url": "/api/dashboard/task-ageing"
    }
    [35mres[39m: {
      "statusCode": 204
    }
    [35mresponseTime[39m: 0
[11:00:19.740] [32mINFO[39m (25820): [36mrequest completed[39m
    [35mreq[39m: {
      "id": 46,
      "method": "OPTIONS",
      "url": "/api/eod"
    }
    [35mres[39m: {
      "statusCode": 204
    }
    [35mresponseTime[39m: 0
[11:00:19.742] [32mINFO[39m (25820): [36mrequest completed[39m
    [35mreq[39m: {
      "id": 47,
      "method": "OPTIONS",
      "url": "/api/tasks"
    }
    [35mres[39m: {
      "statusCode": 204
    }
    [35mresponseTime[39m: 1
[11:00:19.743] [32mINFO[39m (25820): [36mrequest completed[39m
    [35mreq[39m: {
      "id": 48,
      "method": "OPTIONS",
      "url": "/api/notifications"
    }
    [35mres[39m: {
      "statusCode": 204
    }
    [35mresponseTime[39m: 1
[11:00:19.758] [32mINFO[39m (25820): [36mrequest completed[39m
    [35mreq[39m: {
      "id": 49,
      "method": "GET",
      "url": "/api/dashboard/task-ageing"
    }
    [35mres[39m: {
      "statusCode": 304
    }
    [35mresponseTime[39m: 13
[11:00:19.787] [32mINFO[39m (25820): [36mrequest completed[39m
    [35mreq[39m: {
      "id": 53,
      "method": "OPTIONS",
      "url": "/api/users"
    }
    [35mres[39m: {
      "statusCode": 204
    }
    [35mresponseTime[39m: 1
[11:00:19.788] [32mINFO[39m (25820): [36mrequest completed[39m
    [35mreq[39m: {
      "id": 54,
      "method": "OPTIONS",
      "url": "/api/eod"
    }
    [35mres[39m: {
      "statusCode": 204
    }
    [35mresponseTime[39m: 1
[11:00:19.789] [32mINFO[39m (25820): [36mrequest completed[39m
    [35mreq[39m: {
      "id": 55,
      "method": "OPTIONS",
      "url": "/api/daily-work"
    }
    [35mres[39m: {
      "statusCode": 204
    }
    [35mresponseTime[39m: 0
[11:00:19.791] [32mINFO[39m (25820): [36mrequest completed[39m
    [35mreq[39m: {
      "id": 56,
      "method": "OPTIONS",
      "url": "/api/tasks"
    }
    [35mres[39m: {
      "statusCode": 204
    }
    [35mresponseTime[39m: 1
[11:00:19.792] [32mINFO[39m (25820): [36mrequest completed[39m
    [35mreq[39m: {
      "id": 57,
      "method": "OPTIONS",
      "url": "/api/dashboard/stats"
    }
    [35mres[39m: {
      "statusCode": 204
    }
    [35mresponseTime[39m: 1
[11:00:19.793] [32mINFO[39m (25820): [36mrequest completed[39m
    [35mreq[39m: {
      "id": 58,
      "method": "OPTIONS",
      "url": "/api/dashboard/team-summary"
    }
    [35mres[39m: {
      "statusCode": 204
    }
    [35mresponseTime[39m: 1
[11:00:19.795] [32mINFO[39m (25820): [36mrequest completed[39m
    [35mreq[39m: {
      "id": 59,
      "method": "OPTIONS",
      "url": "/api/auth/me"
    }
    [35mres[39m: {
      "statusCode": 204
    }
    [35mresponseTime[39m: 1
[11:00:19.844] [32mINFO[39m (25820): [36mrequest completed[39m
    [35mreq[39m: {
      "id": 62,
      "method": "GET",
      "url": "/api/dashboard/stats"
    }
    [35mres[39m: {
      "statusCode": 200
    }
    [35mresponseTime[39m: 39
[11:00:19.856] [32mINFO[39m (25820): [36mrequest completed[39m
    [35mreq[39m: {
      "id": 51,
      "method": "GET",
      "url": "/api/tasks"
    }
    [35mres[39m: {
      "statusCode": 304
    }
    [35mresponseTime[39m: 107
[11:00:19.857] [32mINFO[39m (25820): [36mrequest completed[39m
    [35mreq[39m: {
      "id": 63,
      "method": "GET",
      "url": "/api/dashboard/team-summary"
    }
    [35mres[39m: {
      "statusCode": 304
    }
    [35mresponseTime[39m: 11
[11:00:19.858] [32mINFO[39m (25820): [36mrequest completed[39m
    [35mreq[39m: {
      "id": 50,
      "method": "GET",
      "url": "/api/eod"
    }
    [35mres[39m: {
      "statusCode": 304
    }
    [35mresponseTime[39m: 111
[11:00:19.869] [32mINFO[39m (25820): [36mrequest completed[39m
    [35mreq[39m: {
      "id": 64,
      "method": "GET",
      "url": "/api/auth/me"
    }
    [35mres[39m: {
      "statusCode": 200
    }
    [35mresponseTime[39m: 9
[11:00:19.878] [32mINFO[39m (25820): [36mrequest completed[39m
    [35mreq[39m: {
      "id": 65,
      "method": "GET",
      "url": "/api/users"
    }
    [35mres[39m: {
      "statusCode": 304
    }
    [35mresponseTime[39m: 17
[11:00:19.878] [32mINFO[39m (25820): [36mrequest completed[39m
    [35mreq[39m: {
      "id": 66,
      "method": "GET",
      "url": "/api/eod"
    }
    [35mres[39m: {
      "statusCode": 304
    }
    [35mresponseTime[39m: 11
[11:00:19.879] [32mINFO[39m (25820): [36mrequest completed[39m
    [35mreq[39m: {
      "id": 52,
      "method": "GET",
      "url": "/api/notifications"
    }
    [35mres[39m: {
      "statusCode": 200
    }
    [35mresponseTime[39m: 128
[11:00:19.898] [32mINFO[39m (25820): [36mrequest completed[39m
    [35mreq[39m: {
      "id": 61,
      "method": "GET",
      "url": "/api/daily-work"
    }
    [35mres[39m: {
      "statusCode": 304
    }
    [35mresponseTime[39m: 99
[11:00:19.995] [32mINFO[39m (25820): [36mrequest completed[39m
    [35mreq[39m: {
      "id": 60,
      "method": "GET",
      "url": "/api/tasks"
    }
    [35mres[39m: {
      "statusCode": 200
    }
    [35mresponseTime[39m: 197
[11:00:21.296] [32mINFO[39m (25820): [36mrequest completed[39m
    [35mreq[39m: {
      "id": 67,
      "method": "GET",
      "url": "/api/notifications"
    }
    [35mres[39m: {
      "statusCode": 304
    }
    [35mresponseTime[39m: 7
[11:00:21.303] [32mINFO[39m (25820): [36mrequest completed[39m
    [35mreq[39m: {
      "id": 68,
      "method": "OPTIONS",
      "url": "/api/teams"
    }
    [35mres[39m: {
      "statusCode": 204
    }
    [35mresponseTime[39m: 0
[11:00:21.304] [32mINFO[39m (25820): [36mrequest completed[39m
    [35mreq[39m: {
      "id": 69,
      "method": "OPTIONS",
      "url": "/api/eod/pending"
    }
    [35mres[39m: {
      "statusCode": 204
    }
    [35mresponseTime[39m: 0
[11:00:21.343] [32mINFO[39m (25820): [36mrequest completed[39m
    [35mreq[39m: {
      "id": 70,
      "method": "GET",
      "url": "/api/teams"
    }
    [35mres[39m: {
      "statusCode": 304
    }
    [35mresponseTime[39m: 37
[11:00:21.356] [32mINFO[39m (25820): [36mrequest completed[39m
    [35mreq[39m: {
      "id": 71,
      "method": "GET",
      "url": "/api/eod/pending"
    }
    [35mres[39m: {
      "statusCode": 304
    }
    [35mresponseTime[39m: 49
[11:00:50.010] [32mINFO[39m (25820): [36mrequest completed[39m
    [35mreq[39m: {
      "id": 72,
      "method": "OPTIONS",
      "url": "/api/notifications"
    }
    [35mres[39m: {
      "statusCode": 204
    }
    [35mresponseTime[39m: 1
[11:00:50.088] [32mINFO[39m (25820): [36mrequest completed[39m
    [35mreq[39m: {
      "id": 73,
      "method": "GET",
      "url": "/api/notifications"
    }
    [35mres[39m: {
      "statusCode": 304
    }
    [35mresponseTime[39m: 74
[11:01:19.989] [32mINFO[39m (25820): [36mrequest completed[39m
    [35mreq[39m: {
      "id": 74,
      "method": "OPTIONS",
      "url": "/api/notifications"
    }
    [35mres[39m: {
      "statusCode": 204
    }
    [35mresponseTime[39m: 0
[11:01:20.098] [32mINFO[39m (25820): [36mrequest completed[39m
    [35mreq[39m: {
      "id": 75,
      "method": "GET",
      "url": "/api/notifications"
    }
    [35mres[39m: {
      "statusCode": 304
    }
    [35mresponseTime[39m: 106
[11:01:49.992] [32mINFO[39m (25820): [36mrequest completed[39m
    [35mreq[39m: {
      "id": 76,
      "method": "OPTIONS",
      "url": "/api/notifications"
    }
    [35mres[39m: {
      "statusCode": 204
    }
    [35mresponseTime[39m: 1
[11:01:50.082] [32mINFO[39m (25820): [36mrequest completed[39m
    [35mreq[39m: {
      "id": 77,
      "method": "GET",
      "url": "/api/notifications"
    }
    [35mres[39m: {
      "statusCode": 304
    }
    [35mresponseTime[39m: 87
[11:02:20.001] [32mINFO[39m (25820): [36mrequest completed[39m
    [35mreq[39m: {
      "id": 78,
      "method": "OPTIONS",
      "url": "/api/notifications"
    }
    [35mres[39m: {
      "statusCode": 204
    }
    [35mresponseTime[39m: 0
[11:02:20.083] [32mINFO[39m (25820): [36mrequest completed[39m
    [35mreq[39m: {
      "id": 79,
      "method": "GET",
      "url": "/api/notifications"
    }
    [35mres[39m: {
      "statusCode": 304
    }
    [35mresponseTime[39m: 79
[11:02:49.996] [32mINFO[39m (25820): [36mrequest completed[39m
    [35mreq[39m: {
      "id": 80,
      "method": "OPTIONS",
      "url": "/api/notifications"
    }
    [35mres[39m: {
      "statusCode": 204
    }
    [35mresponseTime[39m: 0
[11:02:50.074] [32mINFO[39m (25820): [36mrequest completed[39m
    [35mreq[39m: {
      "id": 81,
      "method": "GET",
      "url": "/api/notifications"
    }
    [35mres[39m: {
      "statusCode": 304
    }
    [35mresponseTime[39m: 75
[11:03:19.753] [32mINFO[39m (25820): [36mrequest completed[39m
    [35mreq[39m: {
      "id": 82,
      "method": "OPTIONS",
      "url": "/api/notifications"
    }
    [35mres[39m: {
      "statusCode": 204
    }
    [35mresponseTime[39m: 0
[11:03:19.852] [32mINFO[39m (25820): [36mrequest completed[39m
    [35mreq[39m: {
      "id": 83,
      "method": "GET",
      "url": "/api/notifications"
    }
    [35mres[39m: {
      "statusCode": 304
    }
    [35mresponseTime[39m: 96
[11:03:49.998] [32mINFO[39m (25820): [36mrequest completed[39m
    [35mreq[39m: {
      "id": 84,
      "method": "OPTIONS",
      "url": "/api/notifications"
    }
    [35mres[39m: {
      "statusCode": 204
    }
    [35mresponseTime[39m: 1
[11:03:50.151] [32mINFO[39m (25820): [36mrequest completed[39m
    [35mreq[39m: {
      "id": 85,
      "method": "GET",
      "url": "/api/notifications"
    }
    [35mres[39m: {
      "statusCode": 304
    }
    [35mresponseTime[39m: 145
[11:04:20.019] [32mINFO[39m (25820): [36mrequest completed[39m
    [35mreq[39m: {
      "id": 86,
      "method": "OPTIONS",
      "url": "/api/notifications"
    }
    [35mres[39m: {
      "statusCode": 204
    }
    [35mresponseTime[39m: 0
[11:04:20.478] [32mINFO[39m (25820): [36mrequest completed[39m
    [35mreq[39m: {
      "id": 87,
      "method": "GET",
      "url": "/api/notifications"
    }
    [35mres[39m: {
      "statusCode": 304
    }
    [35mresponseTime[39m: 457
[11:04:24.246] [32mINFO[39m (25820): [36mrequest completed[39m
    [35mreq[39m: {
      "id": 88,
      "method": "OPTIONS",
      "url": "/api/auth/me"
    }
    [35mres[39m: {
      "statusCode": 204
    }
    [35mresponseTime[39m: 1
[11:04:24.263] [32mINFO[39m (25820): [36mrequest completed[39m
    [35mreq[39m: {
      "id": 89,
      "method": "GET",
      "url": "/api/auth/me"
    }
    [35mres[39m: {
      "statusCode": 304
    }
    [35mresponseTime[39m: 15
[11:04:50.022] [32mINFO[39m (25820): [36mrequest completed[39m
    [35mreq[39m: {
      "id": 90,
      "method": "OPTIONS",
      "url": "/api/notifications"
    }
    [35mres[39m: {
      "statusCode": 204
    }
    [35mresponseTime[39m: 1
[11:04:50.243] [32mINFO[39m (25820): [36mrequest completed[39m
    [35mreq[39m: {
      "id": 91,
      "method": "GET",
      "url": "/api/notifications"
    }
    [35mres[39m: {
      "statusCode": 304
    }
    [35mresponseTime[39m: 215
[11:05:08.893] [32mINFO[39m (25820): [36mrequest completed[39m
    [35mreq[39m: {
      "id": 92,
      "method": "OPTIONS",
      "url": "/api/auth/me"
    }
    [35mres[39m: {
      "statusCode": 204
    }
    [35mresponseTime[39m: 0
[11:05:08.957] [32mINFO[39m (25820): [36mrequest completed[39m
    [35mreq[39m: {
      "id": 93,
      "method": "GET",
      "url": "/api/auth/me"
    }
    [35mres[39m: {
      "statusCode": 304
    }
    [35mresponseTime[39m: 61
[11:05:19.999] [32mINFO[39m (25820): [36mrequest completed[39m
    [35mreq[39m: {
      "id": 94,
      "method": "OPTIONS",
      "url": "/api/notifications"
    }
    [35mres[39m: {
      "statusCode": 204
    }
    [35mresponseTime[39m: 1
[11:05:20.066] [32mINFO[39m (25820): [36mrequest completed[39m
    [35mreq[39m: {
      "id": 96,
      "method": "OPTIONS",
      "url": "/api/auth/login"
    }
    [35mres[39m: {
      "statusCode": 204
    }
    [35mresponseTime[39m: 0
[11:05:20.102] [32mINFO[39m (25820): [36mrequest completed[39m
    [35mreq[39m: {
      "id": 95,
      "method": "GET",
      "url": "/api/notifications"
    }
    [35mres[39m: {
      "statusCode": 304
    }
    [35mresponseTime[39m: 101
[11:05:20.136] [32mINFO[39m (25820): [36mrequest completed[39m
    [35mreq[39m: {
      "id": 97,
      "method": "POST",
      "url": "/api/auth/login"
    }
    [35mres[39m: {
      "statusCode": 200
    }
    [35mresponseTime[39m: 67
[11:05:20.167] [32mINFO[39m (25820): [36mrequest completed[39m
    [35mreq[39m: {
      "id": 98,
      "method": "OPTIONS",
      "url": "/api/tasks"
    }
    [35mres[39m: {
      "statusCode": 204
    }
    [35mresponseTime[39m: 0
[11:05:20.168] [32mINFO[39m (25820): [36mrequest completed[39m
    [35mreq[39m: {
      "id": 99,
      "method": "OPTIONS",
      "url": "/api/dashboard/task-ageing"
    }
    [35mres[39m: {
      "statusCode": 204
    }
    [35mresponseTime[39m: 0
[11:05:20.178] [32mINFO[39m (25820): [36mrequest completed[39m
    [35mreq[39m: {
      "id": 100,
      "method": "GET",
      "url": "/api/notifications"
    }
    [35mres[39m: {
      "statusCode": 200
    }
    [35mresponseTime[39m: 9
[11:05:20.190] [32mINFO[39m (25820): [36mrequest completed[39m
    [35mreq[39m: {
      "id": 101,
      "method": "GET",
      "url": "/api/dashboard/task-ageing"
    }
    [35mres[39m: {
      "statusCode": 304
    }
    [35mresponseTime[39m: 18
[11:05:20.208] [32mINFO[39m (25820): [36mrequest completed[39m
    [35mreq[39m: {
      "id": 103,
      "method": "OPTIONS",
      "url": "/api/dashboard/team-summary"
    }
    [35mres[39m: {
      "statusCode": 204
    }
    [35mresponseTime[39m: 0
[11:05:20.209] [32mINFO[39m (25820): [36mrequest completed[39m
    [35mreq[39m: {
      "id": 104,
      "method": "OPTIONS",
      "url": "/api/teams"
    }
    [35mres[39m: {
      "statusCode": 204
    }
    [35mresponseTime[39m: 1
[11:05:20.212] [32mINFO[39m (25820): [36mrequest completed[39m
    [35mreq[39m: {
      "id": 105,
      "method": "OPTIONS",
      "url": "/api/tasks/status-summary"
    }
    [35mres[39m: {
      "statusCode": 204
    }
    [35mresponseTime[39m: 2
[11:05:20.259] [32mINFO[39m (25820): [36mrequest completed[39m
    [35mreq[39m: {
      "id": 106,
      "method": "GET",
      "url": "/api/dashboard/team-summary"
    }
    [35mres[39m: {
      "statusCode": 304
    }
    [35mresponseTime[39m: 45
[11:05:20.307] [32mINFO[39m (25820): [36mrequest completed[39m
    [35mreq[39m: {
      "id": 108,
      "method": "GET",
      "url": "/api/tasks/status-summary"
    }
    [35mres[39m: {
      "statusCode": 304
    }
    [35mresponseTime[39m: 90
[11:05:20.369] [32mINFO[39m (25820): [36mrequest completed[39m
    [35mreq[39m: {
      "id": 102,
      "method": "GET",
      "url": "/api/tasks"
    }
    [35mres[39m: {
      "statusCode": 304
    }
    [35mresponseTime[39m: 195
[11:05:20.428] [32mINFO[39m (25820): [36mrequest completed[39m
    [35mreq[39m: {
      "id": 107,
      "method": "GET",
      "url": "/api/teams"
    }
    [35mres[39m: {
      "statusCode": 304
    }
    [35mresponseTime[39m: 213
[11:05:22.958] [32mINFO[39m (25820): [36mrequest completed[39m
    [35mreq[39m: {
      "id": 109,
      "method": "OPTIONS",
      "url": "/api/auth/me"
    }
    [35mres[39m: {
      "statusCode": 204
    }
    [35mresponseTime[39m: 0
[11:05:22.964] [32mINFO[39m (25820): [36mrequest completed[39m
    [35mreq[39m: {
      "id": 110,
      "method": "GET",
      "url": "/api/auth/me"
    }
    [35mres[39m: {
      "statusCode": 200
    }
    [35mresponseTime[39m: 4
[11:05:23.324] [32mINFO[39m (25820): [36mrequest completed[39m
    [35mreq[39m: {
      "id": 111,
      "method": "GET",
      "url": "/api/notifications"
    }
    [35mres[39m: {
      "statusCode": 304
    }
    [35mresponseTime[39m: 9
[11:05:40.518] [32mINFO[39m (25820): [36mrequest completed[39m
    [35mreq[39m: {
      "id": 112,
      "method": "OPTIONS",
      "url": "/api/auth/me"
    }
    [35mres[39m: {
      "statusCode": 204
    }
    [35mresponseTime[39m: 1
[11:05:40.586] [32mINFO[39m (25820): [36mrequest completed[39m
    [35mreq[39m: {
      "id": 113,
      "method": "GET",
      "url": "/api/auth/me"
    }
    [35mres[39m: {
      "statusCode": 304
    }
    [35mresponseTime[39m: 67
[11:05:50.042] [32mINFO[39m (25820): [36mrequest completed[39m
    [35mreq[39m: {
      "id": 114,
      "method": "OPTIONS",
      "url": "/api/notifications"
    }
    [35mres[39m: {
      "statusCode": 204
    }
    [35mresponseTime[39m: 1
[11:05:50.055] [32mINFO[39m (25820): [36mrequest completed[39m
    [35mreq[39m: {
      "id": 115,
      "method": "GET",
      "url": "/api/notifications"
    }
    [35mres[39m: {
      "statusCode": 304
    }
    [35mresponseTime[39m: 11
[11:05:50.998] [32mINFO[39m (25820): [36mrequest completed[39m
    [35mreq[39m: {
      "id": 116,
      "method": "GET",
      "url": "/api/notifications"
    }
    [35mres[39m: {
      "statusCode": 304
    }
    [35mresponseTime[39m: 3
[11:58:54.115] [32mINFO[39m (25820): [36mrequest completed[39m
    [35mreq[39m: {
      "id": 117,
      "method": "GET",
      "url": "/"
    }
    [35mres[39m: {
      "statusCode": 404
    }
    [35mresponseTime[39m: 100
[11:59:01.098] [32mINFO[39m (25820): [36mrequest completed[39m
    [35mreq[39m: {
      "id": 118,
      "method": "OPTIONS",
      "url": "/api/auth/me"
    }
    [35mres[39m: {
      "statusCode": 204
    }
    [35mresponseTime[39m: 1
[11:59:01.147] [32mINFO[39m (25820): [36mrequest completed[39m
    [35mreq[39m: {
      "id": 119,
      "method": "GET",
      "url": "/api/auth/me"
    }
    [35mres[39m: {
      "statusCode": 401
    }
    [35mresponseTime[39m: 1
[11:59:42.802] [32mINFO[39m (25820): [36mrequest completed[39m
    [35mreq[39m: {
      "id": 120,
      "method": "OPTIONS",
      "url": "/api/auth/login"
    }
    [35mres[39m: {
      "statusCode": 204
    }
    [35mresponseTime[39m: 4
[11:59:43.058] [32mINFO[39m (25820): [36mrequest completed[39m
    [35mreq[39m: {
      "id": 121,
      "method": "POST",
      "url": "/api/auth/login"
    }
    [35mres[39m: {
      "statusCode": 200
    }
    [35mresponseTime[39m: 252
[11:59:43.101] [32mINFO[39m (25820): [36mrequest completed[39m
    [35mreq[39m: {
      "id": 122,
      "method": "OPTIONS",
      "url": "/api/tasks"
    }
    [35mres[39m: {
      "statusCode": 204
    }
    [35mresponseTime[39m: 0
[11:59:43.103] [32mINFO[39m (25820): [36mrequest completed[39m
    [35mreq[39m: {
      "id": 123,
      "method": "OPTIONS",
      "url": "/api/dashboard/task-ageing"
    }
    [35mres[39m: {
      "statusCode": 204
    }
    [35mresponseTime[39m: 0
[11:59:43.104] [32mINFO[39m (25820): [36mrequest completed[39m
    [35mreq[39m: {
      "id": 124,
      "method": "OPTIONS",
      "url": "/api/notifications"
    }
    [35mres[39m: {
      "statusCode": 204
    }
    [35mresponseTime[39m: 0
[11:59:43.148] [32mINFO[39m (25820): [36mrequest completed[39m
    [35mreq[39m: {
      "id": 128,
      "method": "OPTIONS",
      "url": "/api/dashboard/team-summary"
    }
    [35mres[39m: {
      "statusCode": 204
    }
    [35mresponseTime[39m: 0
[11:59:43.149] [32mINFO[39m (25820): [36mrequest completed[39m
    [35mreq[39m: {
      "id": 129,
      "method": "OPTIONS",
      "url": "/api/teams"
    }
    [35mres[39m: {
      "statusCode": 204
    }
    [35mresponseTime[39m: 1
[11:59:43.150] [32mINFO[39m (25820): [36mrequest completed[39m
    [35mreq[39m: {
      "id": 130,
      "method": "OPTIONS",
      "url": "/api/tasks/status-summary"
    }
    [35mres[39m: {
      "statusCode": 204
    }
    [35mresponseTime[39m: 1
[11:59:43.152] [32mINFO[39m (25820): [36mrequest completed[39m
    [35mreq[39m: {
      "id": 131,
      "method": "OPTIONS",
      "url": "/api/auth/me"
    }
    [35mres[39m: {
      "statusCode": 204
    }
    [35mresponseTime[39m: 1
[11:59:43.223] [32mINFO[39m (25820): [36mrequest completed[39m
    [35mreq[39m: {
      "id": 126,
      "method": "GET",
      "url": "/api/dashboard/task-ageing"
    }
    [35mres[39m: {
      "statusCode": 200
    }
    [35mresponseTime[39m: 111
[11:59:43.231] [32mINFO[39m (25820): [36mrequest completed[39m
    [35mreq[39m: {
      "id": 127,
      "method": "GET",
      "url": "/api/notifications"
    }
    [35mres[39m: {
      "statusCode": 200
    }
    [35mresponseTime[39m: 116
[11:59:43.237] [32mINFO[39m (25820): [36mrequest completed[39m
    [35mreq[39m: {
      "id": 135,
      "method": "GET",
      "url": "/api/auth/me"
    }
    [35mres[39m: {
      "statusCode": 200
    }
    [35mresponseTime[39m: 5
[11:59:43.291] [32mINFO[39m (25820): [36mrequest completed[39m
    [35mreq[39m: {
      "id": 132,
      "method": "GET",
      "url": "/api/dashboard/team-summary"
    }
    [35mres[39m: {
      "statusCode": 200
    }
    [35mresponseTime[39m: 139
[11:59:43.323] [32mINFO[39m (25820): [36mrequest completed[39m
    [35mreq[39m: {
      "id": 133,
      "method": "GET",
      "url": "/api/tasks/status-summary"
    }
    [35mres[39m: {
      "statusCode": 200
    }
    [35mresponseTime[39m: 156
[11:59:43.332] [32mINFO[39m (25820): [36mrequest completed[39m
    [35mreq[39m: {
      "id": 125,
      "method": "GET",
      "url": "/api/tasks"
    }
    [35mres[39m: {
      "statusCode": 200
    }
    [35mresponseTime[39m: 226
[11:59:43.416] [32mINFO[39m (25820): [36mrequest completed[39m
    [35mreq[39m: {
      "id": 134,
      "method": "GET",
      "url": "/api/teams"
    }
    [35mres[39m: {
      "statusCode": 200
    }
    [35mresponseTime[39m: 245
[11:59:45.807] [32mINFO[39m (25820): [36mrequest completed[39m
    [35mreq[39m: {
      "id": 136,
      "method": "GET",
      "url": "/api/notifications"
    }
    [35mres[39m: {
      "statusCode": 304
    }
    [35mresponseTime[39m: 12
[11:59:50.219] [32mINFO[39m (25820): [36mrequest completed[39m
    [35mreq[39m: {
      "id": 137,
      "method": "OPTIONS",
      "url": "/api/users"
    }
    [35mres[39m: {
      "statusCode": 204
    }
    [35mresponseTime[39m: 0
[11:59:50.231] [32mINFO[39m (25820): [36mrequest completed[39m
    [35mreq[39m: {
      "id": 138,
      "method": "GET",
      "url": "/api/users"
    }
    [35mres[39m: {
      "statusCode": 200
    }
    [35mresponseTime[39m: 10
[11:59:50.236] [32mINFO[39m (25820): [36mrequest completed[39m
    [35mreq[39m: {
      "id": 139,
      "method": "OPTIONS",
      "url": "/api/tasks"
    }
    [35mres[39m: {
      "statusCode": 204
    }
    [35mresponseTime[39m: 0
[11:59:50.237] [32mINFO[39m (25820): [36mrequest completed[39m
    [35mreq[39m: {
      "id": 140,
      "method": "OPTIONS",
      "url": "/api/tasks"
    }
    [35mres[39m: {
      "statusCode": 204
    }
    [35mresponseTime[39m: 0
[11:59:50.260] [32mINFO[39m (25820): [36mrequest completed[39m
    [35mreq[39m: {
      "id": 141,
      "method": "GET",
      "url": "/api/tasks"
    }
    [35mres[39m: {
      "statusCode": 200
    }
    [35mresponseTime[39m: 22
[11:59:50.281] [32mINFO[39m (25820): [36mrequest completed[39m
    [35mreq[39m: {
      "id": 142,
      "method": "GET",
      "url": "/api/tasks"
    }
    [35mres[39m: {
      "statusCode": 200
    }
    [35mresponseTime[39m: 42
[12:00:13.995] [32mINFO[39m (25820): [36mrequest completed[39m
    [35mreq[39m: {
      "id": 143,
      "method": "OPTIONS",
      "url": "/api/notifications"
    }
    [35mres[39m: {
      "statusCode": 204
    }
    [35mresponseTime[39m: 0
[12:00:14.078] [32mINFO[39m (25820): [36mrequest completed[39m
    [35mreq[39m: {
      "id": 144,
      "method": "GET",
      "url": "/api/notifications"
    }
    [35mres[39m: {
      "statusCode": 304
    }
    [35mresponseTime[39m: 81
[12:00:37.292] [32mINFO[39m (25820): [36mrequest completed[39m
    [35mreq[39m: {
      "id": 145,
      "method": "OPTIONS",
      "url": "/api/auth/login"
    }
    [35mres[39m: {
      "statusCode": 204
    }
    [35mresponseTime[39m: 0
[12:00:37.388] [32mINFO[39m (25820): [36mrequest completed[39m
    [35mreq[39m: {
      "id": 146,
      "method": "POST",
      "url": "/api/auth/login"
    }
    [35mres[39m: {
      "statusCode": 200
    }
    [35mresponseTime[39m: 95
[12:00:37.436] [32mINFO[39m (25820): [36mrequest completed[39m
    [35mreq[39m: {
      "id": 147,
      "method": "OPTIONS",
      "url": "/api/dashboard/task-ageing"
    }
    [35mres[39m: {
      "statusCode": 204
    }
    [35mresponseTime[39m: 0
[12:00:37.438] [32mINFO[39m (25820): [36mrequest completed[39m
    [35mreq[39m: {
      "id": 148,
      "method": "OPTIONS",
      "url": "/api/eod"
    }
    [35mres[39m: {
      "statusCode": 204
    }
    [35mresponseTime[39m: 0
[12:00:37.439] [32mINFO[39m (25820): [36mrequest completed[39m
    [35mreq[39m: {
      "id": 149,
      "method": "OPTIONS",
      "url": "/api/tasks"
    }
    [35mres[39m: {
      "statusCode": 204
    }
    [35mresponseTime[39m: 0
[12:00:37.439] [32mINFO[39m (25820): [36mrequest completed[39m
    [35mreq[39m: {
      "id": 150,
      "method": "OPTIONS",
      "url": "/api/notifications"
    }
    [35mres[39m: {
      "statusCode": 204
    }
    [35mresponseTime[39m: 0
[12:00:37.452] [32mINFO[39m (25820): [36mrequest completed[39m
    [35mreq[39m: {
      "id": 151,
      "method": "GET",
      "url": "/api/dashboard/task-ageing"
    }
    [35mres[39m: {
      "statusCode": 200
    }
    [35mresponseTime[39m: 12
[12:00:37.503] [32mINFO[39m (25820): [36mrequest completed[39m
    [35mreq[39m: {
      "id": 155,
      "method": "OPTIONS",
      "url": "/api/users"
    }
    [35mres[39m: {
      "statusCode": 204
    }
    [35mresponseTime[39m: 0
[12:00:37.507] [32mINFO[39m (25820): [36mrequest completed[39m
    [35mreq[39m: {
      "id": 156,
      "method": "OPTIONS",
      "url": "/api/eod"
    }
    [35mres[39m: {
      "statusCode": 204
    }
    [35mresponseTime[39m: 0
[12:00:37.512] [32mINFO[39m (25820): [36mrequest completed[39m
    [35mreq[39m: {
      "id": 157,
      "method": "OPTIONS",
      "url": "/api/daily-work"
    }
    [35mres[39m: {
      "statusCode": 204
    }
    [35mresponseTime[39m: 0
[12:00:37.541] [32mINFO[39m (25820): [36mrequest completed[39m
    [35mreq[39m: {
      "id": 158,
      "method": "OPTIONS",
      "url": "/api/tasks"
    }
    [35mres[39m: {
      "statusCode": 204
    }
    [35mresponseTime[39m: 1
[12:00:37.546] [32mINFO[39m (25820): [36mrequest completed[39m
    [35mreq[39m: {
      "id": 159,
      "method": "OPTIONS",
      "url": "/api/dashboard/stats"
    }
    [35mres[39m: {
      "statusCode": 204
    }
    [35mresponseTime[39m: 4
[12:00:37.557] [32mINFO[39m (25820): [36mrequest completed[39m
    [35mreq[39m: {
      "id": 161,
      "method": "OPTIONS",
      "url": "/api/dashboard/team-summary"
    }
    [35mres[39m: {
      "statusCode": 204
    }
    [35mresponseTime[39m: 3
[12:00:37.562] [32mINFO[39m (25820): [36mrequest completed[39m
    [35mreq[39m: {
      "id": 162,
      "method": "OPTIONS",
      "url": "/api/auth/me"
    }
    [35mres[39m: {
      "statusCode": 204
    }
    [35mresponseTime[39m: 1
[12:00:37.586] [32mINFO[39m (25820): [36mrequest completed[39m
    [35mreq[39m: {
      "id": 160,
      "method": "GET",
      "url": "/api/eod"
    }
    [35mres[39m: {
      "statusCode": 200
    }
    [35mresponseTime[39m: 33
[12:00:37.643] [32mINFO[39m (25820): [36mrequest completed[39m
    [35mreq[39m: {
      "id": 165,
      "method": "GET",
      "url": "/api/dashboard/stats"
    }
    [35mres[39m: {
      "statusCode": 200
    }
    [35mresponseTime[39m: 48
[12:00:37.713] [32mINFO[39m (25820): [36mrequest completed[39m
    [35mreq[39m: {
      "id": 154,
      "method": "GET",
      "url": "/api/notifications"
    }
    [35mres[39m: {
      "statusCode": 200
    }
    [35mresponseTime[39m: 270
[12:00:37.720] [32mINFO[39m (25820): [36mrequest completed[39m
    [35mreq[39m: {
      "id": 152,
      "method": "GET",
      "url": "/api/tasks"
    }
    [35mres[39m: {
      "statusCode": 200
    }
    [35mresponseTime[39m: 279
[12:00:37.750] [32mINFO[39m (25820): [36mrequest completed[39m
    [35mreq[39m: {
      "id": 153,
      "method": "GET",
      "url": "/api/eod"
    }
    [35mres[39m: {
      "statusCode": 200
    }
    [35mresponseTime[39m: 308
[12:00:37.770] [32mINFO[39m (25820): [36mrequest completed[39m
    [35mreq[39m: {
      "id": 164,
      "method": "GET",
      "url": "/api/daily-work"
    }
    [35mres[39m: {
      "statusCode": 200
    }
    [35mresponseTime[39m: 192
[12:00:37.779] [32mINFO[39m (25820): [36mrequest completed[39m
    [35mreq[39m: {
      "id": 163,
      "method": "GET",
      "url": "/api/users"
    }
    [35mres[39m: {
      "statusCode": 200
    }
    [35mresponseTime[39m: 216
[12:00:37.780] [32mINFO[39m (25820): [36mrequest completed[39m
    [35mreq[39m: {
      "id": 168,
      "method": "GET",
      "url": "/api/auth/me"
    }
    [35mres[39m: {
      "statusCode": 200
    }
    [35mresponseTime[39m: 47
[12:00:37.783] [32mINFO[39m (25820): [36mrequest completed[39m
    [35mreq[39m: {
      "id": 167,
      "method": "GET",
      "url": "/api/dashboard/team-summary"
    }
    [35mres[39m: {
      "statusCode": 304
    }
    [35mresponseTime[39m: 57
[12:00:37.889] [32mINFO[39m (25820): [36mrequest completed[39m
    [35mreq[39m: {
      "id": 166,
      "method": "GET",
      "url": "/api/tasks"
    }
    [35mres[39m: {
      "statusCode": 200
    }
    [35mresponseTime[39m: 218
[12:00:40.086] [32mINFO[39m (25820): [36mrequest completed[39m
    [35mreq[39m: {
      "id": 169,
      "method": "OPTIONS",
      "url": "/api/eod"
    }
    [35mres[39m: {
      "statusCode": 204
    }
    [35mresponseTime[39m: 1
[12:00:40.093] [32mINFO[39m (25820): [36mrequest completed[39m
    [35mreq[39m: {
      "id": 170,
      "method": "GET",
      "url": "/api/eod"
    }
    [35mres[39m: {
      "statusCode": 200
    }
    [35mresponseTime[39m: 6
[12:00:42.117] [32mINFO[39m (25820): [36mrequest completed[39m
    [35mreq[39m: {
      "id": 171,
      "method": "OPTIONS",
      "url": "/api/tasks"
    }
    [35mres[39m: {
      "statusCode": 204
    }
    [35mresponseTime[39m: 1
[12:00:42.130] [32mINFO[39m (25820): [36mrequest completed[39m
    [35mreq[39m: {
      "id": 172,
      "method": "GET",
      "url": "/api/tasks"
    }
    [35mres[39m: {
      "statusCode": 200
    }
    [35mresponseTime[39m: 11
[12:00:43.089] [32mINFO[39m (25820): [36mrequest completed[39m
    [35mreq[39m: {
      "id": 173,
      "method": "OPTIONS",
      "url": "/api/users"
    }
    [35mres[39m: {
      "statusCode": 204
    }
    [35mresponseTime[39m: 0
[12:00:43.090] [32mINFO[39m (25820): [36mrequest completed[39m
    [35mreq[39m: {
      "id": 174,
      "method": "OPTIONS",
      "url": "/api/eod"
    }
    [35mres[39m: {
      "statusCode": 204
    }
    [35mresponseTime[39m: 0
[12:00:43.101] [32mINFO[39m (25820): [36mrequest completed[39m
    [35mreq[39m: {
      "id": 175,
      "method": "GET",
      "url": "/api/users"
    }
    [35mres[39m: {
      "statusCode": 200
    }
    [35mresponseTime[39m: 10
[12:00:43.104] [32mINFO[39m (25820): [36mrequest completed[39m
    [35mreq[39m: {
      "id": 176,
      "method": "GET",
      "url": "/api/eod"
    }
    [35mres[39m: {
      "statusCode": 304
    }
    [35mresponseTime[39m: 11
[12:00:44.413] [32mINFO[39m (25820): [36mrequest completed[39m
    [35mreq[39m: {
      "id": 177,
      "method": "OPTIONS",
      "url": "/api/tasks"
    }
    [35mres[39m: {
      "statusCode": 204
    }
    [35mresponseTime[39m: 0
[12:00:44.424] [32mINFO[39m (25820): [36mrequest completed[39m
    [35mreq[39m: {
      "id": 178,
      "method": "GET",
      "url": "/api/tasks"
    }
    [35mres[39m: {
      "statusCode": 200
    }
    [35mresponseTime[39m: 9
[12:00:46.646] [32mINFO[39m (25820): [36mrequest completed[39m
    [35mreq[39m: {
      "id": 179,
      "method": "OPTIONS",
      "url": "/api/users"
    }
    [35mres[39m: {
      "statusCode": 204
    }
    [35mresponseTime[39m: 0
[12:00:46.649] [32mINFO[39m (25820): [36mrequest completed[39m
    [35mreq[39m: {
      "id": 180,
      "method": "OPTIONS",
      "url": "/api/eod"
    }
    [35mres[39m: {
      "statusCode": 204
    }
    [35mresponseTime[39m: 1
[12:00:46.663] [32mINFO[39m (25820): [36mrequest completed[39m
    [35mreq[39m: {
      "id": 181,
      "method": "GET",
      "url": "/api/users"
    }
    [35mres[39m: {
      "statusCode": 200
    }
    [35mresponseTime[39m: 12
[12:00:46.668] [32mINFO[39m (25820): [36mrequest completed[39m
    [35mreq[39m: {
      "id": 182,
      "method": "GET",
      "url": "/api/eod"
    }
    [35mres[39m: {
      "statusCode": 200
    }
    [35mresponseTime[39m: 16
[12:00:47.523] [32mINFO[39m (25820): [36mrequest completed[39m
    [35mreq[39m: {
      "id": 183,
      "method": "OPTIONS",
      "url": "/api/tasks"
    }
    [35mres[39m: {
      "statusCode": 204
    }
    [35mresponseTime[39m: 1
[12:00:47.542] [32mINFO[39m (25820): [36mrequest completed[39m
    [35mreq[39m: {
      "id": 184,
      "method": "GET",
      "url": "/api/tasks"
    }
    [35mres[39m: {
      "statusCode": 200
    }
    [35mresponseTime[39m: 19
[12:00:50.644] [32mINFO[39m (25820): [36mrequest completed[39m
    [35mreq[39m: {
      "id": 185,
      "method": "OPTIONS",
      "url": "/api/users"
    }
    [35mres[39m: {
      "statusCode": 204
    }
    [35mresponseTime[39m: 1
[12:00:50.661] [32mINFO[39m (25820): [36mrequest completed[39m
    [35mreq[39m: {
      "id": 186,
      "method": "GET",
      "url": "/api/users"
    }
    [35mres[39m: {
      "statusCode": 304
    }
    [35mresponseTime[39m: 16
[12:01:07.440] [32mINFO[39m (25820): [36mrequest completed[39m
    [35mreq[39m: {
      "id": 187,
      "method": "OPTIONS",
      "url": "/api/notifications"
    }
    [35mres[39m: {
      "statusCode": 204
    }
    [35mresponseTime[39m: 1
[12:01:07.512] [32mINFO[39m (25820): [36mrequest completed[39m
    [35mreq[39m: {
      "id": 188,
      "method": "GET",
      "url": "/api/notifications"
    }
    [35mres[39m: {
      "statusCode": 304
    }
    [35mresponseTime[39m: 71
[12:01:09.889] [32mINFO[39m (25820): [36mrequest completed[39m
    [35mreq[39m: {
      "id": 189,
      "method": "OPTIONS",
      "url": "/api/eod"
    }
    [35mres[39m: {
      "statusCode": 204
    }
    [35mresponseTime[39m: 0
[12:01:09.895] [32mINFO[39m (25820): [36mrequest completed[39m
    [35mreq[39m: {
      "id": 190,
      "method": "GET",
      "url": "/api/eod"
    }
    [35mres[39m: {
      "statusCode": 304
    }
    [35mresponseTime[39m: 5
[12:01:11.242] [32mINFO[39m (25820): [36mrequest completed[39m
    [35mreq[39m: {
      "id": 191,
      "method": "OPTIONS",
      "url": "/api/users"
    }
    [35mres[39m: {
      "statusCode": 204
    }
    [35mresponseTime[39m: 1
[12:01:11.244] [32mINFO[39m (25820): [36mrequest completed[39m
    [35mreq[39m: {
      "id": 192,
      "method": "OPTIONS",
      "url": "/api/eod"
    }
    [35mres[39m: {
      "statusCode": 204
    }
    [35mresponseTime[39m: 1
[12:01:11.314] [32mINFO[39m (25820): [36mrequest completed[39m
    [35mreq[39m: {
      "id": 194,
      "method": "GET",
      "url": "/api/eod"
    }
    [35mres[39m: {
      "statusCode": 304
    }
    [35mresponseTime[39m: 69
[12:01:11.322] [32mINFO[39m (25820): [36mrequest completed[39m
    [35mreq[39m: {
      "id": 193,
      "method": "GET",
      "url": "/api/users"
    }
    [35mres[39m: {
      "statusCode": 304
    }
    [35mresponseTime[39m: 78
[12:01:12.917] [32mINFO[39m (25820): [36mrequest completed[39m
    [35mreq[39m: {
      "id": 195,
      "method": "GET",
      "url": "/api/eod"
    }
    [35mres[39m: {
      "statusCode": 304
    }
    [35mresponseTime[39m: 8
[12:01:14.039] [32mINFO[39m (25820): [36mrequest completed[39m
    [35mreq[39m: {
      "id": 196,
      "method": "OPTIONS",
      "url": "/api/tasks"
    }
    [35mres[39m: {
      "statusCode": 204
    }
    [35mresponseTime[39m: 0
[12:01:14.051] [32mINFO[39m (25820): [36mrequest completed[39m
    [35mreq[39m: {
      "id": 197,
      "method": "GET",
      "url": "/api/tasks"
    }
    [35mres[39m: {
      "statusCode": 304
    }
    [35mresponseTime[39m: 11
[12:01:18.916] [32mINFO[39m (25820): [36mrequest completed[39m
    [35mreq[39m: {
      "id": 198,
      "method": "OPTIONS",
      "url": "/api/users"
    }
    [35mres[39m: {
      "statusCode": 204
    }
    [35mresponseTime[39m: 0
[12:01:18.918] [32mINFO[39m (25820): [36mrequest completed[39m
    [35mreq[39m: {
      "id": 199,
      "method": "OPTIONS",
      "url": "/api/eod"
    }
    [35mres[39m: {
      "statusCode": 204
    }
    [35mresponseTime[39m: 0
[12:01:18.941] [32mINFO[39m (25820): [36mrequest completed[39m
    [35mreq[39m: {
      "id": 201,
      "method": "GET",
      "url": "/api/eod"
    }
    [35mres[39m: {
      "statusCode": 304
    }
    [35mresponseTime[39m: 22
[12:01:19.016] [32mINFO[39m (25820): [36mrequest completed[39m
    [35mreq[39m: {
      "id": 200,
      "method": "GET",
      "url": "/api/users"
    }
    [35mres[39m: {
      "statusCode": 304
    }
    [35mresponseTime[39m: 97
[12:01:30.785] [32mINFO[39m (25820): [36mrequest completed[39m
    [35mreq[39m: {
      "id": 202,
      "method": "OPTIONS",
      "url": "/api/users"
    }
    [35mres[39m: {
      "statusCode": 204
    }
    [35mresponseTime[39m: 0
[12:01:30.787] [32mINFO[39m (25820): [36mrequest completed[39m
    [35mreq[39m: {
      "id": 203,
      "method": "OPTIONS",
      "url": "/api/eod"
    }
    [35mres[39m: {
      "statusCode": 204
    }
    [35mresponseTime[39m: 0
[12:01:30.859] [32mINFO[39m (25820): [36mrequest completed[39m
    [35mreq[39m: {
      "id": 205,
      "method": "GET",
      "url": "/api/eod"
    }
    [35mres[39m: {
      "statusCode": 304
    }
    [35mresponseTime[39m: 71
[12:01:31.009] [32mINFO[39m (25820): [36mrequest completed[39m
    [35mreq[39m: {
      "id": 204,
      "method": "GET",
      "url": "/api/users"
    }
    [35mres[39m: {
      "statusCode": 304
    }
    [35mresponseTime[39m: 222
[12:01:33.686] [32mINFO[39m (25820): [36mrequest completed[39m
    [35mreq[39m: {
      "id": 206,
      "method": "OPTIONS",
      "url": "/api/eod"
    }
    [35mres[39m: {
      "statusCode": 204
    }
    [35mresponseTime[39m: 0
[12:01:33.693] [32mINFO[39m (25820): [36mrequest completed[39m
    [35mreq[39m: {
      "id": 207,
      "method": "GET",
      "url": "/api/eod"
    }
    [35mres[39m: {
      "statusCode": 304
    }
    [35mresponseTime[39m: 5
[12:01:34.997] [32mINFO[39m (25820): [36mrequest completed[39m
    [35mreq[39m: {
      "id": 208,
      "method": "OPTIONS",
      "url": "/api/tasks"
    }
    [35mres[39m: {
      "statusCode": 204
    }
    [35mresponseTime[39m: 1
[12:01:35.012] [32mINFO[39m (25820): [36mrequest completed[39m
    [35mreq[39m: {
      "id": 209,
      "method": "GET",
      "url": "/api/tasks"
    }
    [35mres[39m: {
      "statusCode": 304
    }
    [35mresponseTime[39m: 14
[12:01:37.437] [32mINFO[39m (25820): [36mrequest completed[39m
    [35mreq[39m: {
      "id": 210,
      "method": "OPTIONS",
      "url": "/api/notifications"
    }
    [35mres[39m: {
      "statusCode": 204
    }
    [35mresponseTime[39m: 1
[12:01:37.451] [32mINFO[39m (25820): [36mrequest completed[39m
    [35mreq[39m: {
      "id": 211,
      "method": "GET",
      "url": "/api/notifications"
    }
    [35mres[39m: {
      "statusCode": 304
    }
    [35mresponseTime[39m: 13
[12:02:08.000] [32mINFO[39m (25820): [36mrequest completed[39m
    [35mreq[39m: {
      "id": 212,
      "method": "OPTIONS",
      "url": "/api/notifications"
    }
    [35mres[39m: {
      "statusCode": 204
    }
    [35mresponseTime[39m: 1
[12:02:08.094] [32mINFO[39m (25820): [36mrequest completed[39m
    [35mreq[39m: {
      "id": 213,
      "method": "GET",
      "url": "/api/notifications"
    }
    [35mres[39m: {
      "statusCode": 304
    }
    [35mresponseTime[39m: 92
[12:02:38.001] [32mINFO[39m (25820): [36mrequest completed[39m
    [35mreq[39m: {
      "id": 214,
      "method": "OPTIONS",
      "url": "/api/notifications"
    }
    [35mres[39m: {
      "statusCode": 204
    }
    [35mresponseTime[39m: 1
[12:02:38.193] [32mINFO[39m (25820): [36mrequest completed[39m
    [35mreq[39m: {
      "id": 215,
      "method": "GET",
      "url": "/api/notifications"
    }
    [35mres[39m: {
      "statusCode": 304
    }
    [35mresponseTime[39m: 189
[12:03:07.993] [32mINFO[39m (25820): [36mrequest completed[39m
    [35mreq[39m: {
      "id": 216,
      "method": "OPTIONS",
      "url": "/api/notifications"
    }
    [35mres[39m: {
      "statusCode": 204
    }
    [35mresponseTime[39m: 0
[12:03:08.074] [32mINFO[39m (25820): [36mrequest completed[39m
    [35mreq[39m: {
      "id": 217,
      "method": "GET",
      "url": "/api/notifications"
    }
    [35mres[39m: {
      "statusCode": 304
    }
    [35mresponseTime[39m: 77
[12:03:38.000] [32mINFO[39m (25820): [36mrequest completed[39m
    [35mreq[39m: {
      "id": 218,
      "method": "OPTIONS",
      "url": "/api/notifications"
    }
    [35mres[39m: {
      "statusCode": 204
    }
    [35mresponseTime[39m: 1
[12:03:38.079] [32mINFO[39m (25820): [36mrequest completed[39m
    [35mreq[39m: {
      "id": 219,
      "method": "GET",
      "url": "/api/notifications"
    }
    [35mres[39m: {
      "statusCode": 304
    }
    [35mresponseTime[39m: 76
[12:04:17.971] [32mINFO[39m (25820): [36mrequest completed[39m
    [35mreq[39m: {
      "id": 220,
      "method": "OPTIONS",
      "url": "/api/notifications"
    }
    [35mres[39m: {
      "statusCode": 204
    }
    [35mresponseTime[39m: 4
[12:04:18.216] [32mINFO[39m (25820): [36mrequest completed[39m
    [35mreq[39m: {
      "id": 221,
      "method": "GET",
      "url": "/api/notifications"
    }
    [35mres[39m: {
      "statusCode": 304
    }
    [35mresponseTime[39m: 238
[12:04:18.991] [32mINFO[39m (25820): [36mrequest completed[39m
    [35mreq[39m: {
      "id": 222,
      "method": "OPTIONS",
      "url": "/api/users"
    }
    [35mres[39m: {
      "statusCode": 204
    }
    [35mresponseTime[39m: 1
[12:04:18.995] [32mINFO[39m (25820): [36mrequest completed[39m
    [35mreq[39m: {
      "id": 223,
      "method": "OPTIONS",
      "url": "/api/eod"
    }
    [35mres[39m: {
      "statusCode": 204
    }
    [35mresponseTime[39m: 1
[12:04:19.838] [32mINFO[39m (25820): [36mrequest completed[39m
    [35mreq[39m: {
      "id": 224,
      "method": "GET",
      "url": "/api/eod"
    }
    [35mres[39m: {
      "statusCode": 304
    }
    [35mresponseTime[39m: 838
[12:04:19.915] [32mINFO[39m (25820): [36mrequest completed[39m
    [35mreq[39m: {
      "id": 225,
      "method": "GET",
      "url": "/api/users"
    }
    [35mres[39m: {
      "statusCode": 304
    }
    [35mresponseTime[39m: 681
[12:04:20.947] [32mINFO[39m (25820): [36mrequest completed[39m
    [35mreq[39m: {
      "id": 226,
      "method": "OPTIONS",
      "url": "/api/eod"
    }
    [35mres[39m: {
      "statusCode": 204
    }
    [35mresponseTime[39m: 1
[12:04:20.954] [32mINFO[39m (25820): [36mrequest completed[39m
    [35mreq[39m: {
      "id": 227,
      "method": "GET",
      "url": "/api/eod"
    }
    [35mres[39m: {
      "statusCode": 304
    }
    [35mresponseTime[39m: 6
[12:04:21.508] [32mINFO[39m (25820): [36mrequest completed[39m
    [35mreq[39m: {
      "id": 228,
      "method": "GET",
      "url": "/api/users"
    }
    [35mres[39m: {
      "statusCode": 304
    }
    [35mresponseTime[39m: 11
[12:04:21.516] [32mINFO[39m (25820): [36mrequest completed[39m
    [35mreq[39m: {
      "id": 229,
      "method": "GET",
      "url": "/api/eod"
    }
    [35mres[39m: {
      "statusCode": 304
    }
    [35mresponseTime[39m: 18
[12:04:22.350] [32mINFO[39m (25820): [36mrequest completed[39m
    [35mreq[39m: {
      "id": 230,
      "method": "OPTIONS",
      "url": "/api/tasks"
    }
    [35mres[39m: {
      "statusCode": 204
    }
    [35mresponseTime[39m: 0
[12:04:22.366] [32mINFO[39m (25820): [36mrequest completed[39m
    [35mreq[39m: {
      "id": 231,
      "method": "GET",
      "url": "/api/tasks"
    }
    [35mres[39m: {
      "statusCode": 304
    }
    [35mresponseTime[39m: 12
[12:04:26.994] [32mINFO[39m (25820): [36mrequest completed[39m
    [35mreq[39m: {
      "id": 232,
      "method": "OPTIONS",
      "url": "/api/notifications"
    }
    [35mres[39m: {
      "statusCode": 204
    }
    [35mresponseTime[39m: 0
[12:04:27.002] [32mINFO[39m (25820): [36mrequest completed[39m
    [35mreq[39m: {
      "id": 233,
      "method": "GET",
      "url": "/api/notifications"
    }
    [35mres[39m: {
      "statusCode": 304
    }
    [35mresponseTime[39m: 6
[12:04:27.004] [32mINFO[39m (25820): [36mrequest completed[39m
    [35mreq[39m: {
      "id": 234,
      "method": "OPTIONS",
      "url": "/api/teams"
    }
    [35mres[39m: {
      "statusCode": 204
    }
    [35mresponseTime[39m: 0
[12:04:27.006] [32mINFO[39m (25820): [36mrequest completed[39m
    [35mreq[39m: {
      "id": 235,
      "method": "OPTIONS",
      "url": "/api/eod/pending"
    }
    [35mres[39m: {
      "statusCode": 204
    }
    [35mresponseTime[39m: 1
[12:04:27.143] [32mINFO[39m (25820): [36mrequest completed[39m
    [35mreq[39m: {
      "id": 236,
      "method": "GET",
      "url": "/api/eod/pending"
    }
    [35mres[39m: {
      "statusCode": 200
    }
    [35mresponseTime[39m: 135
[12:04:27.160] [32mINFO[39m (25820): [36mrequest completed[39m
    [35mreq[39m: {
      "id": 237,
      "method": "GET",
      "url": "/api/teams"
    }
    [35mres[39m: {
      "statusCode": 304
    }
    [35mresponseTime[39m: 149
[12:04:29.668] [32mINFO[39m (25820): [36mrequest completed[39m
    [35mreq[39m: {
      "id": 238,
      "method": "OPTIONS",
      "url": "/api/users"
    }
    [35mres[39m: {
      "statusCode": 204
    }
    [35mresponseTime[39m: 0
[12:04:29.673] [32mINFO[39m (25820): [36mrequest completed[39m
    [35mreq[39m: {
      "id": 239,
      "method": "OPTIONS",
      "url": "/api/eod"
    }
    [35mres[39m: {
      "statusCode": 204
    }
    [35mresponseTime[39m: 4
[12:04:29.879] [32mINFO[39m (25820): [36mrequest completed[39m
    [35mreq[39m: {
      "id": 240,
      "method": "GET",
      "url": "/api/users"
    }
    [35mres[39m: {
      "statusCode": 304
    }
    [35mresponseTime[39m: 203
[12:04:29.883] [32mINFO[39m (25820): [36mrequest completed[39m
    [35mreq[39m: {
      "id": 241,
      "method": "GET",
      "url": "/api/eod"
    }
    [35mres[39m: {
      "statusCode": 304
    }
    [35mresponseTime[39m: 206
[12:04:30.280] [32mINFO[39m (25820): [36mrequest completed[39m
    [35mreq[39m: {
      "id": 242,
      "method": "OPTIONS",
      "url": "/api/users"
    }
    [35mres[39m: {
      "statusCode": 204
    }
    [35mresponseTime[39m: 1
[12:04:30.281] [32mINFO[39m (25820): [36mrequest completed[39m
    [35mreq[39m: {
      "id": 243,
      "method": "OPTIONS",
      "url": "/api/eod"
    }
    [35mres[39m: {
      "statusCode": 204
    }
    [35mresponseTime[39m: 1
[12:04:30.294] [32mINFO[39m (25820): [36mrequest completed[39m
    [35mreq[39m: {
      "id": 244,
      "method": "GET",
      "url": "/api/users"
    }
    [35mres[39m: {
      "statusCode": 304
    }
    [35mresponseTime[39m: 10
[12:04:30.298] [32mINFO[39m (25820): [36mrequest completed[39m
    [35mreq[39m: {
      "id": 245,
      "method": "GET",
      "url": "/api/eod"
    }
    [35mres[39m: {
      "statusCode": 304
    }
    [35mresponseTime[39m: 10
[12:04:31.232] [32mINFO[39m (25820): [36mrequest completed[39m
    [35mreq[39m: {
      "id": 246,
      "method": "OPTIONS",
      "url": "/api/dashboard/task-ageing"
    }
    [35mres[39m: {
      "statusCode": 204
    }
    [35mresponseTime[39m: 0
[12:04:31.233] [32mINFO[39m (25820): [36mrequest completed[39m
    [35mreq[39m: {
      "id": 247,
      "method": "OPTIONS",
      "url": "/api/tasks"
    }
    [35mres[39m: {
      "statusCode": 204
    }
    [35mresponseTime[39m: 1
[12:04:31.235] [32mINFO[39m (25820): [36mrequest completed[39m
    [35mreq[39m: {
      "id": 248,
      "method": "OPTIONS",
      "url": "/api/users"
    }
    [35mres[39m: {
      "statusCode": 204
    }
    [35mresponseTime[39m: 0
[12:04:31.238] [32mINFO[39m (25820): [36mrequest completed[39m
    [35mreq[39m: {
      "id": 249,
      "method": "OPTIONS",
      "url": "/api/eod"
    }
    [35mres[39m: {
      "statusCode": 204
    }
    [35mresponseTime[39m: 1
[12:04:31.240] [32mINFO[39m (25820): [36mrequest completed[39m
    [35mreq[39m: {
      "id": 251,
      "method": "OPTIONS",
      "url": "/api/daily-work"
    }
    [35mres[39m: {
      "statusCode": 204
    }
    [35mresponseTime[39m: 0
[12:04:31.245] [32mINFO[39m (25820): [36mrequest completed[39m
    [35mreq[39m: {
      "id": 255,
      "method": "OPTIONS",
      "url": "/api/tasks"
    }
    [35mres[39m: {
      "statusCode": 204
    }
    [35mresponseTime[39m: 0
[12:04:31.245] [32mINFO[39m (25820): [36mrequest completed[39m
    [35mreq[39m: {
      "id": 256,
      "method": "OPTIONS",
      "url": "/api/dashboard/stats"
    }
    [35mres[39m: {
      "statusCode": 204
    }
    [35mresponseTime[39m: 0
[12:04:31.256] [32mINFO[39m (25820): [36mrequest completed[39m
    [35mreq[39m: {
      "id": 257,
      "method": "OPTIONS",
      "url": "/api/dashboard/team-summary"
    }
    [35mres[39m: {
      "statusCode": 204
    }
    [35mresponseTime[39m: 0
[12:04:31.271] [32mINFO[39m (25820): [36mrequest completed[39m
    [35mreq[39m: {
      "id": 252,
      "method": "GET",
      "url": "/api/dashboard/task-ageing"
    }
    [35mres[39m: {
      "statusCode": 304
    }
    [35mresponseTime[39m: 30
[12:04:31.273] [32mINFO[39m (25820): [36mrequest completed[39m
    [35mreq[39m: {
      "id": 254,
      "method": "GET",
      "url": "/api/users"
    }
    [35mres[39m: {
      "statusCode": 304
    }
    [35mresponseTime[39m: 30
[12:04:31.274] [32mINFO[39m (25820): [36mrequest completed[39m
    [35mreq[39m: {
      "id": 258,
      "method": "GET",
      "url": "/api/eod"
    }
    [35mres[39m: {
      "statusCode": 304
    }
    [35mresponseTime[39m: 17
[12:04:31.278] [32mINFO[39m (25820): [36mrequest completed[39m
    [35mreq[39m: {
      "id": 250,
      "method": "GET",
      "url": "/api/eod"
    }
    [35mres[39m: {
      "statusCode": 304
    }
    [35mresponseTime[39m: 40
[12:04:31.281] [32mINFO[39m (25820): [36mrequest completed[39m
    [35mreq[39m: {
      "id": 259,
      "method": "GET",
      "url": "/api/daily-work"
    }
    [35mres[39m: {
      "statusCode": 304
    }
    [35mresponseTime[39m: 21
[12:04:31.290] [32mINFO[39m (25820): [36mrequest completed[39m
    [35mreq[39m: {
      "id": 253,
      "method": "GET",
      "url": "/api/tasks"
    }
    [35mres[39m: {
      "statusCode": 304
    }
    [35mresponseTime[39m: 48
[12:04:31.309] [32mINFO[39m (25820): [36mrequest completed[39m
    [35mreq[39m: {
      "id": 261,
      "method": "GET",
      "url": "/api/tasks"
    }
    [35mres[39m: {
      "statusCode": 304
    }
    [35mresponseTime[39m: 33
[12:04:31.310] [32mINFO[39m (25820): [36mrequest completed[39m
    [35mreq[39m: {
      "id": 260,
      "method": "GET",
      "url": "/api/dashboard/stats"
    }
    [35mres[39m: {
      "statusCode": 304
    }
    [35mresponseTime[39m: 35
[12:04:31.315] [32mINFO[39m (25820): [36mrequest completed[39m
    [35mreq[39m: {
      "id": 262,
      "method": "GET",
      "url": "/api/dashboard/team-summary"
    }
    [35mres[39m: {
      "statusCode": 304
    }
    [35mresponseTime[39m: 38
[12:04:37.451] [32mINFO[39m (25820): [36mrequest completed[39m
    [35mreq[39m: {
      "id": 263,
      "method": "OPTIONS",
      "url": "/api/notifications"
    }
    [35mres[39m: {
      "statusCode": 204
    }
    [35mresponseTime[39m: 1
[12:04:37.463] [32mINFO[39m (25820): [36mrequest completed[39m
    [35mreq[39m: {
      "id": 264,
      "method": "GET",
      "url": "/api/notifications"
    }
    [35mres[39m: {
      "statusCode": 304
    }
    [35mresponseTime[39m: 9
[12:05:08.000] [32mINFO[39m (25820): [36mrequest completed[39m
    [35mreq[39m: {
      "id": 265,
      "method": "OPTIONS",
      "url": "/api/notifications"
    }
    [35mres[39m: {
      "statusCode": 204
    }
    [35mresponseTime[39m: 1
[12:05:08.225] [32mINFO[39m (25820): [36mrequest completed[39m
    [35mreq[39m: {
      "id": 266,
      "method": "GET",
      "url": "/api/notifications"
    }
    [35mres[39m: {
      "statusCode": 304
    }
    [35mresponseTime[39m: 213
[12:05:20.367] [32mINFO[39m (25820): [36mrequest completed[39m
    [35mreq[39m: {
      "id": 267,
      "method": "OPTIONS",
      "url": "/api/notifications"
    }
    [35mres[39m: {
      "statusCode": 204
    }
    [35mresponseTime[39m: 0
[12:05:20.380] [32mINFO[39m (25820): [36mrequest completed[39m
    [35mreq[39m: {
      "id": 269,
      "method": "OPTIONS",
      "url": "/api/teams"
    }
    [35mres[39m: {
      "statusCode": 204
    }
    [35mresponseTime[39m: 1
[12:05:20.382] [32mINFO[39m (25820): [36mrequest completed[39m
    [35mreq[39m: {
      "id": 270,
      "method": "OPTIONS",
      "url": "/api/eod/pending"
    }
    [35mres[39m: {
      "statusCode": 204
    }
    [35mresponseTime[39m: 0
[12:05:20.469] [32mINFO[39m (25820): [36mrequest completed[39m
    [35mreq[39m: {
      "id": 268,
      "method": "GET",
      "url": "/api/notifications"
    }
    [35mres[39m: {
      "statusCode": 304
    }
    [35mresponseTime[39m: 100
[12:05:21.484] [32mINFO[39m (25820): [36mrequest completed[39m
    [35mreq[39m: {
      "id": 272,
      "method": "GET",
      "url": "/api/eod/pending"
    }
    [35mres[39m: {
      "statusCode": 304
    }
    [35mresponseTime[39m: 1100
[12:05:21.535] [32mINFO[39m (25820): [36mrequest completed[39m
    [35mreq[39m: {
      "id": 273,
      "method": "OPTIONS",
      "url": "/api/dashboard/task-ageing"
    }
    [35mres[39m: {
      "statusCode": 204
    }
    [35mresponseTime[39m: 0
[12:05:21.546] [32mINFO[39m (25820): [36mrequest completed[39m
    [35mreq[39m: {
      "id": 274,
      "method": "OPTIONS",
      "url": "/api/eod"
    }
    [35mres[39m: {
      "statusCode": 204
    }
    [35mresponseTime[39m: 2
[12:05:21.558] [32mINFO[39m (25820): [36mrequest completed[39m
    [35mreq[39m: {
      "id": 275,
      "method": "OPTIONS",
      "url": "/api/dashboard/stats"
    }
    [35mres[39m: {
      "statusCode": 204
    }
    [35mresponseTime[39m: 1
[12:05:21.585] [32mINFO[39m (25820): [36mrequest completed[39m
    [35mreq[39m: {
      "id": 276,
      "method": "OPTIONS",
      "url": "/api/tasks"
    }
    [35mres[39m: {
      "statusCode": 204
    }
    [35mresponseTime[39m: 25
[12:05:21.593] [32mINFO[39m (25820): [36mrequest completed[39m
    [35mreq[39m: {
      "id": 277,
      "method": "OPTIONS",
      "url": "/api/users"
    }
    [35mres[39m: {
      "statusCode": 204
    }
    [35mresponseTime[39m: 1
[12:05:21.606] [32mINFO[39m (25820): [36mrequest completed[39m
    [35mreq[39m: {
      "id": 278,
      "method": "OPTIONS",
      "url": "/api/eod"
    }
    [35mres[39m: {
      "statusCode": 204
    }
    [35mresponseTime[39m: 2
[12:05:21.674] [32mINFO[39m (25820): [36mrequest completed[39m
    [35mreq[39m: {
      "id": 281,
      "method": "OPTIONS",
      "url": "/api/daily-work"
    }
    [35mres[39m: {
      "statusCode": 204
    }
    [35mresponseTime[39m: 4
[12:05:21.694] [32mINFO[39m (25820): [36mrequest completed[39m
    [35mreq[39m: {
      "id": 282,
      "method": "OPTIONS",
      "url": "/api/dashboard/team-summary"
    }
    [35mres[39m: {
      "statusCode": 204
    }
    [35mresponseTime[39m: 5
[12:05:21.789] [32mINFO[39m (25820): [36mrequest completed[39m
    [35mreq[39m: {
      "id": 285,
      "method": "OPTIONS",
      "url": "/api/tasks"
    }
    [35mres[39m: {
      "statusCode": 204
    }
    [35mresponseTime[39m: 1
[12:05:21.824] [32mINFO[39m (25820): [36mrequest aborted[39m
    [35mreq[39m: {
      "id": 271,
      "method": "GET",
      "url": "/api/teams"
    }
    [35mres[39m: {
      "statusCode": null
    }
    [35mresponseTime[39m: 1440
[12:05:21.926] [32mINFO[39m (25820): [36mrequest completed[39m
    [35mreq[39m: {
      "id": 279,
      "method": "GET",
      "url": "/api/dashboard/task-ageing"
    }
    [35mres[39m: {
      "statusCode": 304
    }
    [35mresponseTime[39m: 319
[12:05:21.946] [32mINFO[39m (25820): [36mrequest completed[39m
    [35mreq[39m: {
      "id": 287,
      "method": "GET",
      "url": "/api/eod"
    }
    [35mres[39m: {
      "statusCode": 304
    }
    [35mresponseTime[39m: 71
[12:05:22.002] [32mINFO[39m (25820): [36mrequest completed[39m
    [35mreq[39m: {
      "id": 286,
      "method": "GET",
      "url": "/api/users"
    }
    [35mres[39m: {
      "statusCode": 304
    }
    [35mresponseTime[39m: 140
[12:05:22.022] [32mINFO[39m (25820): [36mrequest completed[39m
    [35mreq[39m: {
      "id": 280,
      "method": "GET",
      "url": "/api/dashboard/stats"
    }
    [35mres[39m: {
      "statusCode": 304
    }
    [35mresponseTime[39m: 399
[12:05:22.038] [32mINFO[39m (25820): [36mrequest completed[39m
    [35mreq[39m: {
      "id": 288,
      "method": "GET",
      "url": "/api/daily-work"
    }
    [35mres[39m: {
      "statusCode": 304
    }
    [35mresponseTime[39m: 70
[12:05:22.038] [32mINFO[39m (25820): [36mrequest completed[39m
    [35mreq[39m: {
      "id": 284,
      "method": "GET",
      "url": "/api/tasks"
    }
    [35mres[39m: {
      "statusCode": 304
    }
    [35mresponseTime[39m: 284
[12:05:22.091] [32mINFO[39m (25820): [36mrequest completed[39m
    [35mreq[39m: {
      "id": 283,
      "method": "GET",
      "url": "/api/eod"
    }
    [35mres[39m: {
      "statusCode": 304
    }
    [35mresponseTime[39m: 396
[12:05:22.093] [32mINFO[39m (25820): [36mrequest completed[39m
    [35mreq[39m: {
      "id": 289,
      "method": "GET",
      "url": "/api/dashboard/team-summary"
    }
    [35mres[39m: {
      "statusCode": 304
    }
    [35mresponseTime[39m: 115
[12:05:22.158] [32mINFO[39m (25820): [36mrequest completed[39m
    [35mreq[39m: {
      "id": 290,
      "method": "GET",
      "url": "/api/tasks"
    }
    [35mres[39m: {
      "statusCode": 304
    }
    [35mresponseTime[39m: 134
[12:05:37.999] [32mINFO[39m (25820): [36mrequest completed[39m
    [35mreq[39m: {
      "id": 291,
      "method": "OPTIONS",
      "url": "/api/notifications"
    }
    [35mres[39m: {
      "statusCode": 204
    }
    [35mresponseTime[39m: 0
[12:05:38.083] [32mINFO[39m (25820): [36mrequest completed[39m
    [35mreq[39m: {
      "id": 292,
      "method": "GET",
      "url": "/api/notifications"
    }
    [35mres[39m: {
      "statusCode": 304
    }
    [35mresponseTime[39m: 82
[12:06:08.062] [32mINFO[39m (25820): [36mrequest completed[39m
    [35mreq[39m: {
      "id": 293,
      "method": "OPTIONS",
      "url": "/api/notifications"
    }
    [35mres[39m: {
      "statusCode": 204
    }
    [35mresponseTime[39m: 0
[12:06:08.156] [32mINFO[39m (25820): [36mrequest completed[39m
    [35mreq[39m: {
      "id": 294,
      "method": "GET",
      "url": "/api/notifications"
    }
    [35mres[39m: {
      "statusCode": 304
    }
    [35mresponseTime[39m: 92
[12:06:49.990] [32mINFO[39m (25820): [36mrequest completed[39m
    [35mreq[39m: {
      "id": 295,
      "method": "OPTIONS",
      "url": "/api/notifications"
    }
    [35mres[39m: {
      "statusCode": 204
    }
    [35mresponseTime[39m: 0
[12:06:50.087] [32mINFO[39m (25820): [36mrequest completed[39m
    [35mreq[39m: {
      "id": 296,
      "method": "GET",
      "url": "/api/notifications"
    }
    [35mres[39m: {
      "statusCode": 304
    }
    [35mresponseTime[39m: 94
[12:07:49.991] [32mINFO[39m (25820): [36mrequest completed[39m
    [35mreq[39m: {
      "id": 297,
      "method": "OPTIONS",
      "url": "/api/notifications"
    }
    [35mres[39m: {
      "statusCode": 204
    }
    [35mresponseTime[39m: 1
[12:07:50.102] [32mINFO[39m (25820): [36mrequest completed[39m
    [35mreq[39m: {
      "id": 298,
      "method": "GET",
      "url": "/api/notifications"
    }
    [35mres[39m: {
      "statusCode": 304
    }
    [35mresponseTime[39m: 110
[12:08:49.999] [32mINFO[39m (25820): [36mrequest completed[39m
    [35mreq[39m: {
      "id": 299,
      "method": "OPTIONS",
      "url": "/api/notifications"
    }
    [35mres[39m: {
      "statusCode": 204
    }
    [35mresponseTime[39m: 0
[12:08:50.107] [32mINFO[39m (25820): [36mrequest completed[39m
    [35mreq[39m: {
      "id": 300,
      "method": "GET",
      "url": "/api/notifications"
    }
    [35mres[39m: {
      "statusCode": 304
    }
    [35mresponseTime[39m: 107
[12:09:49.999] [32mINFO[39m (25820): [36mrequest completed[39m
    [35mreq[39m: {
      "id": 301,
      "method": "OPTIONS",
      "url": "/api/notifications"
    }
    [35mres[39m: {
      "statusCode": 204
    }
    [35mresponseTime[39m: 0
[12:09:50.104] [32mINFO[39m (25820): [36mrequest completed[39m
    [35mreq[39m: {
      "id": 302,
      "method": "GET",
      "url": "/api/notifications"
    }
    [35mres[39m: {
      "statusCode": 304
    }
    [35mresponseTime[39m: 103
[12:10:50.000] [32mINFO[39m (25820): [36mrequest completed[39m
    [35mreq[39m: {
      "id": 303,
      "method": "OPTIONS",
      "url": "/api/notifications"
    }
    [35mres[39m: {
      "statusCode": 204
    }
    [35mresponseTime[39m: 0
[12:10:50.332] [32mINFO[39m (25820): [36mrequest completed[39m
    [35mreq[39m: {
      "id": 304,
      "method": "GET",
      "url": "/api/notifications"
    }
    [35mres[39m: {
      "statusCode": 304
    }
    [35mresponseTime[39m: 325
[12:11:49.996] [32mINFO[39m (25820): [36mrequest completed[39m
    [35mreq[39m: {
      "id": 305,
      "method": "OPTIONS",
      "url": "/api/notifications"
    }
    [35mres[39m: {
      "statusCode": 204
    }
    [35mresponseTime[39m: 1
[12:11:50.087] [32mINFO[39m (25820): [36mrequest completed[39m
    [35mreq[39m: {
      "id": 306,
      "method": "GET",
      "url": "/api/notifications"
    }
    [35mres[39m: {
      "statusCode": 304
    }
    [35mresponseTime[39m: 90
[12:12:49.998] [32mINFO[39m (25820): [36mrequest completed[39m
    [35mreq[39m: {
      "id": 307,
      "method": "OPTIONS",
      "url": "/api/notifications"
    }
    [35mres[39m: {
      "statusCode": 204
    }
    [35mresponseTime[39m: 0
[12:12:50.100] [32mINFO[39m (25820): [36mrequest completed[39m
    [35mreq[39m: {
      "id": 308,
      "method": "GET",
      "url": "/api/notifications"
    }
    [35mres[39m: {
      "statusCode": 304
    }
    [35mresponseTime[39m: 100
[12:13:49.999] [32mINFO[39m (25820): [36mrequest completed[39m
    [35mreq[39m: {
      "id": 309,
      "method": "OPTIONS",
      "url": "/api/notifications"
    }
    [35mres[39m: {
      "statusCode": 204
    }
    [35mresponseTime[39m: 1
[12:13:50.119] [32mINFO[39m (25820): [36mrequest completed[39m
    [35mreq[39m: {
      "id": 310,
      "method": "GET",
      "url": "/api/notifications"
    }
    [35mres[39m: {
      "statusCode": 304
    }
    [35mresponseTime[39m: 117
[12:14:50.000] [32mINFO[39m (25820): [36mrequest completed[39m
    [35mreq[39m: {
      "id": 311,
      "method": "OPTIONS",
      "url": "/api/notifications"
    }
    [35mres[39m: {
      "statusCode": 204
    }
    [35mresponseTime[39m: 1
[12:14:50.105] [32mINFO[39m (25820): [36mrequest completed[39m
    [35mreq[39m: {
      "id": 312,
      "method": "GET",
      "url": "/api/notifications"
    }
    [35mres[39m: {
      "statusCode": 304
    }
    [35mresponseTime[39m: 103
[12:15:49.990] [32mINFO[39m (25820): [36mrequest completed[39m
    [35mreq[39m: {
      "id": 313,
      "method": "OPTIONS",
      "url": "/api/notifications"
    }
    [35mres[39m: {
      "statusCode": 204
    }
    [35mresponseTime[39m: 1
[12:15:50.207] [32mINFO[39m (25820): [36mrequest completed[39m
    [35mreq[39m: {
      "id": 314,
      "method": "GET",
      "url": "/api/notifications"
    }
    [35mres[39m: {
      "statusCode": 304
    }
    [35mresponseTime[39m: 217
[12:16:07.988] [32mINFO[39m (25820): [36mrequest completed[39m
    [35mreq[39m: {
      "id": 315,
      "method": "OPTIONS",
      "url": "/api/notifications"
    }
    [35mres[39m: {
      "statusCode": 204
    }
    [35mresponseTime[39m: 0
[12:16:08.064] [32mINFO[39m (25820): [36mrequest completed[39m
    [35mreq[39m: {
      "id": 316,
      "method": "GET",
      "url": "/api/notifications"
    }
    [35mres[39m: {
      "statusCode": 304
    }
    [35mresponseTime[39m: 74
[12:16:37.987] [32mINFO[39m (25820): [36mrequest completed[39m
    [35mreq[39m: {
      "id": 317,
      "method": "OPTIONS",
      "url": "/api/notifications"
    }
    [35mres[39m: {
      "statusCode": 204
    }
    [35mresponseTime[39m: 0
[12:16:38.172] [32mINFO[39m (25820): [36mrequest completed[39m
    [35mreq[39m: {
      "id": 318,
      "method": "GET",
      "url": "/api/notifications"
    }
    [35mres[39m: {
      "statusCode": 304
    }
    [35mresponseTime[39m: 184
[12:17:08.002] [32mINFO[39m (25820): [36mrequest completed[39m
    [35mreq[39m: {
      "id": 319,
      "method": "OPTIONS",
      "url": "/api/notifications"
    }
    [35mres[39m: {
      "statusCode": 204
    }
    [35mresponseTime[39m: 0
[12:17:08.181] [32mINFO[39m (25820): [36mrequest completed[39m
    [35mreq[39m: {
      "id": 320,
      "method": "GET",
      "url": "/api/notifications"
    }
    [35mres[39m: {
      "statusCode": 304
    }
    [35mresponseTime[39m: 175
[12:17:49.993] [32mINFO[39m (25820): [36mrequest completed[39m
    [35mreq[39m: {
      "id": 321,
      "method": "OPTIONS",
      "url": "/api/notifications"
    }
    [35mres[39m: {
      "statusCode": 204
    }
    [35mresponseTime[39m: 0
[12:17:50.085] [32mINFO[39m (25820): [36mrequest completed[39m
    [35mreq[39m: {
      "id": 322,
      "method": "GET",
      "url": "/api/notifications"
    }
    [35mres[39m: {
      "statusCode": 304
    }
    [35mresponseTime[39m: 90
[12:18:50.084] [32mINFO[39m (25820): [36mrequest completed[39m
    [35mreq[39m: {
      "id": 323,
      "method": "OPTIONS",
      "url": "/api/notifications"
    }
    [35mres[39m: {
      "statusCode": 204
    }
    [35mresponseTime[39m: 4
[12:18:50.327] [32mINFO[39m (25820): [36mrequest completed[39m
    [35mreq[39m: {
      "id": 324,
      "method": "GET",
      "url": "/api/notifications"
    }
    [35mres[39m: {
      "statusCode": 304
    }
    [35mresponseTime[39m: 236
[12:19:50.009] [32mINFO[39m (25820): [36mrequest completed[39m
    [35mreq[39m: {
      "id": 325,
      "method": "OPTIONS",
      "url": "/api/notifications"
    }
    [35mres[39m: {
      "statusCode": 204
    }
    [35mresponseTime[39m: 5
[12:19:50.152] [32mINFO[39m (25820): [36mrequest completed[39m
    [35mreq[39m: {
      "id": 326,
      "method": "GET",
      "url": "/api/notifications"
    }
    [35mres[39m: {
      "statusCode": 304
    }
    [35mresponseTime[39m: 137
[12:20:50.004] [32mINFO[39m (25820): [36mrequest completed[39m
    [35mreq[39m: {
      "id": 327,
      "method": "OPTIONS",
      "url": "/api/notifications"
    }
    [35mres[39m: {
      "statusCode": 204
    }
    [35mresponseTime[39m: 0
[12:20:50.109] [32mINFO[39m (25820): [36mrequest completed[39m
    [35mreq[39m: {
      "id": 328,
      "method": "GET",
      "url": "/api/notifications"
    }
    [35mres[39m: {
      "statusCode": 304
    }
    [35mresponseTime[39m: 101
[12:21:50.083] [32mINFO[39m (25820): [36mrequest completed[39m
    [35mreq[39m: {
      "id": 329,
      "method": "OPTIONS",
      "url": "/api/notifications"
    }
    [35mres[39m: {
      "statusCode": 204
    }
    [35mresponseTime[39m: 13
[12:21:50.387] [32mINFO[39m (25820): [36mrequest completed[39m
    [35mreq[39m: {
      "id": 330,
      "method": "GET",
      "url": "/api/notifications"
    }
    [35mres[39m: {
      "statusCode": 304
    }
    [35mresponseTime[39m: 300
[12:22:15.601] [32mINFO[39m (25820): [36mrequest completed[39m
    [35mreq[39m: {
      "id": 331,
      "method": "OPTIONS",
      "url": "/api/notifications"
    }
    [35mres[39m: {
      "statusCode": 204
    }
    [35mresponseTime[39m: 0
[12:22:15.753] [32mINFO[39m (25820): [36mrequest completed[39m
    [35mreq[39m: {
      "id": 332,
      "method": "GET",
      "url": "/api/notifications"
    }
    [35mres[39m: {
      "statusCode": 304
    }
    [35mresponseTime[39m: 149
[12:22:37.998] [32mINFO[39m (25820): [36mrequest completed[39m
    [35mreq[39m: {
      "id": 333,
      "method": "OPTIONS",
      "url": "/api/notifications"
    }
    [35mres[39m: {
      "statusCode": 204
    }
    [35mresponseTime[39m: 1
[12:22:38.186] [32mINFO[39m (25820): [36mrequest completed[39m
    [35mreq[39m: {
      "id": 334,
      "method": "GET",
      "url": "/api/notifications"
    }
    [35mres[39m: {
      "statusCode": 304
    }
    [35mresponseTime[39m: 186
[12:23:02.583] [32mINFO[39m (25820): [36mrequest completed[39m
    [35mreq[39m: {
      "id": 335,
      "method": "OPTIONS",
      "url": "/api/notifications"
    }
    [35mres[39m: {
      "statusCode": 204
    }
    [35mresponseTime[39m: 1
[12:23:02.611] [32mINFO[39m (25820): [36mrequest completed[39m
    [35mreq[39m: {
      "id": 337,
      "method": "OPTIONS",
      "url": "/api/teams"
    }
    [35mres[39m: {
      "statusCode": 204
    }
    [35mresponseTime[39m: 0
[12:23:02.614] [32mINFO[39m (25820): [36mrequest completed[39m
    [35mreq[39m: {
      "id": 338,
      "method": "OPTIONS",
      "url": "/api/eod/pending"
    }
    [35mres[39m: {
      "statusCode": 204
    }
    [35mresponseTime[39m: 0
[12:23:02.750] [32mINFO[39m (25820): [36mrequest completed[39m
    [35mreq[39m: {
      "id": 336,
      "method": "GET",
      "url": "/api/notifications"
    }
    [35mres[39m: {
      "statusCode": 304
    }
    [35mresponseTime[39m: 163
[12:23:02.922] [32mINFO[39m (25820): [36mrequest completed[39m
    [35mreq[39m: {
      "id": 340,
      "method": "GET",
      "url": "/api/eod/pending"
    }
    [35mres[39m: {
      "statusCode": 304
    }
    [35mresponseTime[39m: 293
[12:23:03.036] [32mINFO[39m (25820): [36mrequest completed[39m
    [35mreq[39m: {
      "id": 339,
      "method": "GET",
      "url": "/api/teams"
    }
    [35mres[39m: {
      "statusCode": 200
    }
    [35mresponseTime[39m: 420
[12:23:07.989] [32mINFO[39m (25820): [36mrequest completed[39m
    [35mreq[39m: {
      "id": 341,
      "method": "OPTIONS",
      "url": "/api/notifications"
    }
    [35mres[39m: {
      "statusCode": 204
    }
    [35mresponseTime[39m: 1
[12:23:08.018] [32mINFO[39m (25820): [36mrequest completed[39m
    [35mreq[39m: {
      "id": 342,
      "method": "GET",
      "url": "/api/notifications"
    }
    [35mres[39m: {
      "statusCode": 304
    }
    [35mresponseTime[39m: 25
[12:23:37.993] [32mINFO[39m (25820): [36mrequest completed[39m
    [35mreq[39m: {
      "id": 343,
      "method": "OPTIONS",
      "url": "/api/notifications"
    }
    [35mres[39m: {
      "statusCode": 204
    }
    [35mresponseTime[39m: 1
[12:23:38.191] [32mINFO[39m (25820): [36mrequest completed[39m
    [35mreq[39m: {
      "id": 344,
      "method": "GET",
      "url": "/api/notifications"
    }
    [35mres[39m: {
      "statusCode": 304
    }
    [35mresponseTime[39m: 196
[12:23:41.646] [32mINFO[39m (25820): [36mrequest completed[39m
    [35mreq[39m: {
      "id": 345,
      "method": "OPTIONS",
      "url": "/api/dashboard/top-performers"
    }
    [35mres[39m: {
      "statusCode": 204
    }
    [35mresponseTime[39m: 1
[12:23:41.648] [32mINFO[39m (25820): [36mrequest completed[39m
    [35mreq[39m: {
      "id": 346,
      "method": "OPTIONS",
      "url": "/api/dashboard/recent-activity"
    }
    [35mres[39m: {
      "statusCode": 204
    }
    [35mresponseTime[39m: 0
[12:23:41.649] [32mINFO[39m (25820): [36mrequest completed[39m
    [35mreq[39m: {
      "id": 347,
      "method": "OPTIONS",
      "url": "/api/dashboard/pending-employees"
    }
    [35mres[39m: {
      "statusCode": 204
    }
    [35mresponseTime[39m: 0
[12:23:41.651] [32mINFO[39m (25820): [36mrequest completed[39m
    [35mreq[39m: {
      "id": 348,
      "method": "OPTIONS",
      "url": "/api/dashboard/weekly-heatmap"
    }
    [35mres[39m: {
      "statusCode": 204
    }
    [35mresponseTime[39m: 1
[12:23:41.687] [32mINFO[39m (25820): [36mrequest completed[39m
    [35mreq[39m: {
      "id": 353,
      "method": "OPTIONS",
      "url": "/api/dashboard/stats"
    }
    [35mres[39m: {
      "statusCode": 204
    }
    [35mresponseTime[39m: 0
[12:23:41.693] [32mINFO[39m (25820): [36mrequest completed[39m
    [35mreq[39m: {
      "id": 354,
      "method": "OPTIONS",
      "url": "/api/dashboard/team-summary"
    }
    [35mres[39m: {
      "statusCode": 204
    }
    [35mresponseTime[39m: 1
[12:23:41.693] [32mINFO[39m (25820): [36mrequest completed[39m
    [35mreq[39m: {
      "id": 355,
      "method": "OPTIONS",
      "url": "/api/dashboard/monthly-trend"
    }
    [35mres[39m: {
      "statusCode": 204
    }
    [35mresponseTime[39m: 0
[12:23:41.695] [32mINFO[39m (25820): [36mrequest completed[39m
    [35mreq[39m: {
      "id": 356,
      "method": "OPTIONS",
      "url": "/api/users"
    }
    [35mres[39m: {
      "statusCode": 204
    }
    [35mresponseTime[39m: 0
[12:23:41.703] [32mINFO[39m (25820): [36mrequest completed[39m
    [35mreq[39m: {
      "id": 349,
      "method": "GET",
      "url": "/api/dashboard/pending-employees"
    }
    [35mres[39m: {
      "statusCode": 200
    }
    [35mresponseTime[39m: 52
[12:23:41.720] [32mINFO[39m (25820): [36mrequest completed[39m
    [35mreq[39m: {
      "id": 359,
      "method": "GET",
      "url": "/api/dashboard/monthly-trend"
    }
    [35mres[39m: {
      "statusCode": 200
    }
    [35mresponseTime[39m: 16
[12:23:41.784] [32mINFO[39m (25820): [36mrequest completed[39m
    [35mreq[39m: {
      "id": 350,
      "method": "GET",
      "url": "/api/dashboard/top-performers"
    }
    [35mres[39m: {
      "statusCode": 200
    }
    [35mresponseTime[39m: 108
[12:23:41.805] [32mINFO[39m (25820): [36mrequest completed[39m
    [35mreq[39m: {
      "id": 351,
      "method": "GET",
      "url": "/api/dashboard/recent-activity"
    }
    [35mres[39m: {
      "statusCode": 200
    }
    [35mresponseTime[39m: 126
[12:23:41.861] [32mINFO[39m (25820): [36mrequest completed[39m
    [35mreq[39m: {
      "id": 357,
      "method": "GET",
      "url": "/api/dashboard/stats"
    }
    [35mres[39m: {
      "statusCode": 304
    }
    [35mresponseTime[39m: 165
[12:23:41.880] [32mINFO[39m (25820): [36mrequest completed[39m
    [35mreq[39m: {
      "id": 352,
      "method": "GET",
      "url": "/api/dashboard/weekly-heatmap"
    }
    [35mres[39m: {
      "statusCode": 200
    }
    [35mresponseTime[39m: 195
[12:23:41.903] [32mINFO[39m (25820): [36mrequest completed[39m
    [35mreq[39m: {
      "id": 358,
      "method": "GET",
      "url": "/api/dashboard/team-summary"
    }
    [35mres[39m: {
      "statusCode": 304
    }
    [35mresponseTime[39m: 205
[12:23:41.907] [32mINFO[39m (25820): [36mrequest completed[39m
    [35mreq[39m: {
      "id": 360,
      "method": "GET",
      "url": "/api/users"
    }
    [35mres[39m: {
      "statusCode": 304
    }
    [35mresponseTime[39m: 183
[12:23:42.044] [32mINFO[39m (25820): [36mrequest completed[39m
    [35mreq[39m: {
      "id": 361,
      "method": "OPTIONS",
      "url": "/api/eod"
    }
    [35mres[39m: {
      "statusCode": 204
    }
    [35mresponseTime[39m: 0
[12:23:42.055] [32mINFO[39m (25820): [36mrequest completed[39m
    [35mreq[39m: {
      "id": 362,
      "method": "GET",
      "url": "/api/eod"
    }
    [35mres[39m: {
      "statusCode": 304
    }
    [35mresponseTime[39m: 9
[12:23:43.598] [32mINFO[39m (25820): [36mrequest completed[39m
    [35mreq[39m: {
      "id": 363,
      "method": "OPTIONS",
      "url": "/api/tasks"
    }
    [35mres[39m: {
      "statusCode": 204
    }
    [35mresponseTime[39m: 0
[12:23:43.619] [32mINFO[39m (25820): [36mrequest completed[39m
    [35mreq[39m: {
      "id": 364,
      "method": "GET",
      "url": "/api/tasks"
    }
    [35mres[39m: {
      "statusCode": 304
    }
    [35mresponseTime[39m: 16
[12:23:44.322] [32mINFO[39m (25820): [36mrequest completed[39m
    [35mreq[39m: {
      "id": 365,
      "method": "OPTIONS",
      "url": "/api/users"
    }
    [35mres[39m: {
      "statusCode": 204
    }
    [35mresponseTime[39m: 0
[12:23:44.323] [32mINFO[39m (25820): [36mrequest completed[39m
    [35mreq[39m: {
      "id": 366,
      "method": "OPTIONS",
      "url": "/api/eod"
    }
    [35mres[39m: {
      "statusCode": 204
    }
    [35mresponseTime[39m: 0
[12:23:44.331] [32mINFO[39m (25820): [36mrequest completed[39m
    [35mreq[39m: {
      "id": 367,
      "method": "GET",
      "url": "/api/users"
    }
    [35mres[39m: {
      "statusCode": 304
    }
    [35mresponseTime[39m: 6
[12:23:44.342] [32mINFO[39m (25820): [36mrequest completed[39m
    [35mreq[39m: {
      "id": 368,
      "method": "GET",
      "url": "/api/eod"
    }
    [35mres[39m: {
      "statusCode": 304
    }
    [35mresponseTime[39m: 16
[12:23:46.551] [32mINFO[39m (25820): [36mrequest completed[39m
    [35mreq[39m: {
      "id": 369,
      "method": "OPTIONS",
      "url": "/api/users"
    }
    [35mres[39m: {
      "statusCode": 204
    }
    [35mresponseTime[39m: 0
[12:23:46.552] [32mINFO[39m (25820): [36mrequest completed[39m
    [35mreq[39m: {
      "id": 370,
      "method": "OPTIONS",
      "url": "/api/eod"
    }
    [35mres[39m: {
      "statusCode": 204
    }
    [35mresponseTime[39m: 0
[12:23:46.574] [32mINFO[39m (25820): [36mrequest completed[39m
    [35mreq[39m: {
      "id": 371,
      "method": "GET",
      "url": "/api/users"
    }
    [35mres[39m: {
      "statusCode": 304
    }
    [35mresponseTime[39m: 18
[12:23:46.578] [32mINFO[39m (25820): [36mrequest completed[39m
    [35mreq[39m: {
      "id": 372,
      "method": "GET",
      "url": "/api/eod"
    }
    [35mres[39m: {
      "statusCode": 304
    }
    [35mresponseTime[39m: 21
[12:23:47.980] [32mINFO[39m (25820): [36mrequest completed[39m
    [35mreq[39m: {
      "id": 373,
      "method": "GET",
      "url": "/api/users"
    }
    [35mres[39m: {
      "statusCode": 304
    }
    [35mresponseTime[39m: 7
[12:23:47.985] [32mINFO[39m (25820): [36mrequest completed[39m
    [35mreq[39m: {
      "id": 374,
      "method": "GET",
      "url": "/api/eod"
    }
    [35mres[39m: {
      "statusCode": 304
    }
    [35mresponseTime[39m: 12
[12:23:49.703] [32mINFO[39m (25820): [36mrequest completed[39m
    [35mreq[39m: {
      "id": 375,
      "method": "OPTIONS",
      "url": "/api/users"
    }
    [35mres[39m: {
      "statusCode": 204
    }
    [35mresponseTime[39m: 0
[12:23:49.704] [32mINFO[39m (25820): [36mrequest completed[39m
    [35mreq[39m: {
      "id": 376,
      "method": "OPTIONS",
      "url": "/api/eod"
    }
    [35mres[39m: {
      "statusCode": 204
    }
    [35mresponseTime[39m: 1
[12:23:49.713] [32mINFO[39m (25820): [36mrequest completed[39m
    [35mreq[39m: {
      "id": 377,
      "method": "GET",
      "url": "/api/users"
    }
    [35mres[39m: {
      "statusCode": 304
    }
    [35mresponseTime[39m: 6
[12:23:49.716] [32mINFO[39m (25820): [36mrequest completed[39m
    [35mreq[39m: {
      "id": 378,
      "method": "GET",
      "url": "/api/eod"
    }
    [35mres[39m: {
      "statusCode": 304
    }
    [35mresponseTime[39m: 8
[12:23:49.758] [32mINFO[39m (25820): [36mrequest completed[39m
    [35mreq[39m: {
      "id": 379,
      "method": "GET",
      "url": "/api/users"
    }
    [35mres[39m: {
      "statusCode": 304
    }
    [35mresponseTime[39m: 13
[12:23:49.764] [32mINFO[39m (25820): [36mrequest completed[39m
    [35mreq[39m: {
      "id": 380,
      "method": "GET",
      "url": "/api/eod"
    }
    [35mres[39m: {
      "statusCode": 304
    }
    [35mresponseTime[39m: 17
[12:23:52.076] [32mINFO[39m (25820): [36mrequest completed[39m
    [35mreq[39m: {
      "id": 381,
      "method": "GET",
      "url": "/api/users"
    }
    [35mres[39m: {
      "statusCode": 304
    }
    [35mresponseTime[39m: 4
[12:23:52.089] [32mINFO[39m (25820): [36mrequest completed[39m
    [35mreq[39m: {
      "id": 382,
      "method": "GET",
      "url": "/api/eod"
    }
    [35mres[39m: {
      "statusCode": 304
    }
    [35mresponseTime[39m: 16
[12:23:53.757] [32mINFO[39m (25820): [36mrequest completed[39m
    [35mreq[39m: {
      "id": 383,
      "method": "OPTIONS",
      "url": "/api/tasks"
    }
    [35mres[39m: {
      "statusCode": 204
    }
    [35mresponseTime[39m: 0
[12:23:53.767] [32mINFO[39m (25820): [36mrequest completed[39m
    [35mreq[39m: {
      "id": 384,
      "method": "GET",
      "url": "/api/tasks"
    }
    [35mres[39m: {
      "statusCode": 304
    }
    [35mresponseTime[39m: 7
[12:23:55.569] [32mINFO[39m (25820): [36mrequest completed[39m
    [35mreq[39m: {
      "id": 385,
      "method": "OPTIONS",
      "url": "/api/users"
    }
    [35mres[39m: {
      "statusCode": 204
    }
    [35mresponseTime[39m: 1
[12:23:55.570] [32mINFO[39m (25820): [36mrequest completed[39m
    [35mreq[39m: {
      "id": 386,
      "method": "OPTIONS",
      "url": "/api/eod"
    }
    [35mres[39m: {
      "statusCode": 204
    }
    [35mresponseTime[39m: 1
[12:23:55.584] [32mINFO[39m (25820): [36mrequest completed[39m
    [35mreq[39m: {
      "id": 387,
      "method": "GET",
      "url": "/api/users"
    }
    [35mres[39m: {
      "statusCode": 304
    }
    [35mresponseTime[39m: 13
[12:23:55.587] [32mINFO[39m (25820): [36mrequest completed[39m
    [35mreq[39m: {
      "id": 388,
      "method": "GET",
      "url": "/api/eod"
    }
    [35mres[39m: {
      "statusCode": 304
    }
    [35mresponseTime[39m: 15
[12:23:56.204] [32mINFO[39m (25820): [36mrequest completed[39m
    [35mreq[39m: {
      "id": 389,
      "method": "OPTIONS",
      "url": "/api/tasks"
    }
    [35mres[39m: {
      "statusCode": 204
    }
    [35mresponseTime[39m: 0
[12:23:56.218] [32mINFO[39m (25820): [36mrequest completed[39m
    [35mreq[39m: {
      "id": 390,
      "method": "GET",
      "url": "/api/tasks"
    }
    [35mres[39m: {
      "statusCode": 304
    }
    [35mresponseTime[39m: 12
[12:23:57.757] [32mINFO[39m (25820): [36mrequest completed[39m
    [35mreq[39m: {
      "id": 391,
      "method": "OPTIONS",
      "url": "/api/users"
    }
    [35mres[39m: {
      "statusCode": 204
    }
    [35mresponseTime[39m: 1
[12:23:57.757] [32mINFO[39m (25820): [36mrequest completed[39m
    [35mreq[39m: {
      "id": 392,
      "method": "OPTIONS",
      "url": "/api/eod"
    }
    [35mres[39m: {
      "statusCode": 204
    }
    [35mresponseTime[39m: 0
[12:23:57.764] [32mINFO[39m (25820): [36mrequest completed[39m
    [35mreq[39m: {
      "id": 393,
      "method": "GET",
      "url": "/api/users"
    }
    [35mres[39m: {
      "statusCode": 304
    }
    [35mresponseTime[39m: 5
[12:23:57.775] [32mINFO[39m (25820): [36mrequest completed[39m
    [35mreq[39m: {
      "id": 394,
      "method": "GET",
      "url": "/api/eod"
    }
    [35mres[39m: {
      "statusCode": 304
    }
    [35mresponseTime[39m: 15
[12:23:58.899] [32mINFO[39m (25820): [36mrequest completed[39m
    [35mreq[39m: {
      "id": 395,
      "method": "OPTIONS",
      "url": "/api/tasks"
    }
    [35mres[39m: {
      "statusCode": 204
    }
    [35mresponseTime[39m: 0
[12:23:58.910] [32mINFO[39m (25820): [36mrequest completed[39m
    [35mreq[39m: {
      "id": 396,
      "method": "GET",
      "url": "/api/tasks"
    }
    [35mres[39m: {
      "statusCode": 304
    }
    [35mresponseTime[39m: 10
[12:24:08.003] [32mINFO[39m (25820): [36mrequest completed[39m
    [35mreq[39m: {
      "id": 397,
      "method": "OPTIONS",
      "url": "/api/notifications"
    }
    [35mres[39m: {
      "statusCode": 204
    }
    [35mresponseTime[39m: 1
[12:24:08.083] [32mINFO[39m (25820): [36mrequest completed[39m
    [35mreq[39m: {
      "id": 398,
      "method": "GET",
      "url": "/api/notifications"
    }
    [35mres[39m: {
      "statusCode": 304
    }
    [35mresponseTime[39m: 25
[12:24:13.031] [32mINFO[39m (25820): [36mrequest completed[39m
    [35mreq[39m: {
      "id": 399,
      "method": "OPTIONS",
      "url": "/api/users"
    }
    [35mres[39m: {
      "statusCode": 204
    }
    [35mresponseTime[39m: 0
[12:24:13.036] [32mINFO[39m (25820): [36mrequest completed[39m
    [35mreq[39m: {
      "id": 400,
      "method": "OPTIONS",
      "url": "/api/eod"
    }
    [35mres[39m: {
      "statusCode": 204
    }
    [35mresponseTime[39m: 0
[12:24:13.387] [32mINFO[39m (25820): [36mrequest completed[39m
    [35mreq[39m: {
      "id": 402,
      "method": "GET",
      "url": "/api/eod"
    }
    [35mres[39m: {
      "statusCode": 304
    }
    [35mresponseTime[39m: 334
[12:24:13.691] [32mINFO[39m (25820): [36mrequest completed[39m
    [35mreq[39m: {
      "id": 401,
      "method": "GET",
      "url": "/api/users"
    }
    [35mres[39m: {
      "statusCode": 304
    }
    [35mresponseTime[39m: 638
[12:24:13.808] [32mINFO[39m (25820): [36mrequest completed[39m
    [35mreq[39m: {
      "id": 403,
      "method": "OPTIONS",
      "url": "/api/tasks"
    }
    [35mres[39m: {
      "statusCode": 204
    }
    [35mresponseTime[39m: 1
[12:24:13.847] [32mINFO[39m (25820): [36mrequest completed[39m
    [35mreq[39m: {
      "id": 404,
      "method": "GET",
      "url": "/api/tasks"
    }
    [35mres[39m: {
      "statusCode": 304
    }
    [35mresponseTime[39m: 33
[12:24:38.040] [32mINFO[39m (25820): [36mrequest completed[39m
    [35mreq[39m: {
      "id": 405,
      "method": "OPTIONS",
      "url": "/api/notifications"
    }
    [35mres[39m: {
      "statusCode": 204
    }
    [35mresponseTime[39m: 1
[12:24:38.174] [32mINFO[39m (25820): [36mrequest completed[39m
    [35mreq[39m: {
      "id": 406,
      "method": "GET",
      "url": "/api/notifications"
    }
    [35mres[39m: {
      "statusCode": 304
    }
    [35mresponseTime[39m: 131
[12:25:08.125] [32mINFO[39m (25820): [36mrequest completed[39m
    [35mreq[39m: {
      "id": 407,
      "method": "OPTIONS",
      "url": "/api/notifications"
    }
    [35mres[39m: {
      "statusCode": 204
    }
    [35mresponseTime[39m: 0
[12:25:11.287] [32mINFO[39m (25820): [36mrequest completed[39m
    [35mreq[39m: {
      "id": 408,
      "method": "GET",
      "url": "/api/notifications"
    }
    [35mres[39m: {
      "statusCode": 304
    }
    [35mresponseTime[39m: 3132
[12:25:50.053] [32mINFO[39m (25820): [36mrequest completed[39m
    [35mreq[39m: {
      "id": 409,
      "method": "OPTIONS",
      "url": "/api/notifications"
    }
    [35mres[39m: {
      "statusCode": 204
    }
    [35mresponseTime[39m: 1
[12:25:50.181] [32mINFO[39m (25820): [36mrequest completed[39m
    [35mreq[39m: {
      "id": 410,
      "method": "GET",
      "url": "/api/notifications"
    }
    [35mres[39m: {
      "statusCode": 304
    }
    [35mresponseTime[39m: 124
[12:26:50.007] [32mINFO[39m (25820): [36mrequest completed[39m
    [35mreq[39m: {
      "id": 411,
      "method": "OPTIONS",
      "url": "/api/notifications"
    }
    [35mres[39m: {
      "statusCode": 204
    }
    [35mresponseTime[39m: 2
[12:26:50.170] [32mINFO[39m (25820): [36mrequest completed[39m
    [35mreq[39m: {
      "id": 412,
      "method": "GET",
      "url": "/api/notifications"
    }
    [35mres[39m: {
      "statusCode": 304
    }
    [35mresponseTime[39m: 162
[12:26:57.398] [32mINFO[39m (25820): [36mrequest completed[39m
    [35mreq[39m: {
      "id": 413,
      "method": "OPTIONS",
      "url": "/api/users"
    }
    [35mres[39m: {
      "statusCode": 204
    }
    [35mresponseTime[39m: 0
[12:26:57.402] [32mINFO[39m (25820): [36mrequest completed[39m
    [35mreq[39m: {
      "id": 414,
      "method": "OPTIONS",
      "url": "/api/tasks"
    }
    [35mres[39m: {
      "statusCode": 204
    }
    [35mresponseTime[39m: 0
[12:26:57.533] [32mINFO[39m (25820): [36mrequest completed[39m
    [35mreq[39m: {
      "id": 416,
      "method": "GET",
      "url": "/api/tasks"
    }
    [35mres[39m: {
      "statusCode": 304
    }
    [35mresponseTime[39m: 124
[12:26:57.607] [32mINFO[39m (25820): [36mrequest completed[39m
    [35mreq[39m: {
      "id": 415,
      "method": "GET",
      "url": "/api/users"
    }
    [35mres[39m: {
      "statusCode": 304
    }
    [35mresponseTime[39m: 203
[12:27:50.005] [32mINFO[39m (25820): [36mrequest completed[39m
    [35mreq[39m: {
      "id": 417,
      "method": "OPTIONS",
      "url": "/api/notifications"
    }
    [35mres[39m: {
      "statusCode": 204
    }
    [35mresponseTime[39m: 4
[12:27:50.124] [32mINFO[39m (25820): [36mrequest completed[39m
    [35mreq[39m: {
      "id": 418,
      "method": "GET",
      "url": "/api/notifications"
    }
    [35mres[39m: {
      "statusCode": 304
    }
    [35mresponseTime[39m: 117
[12:28:50.020] [32mINFO[39m (25820): [36mrequest completed[39m
    [35mreq[39m: {
      "id": 419,
      "method": "OPTIONS",
      "url": "/api/notifications"
    }
    [35mres[39m: {
      "statusCode": 204
    }
    [35mresponseTime[39m: 1
[12:28:50.126] [32mINFO[39m (25820): [36mrequest completed[39m
    [35mreq[39m: {
      "id": 420,
      "method": "GET",
      "url": "/api/notifications"
    }
    [35mres[39m: {
      "statusCode": 304
    }
    [35mresponseTime[39m: 100
[12:29:50.002] [32mINFO[39m (25820): [36mrequest completed[39m
    [35mreq[39m: {
      "id": 421,
      "method": "OPTIONS",
      "url": "/api/notifications"
    }
    [35mres[39m: {
      "statusCode": 204
    }
    [35mresponseTime[39m: 0
[12:29:50.112] [32mINFO[39m (25820): [36mrequest completed[39m
    [35mreq[39m: {
      "id": 422,
      "method": "GET",
      "url": "/api/notifications"
    }
    [35mres[39m: {
      "statusCode": 304
    }
    [35mresponseTime[39m: 108
[12:30:49.998] [32mINFO[39m (25820): [36mrequest completed[39m
    [35mreq[39m: {
      "id": 423,
      "method": "OPTIONS",
      "url": "/api/notifications"
    }
    [35mres[39m: {
      "statusCode": 204
    }
    [35mresponseTime[39m: 1
[12:30:50.084] [32mINFO[39m (25820): [36mrequest completed[39m
    [35mreq[39m: {
      "id": 424,
      "method": "GET",
      "url": "/api/notifications"
    }
    [35mres[39m: {
      "statusCode": 304
    }
    [35mresponseTime[39m: 85
[12:44:58.338] [32mINFO[39m (25820): [36mrequest completed[39m
    [35mreq[39m: {
      "id": 425,
      "method": "OPTIONS",
      "url": "/api/notifications"
    }
    [35mres[39m: {
      "statusCode": 204
    }
    [35mresponseTime[39m: 52
[12:44:58.927] [32mINFO[39m (25820): [36mrequest completed[39m
    [35mreq[39m: {
      "id": 426,
      "method": "GET",
      "url": "/api/notifications"
    }
    [35mres[39m: {
      "statusCode": 304
    }
    [35mresponseTime[39m: 577
[12:45:03.573] [32mINFO[39m (25820): [36mrequest completed[39m
    [35mreq[39m: {
      "id": 427,
      "method": "OPTIONS",
      "url": "/api/auth/me"
    }
    [35mres[39m: {
      "statusCode": 204
    }
    [35mresponseTime[39m: 0
[12:45:03.615] [32mINFO[39m (25820): [36mrequest completed[39m
    [35mreq[39m: {
      "id": 428,
      "method": "GET",
      "url": "/api/auth/me"
    }
    [35mres[39m: {
      "statusCode": 304
    }
    [35mresponseTime[39m: 38
[12:45:04.167] [32mINFO[39m (25820): [36mrequest completed[39m
    [35mreq[39m: {
      "id": 429,
      "method": "OPTIONS",
      "url": "/api/users"
    }
    [35mres[39m: {
      "statusCode": 204
    }
    [35mresponseTime[39m: 0
[12:45:04.170] [32mINFO[39m (25820): [36mrequest completed[39m
    [35mreq[39m: {
      "id": 430,
      "method": "OPTIONS",
      "url": "/api/eod"
    }
    [35mres[39m: {
      "statusCode": 204
    }
    [35mresponseTime[39m: 1
[12:45:04.170] [32mINFO[39m (25820): [36mrequest completed[39m
    [35mreq[39m: {
      "id": 431,
      "method": "OPTIONS",
      "url": "/api/notifications"
    }
    [35mres[39m: {
      "statusCode": 204
    }
    [35mresponseTime[39m: 0
[12:45:04.321] [32mINFO[39m (25820): [36mrequest completed[39m
    [35mreq[39m: {
      "id": 434,
      "method": "GET",
      "url": "/api/notifications"
    }
    [35mres[39m: {
      "statusCode": 304
    }
    [35mresponseTime[39m: 141
[12:45:04.331] [32mINFO[39m (25820): [36mrequest completed[39m
    [35mreq[39m: {
      "id": 433,
      "method": "GET",
      "url": "/api/eod"
    }
    [35mres[39m: {
      "statusCode": 304
    }
    [35mresponseTime[39m: 157
[12:45:04.430] [32mINFO[39m (25820): [36mrequest completed[39m
    [35mreq[39m: {
      "id": 432,
      "method": "GET",
      "url": "/api/users"
    }
    [35mres[39m: {
      "statusCode": 304
    }
    [35mresponseTime[39m: 259
[12:45:35.065] [32mINFO[39m (25820): [36mrequest completed[39m
    [35mreq[39m: {
      "id": 435,
      "method": "OPTIONS",
      "url": "/api/notifications"
    }
    [35mres[39m: {
      "statusCode": 204
    }
    [35mresponseTime[39m: 24
[12:45:35.285] [32mINFO[39m (25820): [36mrequest completed[39m
    [35mreq[39m: {
      "id": 436,
      "method": "GET",
      "url": "/api/notifications"
    }
    [35mres[39m: {
      "statusCode": 304
    }
    [35mresponseTime[39m: 217
[12:46:04.991] [32mINFO[39m (25820): [36mrequest completed[39m
    [35mreq[39m: {
      "id": 437,
      "method": "OPTIONS",
      "url": "/api/notifications"
    }
    [35mres[39m: {
      "statusCode": 204
    }
    [35mresponseTime[39m: 0
[12:46:05.081] [32mINFO[39m (25820): [36mrequest completed[39m
    [35mreq[39m: {
      "id": 438,
      "method": "GET",
      "url": "/api/notifications"
    }
    [35mres[39m: {
      "statusCode": 304
    }
    [35mresponseTime[39m: 86
[12:46:34.988] [32mINFO[39m (25820): [36mrequest completed[39m
    [35mreq[39m: {
      "id": 439,
      "method": "OPTIONS",
      "url": "/api/notifications"
    }
    [35mres[39m: {
      "statusCode": 204
    }
    [35mresponseTime[39m: 0
[12:46:35.072] [32mINFO[39m (25820): [36mrequest completed[39m
    [35mreq[39m: {
      "id": 440,
      "method": "GET",
      "url": "/api/notifications"
    }
    [35mres[39m: {
      "statusCode": 304
    }
    [35mresponseTime[39m: 83
[12:47:04.994] [32mINFO[39m (25820): [36mrequest completed[39m
    [35mreq[39m: {
      "id": 441,
      "method": "OPTIONS",
      "url": "/api/notifications"
    }
    [35mres[39m: {
      "statusCode": 204
    }
    [35mresponseTime[39m: 1
[12:47:05.082] [32mINFO[39m (25820): [36mrequest completed[39m
    [35mreq[39m: {
      "id": 442,
      "method": "GET",
      "url": "/api/notifications"
    }
    [35mres[39m: {
      "statusCode": 304
    }
    [35mresponseTime[39m: 86
[12:47:35.000] [32mINFO[39m (25820): [36mrequest completed[39m
    [35mreq[39m: {
      "id": 443,
      "method": "OPTIONS",
      "url": "/api/notifications"
    }
    [35mres[39m: {
      "statusCode": 204
    }
    [35mresponseTime[39m: 1
[12:47:35.103] [32mINFO[39m (25820): [36mrequest completed[39m
    [35mreq[39m: {
      "id": 444,
      "method": "GET",
      "url": "/api/notifications"
    }
    [35mres[39m: {
      "statusCode": 304
    }
    [35mresponseTime[39m: 102
[12:48:05.000] [32mINFO[39m (25820): [36mrequest completed[39m
    [35mreq[39m: {
      "id": 445,
      "method": "OPTIONS",
      "url": "/api/notifications"
    }
    [35mres[39m: {
      "statusCode": 204
    }
    [35mresponseTime[39m: 1
[12:48:05.074] [32mINFO[39m (25820): [36mrequest completed[39m
    [35mreq[39m: {
      "id": 446,
      "method": "GET",
      "url": "/api/notifications"
    }
    [35mres[39m: {
      "statusCode": 304
    }
    [35mresponseTime[39m: 73
[12:48:49.991] [32mINFO[39m (25820): [36mrequest completed[39m
    [35mreq[39m: {
      "id": 447,
      "method": "OPTIONS",
      "url": "/api/notifications"
    }
    [35mres[39m: {
      "statusCode": 204
    }
    [35mresponseTime[39m: 0
[12:48:50.071] [32mINFO[39m (25820): [36mrequest completed[39m
    [35mreq[39m: {
      "id": 448,
      "method": "GET",
      "url": "/api/notifications"
    }
    [35mres[39m: {
      "statusCode": 304
    }
    [35mresponseTime[39m: 78
[12:49:49.994] [32mINFO[39m (25820): [36mrequest completed[39m
    [35mreq[39m: {
      "id": 449,
      "method": "OPTIONS",
      "url": "/api/notifications"
    }
    [35mres[39m: {
      "statusCode": 204
    }
    [35mresponseTime[39m: 0
[12:49:50.055] [32mINFO[39m (25820): [36mrequest completed[39m
    [35mreq[39m: {
      "id": 450,
      "method": "GET",
      "url": "/api/notifications"
    }
    [35mres[39m: {
      "statusCode": 304
    }
    [35mresponseTime[39m: 59
[12:50:46.389] [32mINFO[39m (25820): [36mrequest completed[39m
    [35mreq[39m: {
      "id": 451,
      "method": "OPTIONS",
      "url": "/api/auth/me"
    }
    [35mres[39m: {
      "statusCode": 204
    }
    [35mresponseTime[39m: 1
[12:50:46.531] [32mINFO[39m (25820): [36mrequest completed[39m
    [35mreq[39m: {
      "id": 452,
      "method": "GET",
      "url": "/api/auth/me"
    }
    [35mres[39m: {
      "statusCode": 304
    }
    [35mresponseTime[39m: 138
[12:50:47.605] [32mINFO[39m (25820): [36mrequest completed[39m
    [35mreq[39m: {
      "id": 453,
      "method": "OPTIONS",
      "url": "/api/users"
    }
    [35mres[39m: {
      "statusCode": 204
    }
    [35mresponseTime[39m: 0
[12:50:47.610] [32mINFO[39m (25820): [36mrequest completed[39m
    [35mreq[39m: {
      "id": 455,
      "method": "OPTIONS",
      "url": "/api/eod"
    }
    [35mres[39m: {
      "statusCode": 204
    }
    [35mresponseTime[39m: 1
[12:50:47.627] [32mINFO[39m (25820): [36mrequest completed[39m
    [35mreq[39m: {
      "id": 456,
      "method": "OPTIONS",
      "url": "/api/notifications"
    }
    [35mres[39m: {
      "statusCode": 204
    }
    [35mresponseTime[39m: 1
[12:50:47.664] [32mINFO[39m (25820): [36mrequest completed[39m
    [35mreq[39m: {
      "id": 458,
      "method": "GET",
      "url": "/api/notifications"
    }
    [35mres[39m: {
      "statusCode": 304
    }
    [35mresponseTime[39m: 30
[12:50:47.667] [32mINFO[39m (25820): [36mrequest completed[39m
    [35mreq[39m: {
      "id": 457,
      "method": "GET",
      "url": "/api/eod"
    }
    [35mres[39m: {
      "statusCode": 304
    }
    [35mresponseTime[39m: 40
[12:50:47.765] [32mINFO[39m (25820): [36mrequest completed[39m
    [35mreq[39m: {
      "id": 454,
      "method": "GET",
      "url": "/api/users"
    }
    [35mres[39m: {
      "statusCode": 304
    }
    [35mresponseTime[39m: 158
[12:51:17.996] [32mINFO[39m (25820): [36mrequest completed[39m
    [35mreq[39m: {
      "id": 459,
      "method": "OPTIONS",
      "url": "/api/notifications"
    }
    [35mres[39m: {
      "statusCode": 204
    }
    [35mresponseTime[39m: 0
[12:51:18.079] [32mINFO[39m (25820): [36mrequest completed[39m
    [35mreq[39m: {
      "id": 460,
      "method": "GET",
      "url": "/api/notifications"
    }
    [35mres[39m: {
      "statusCode": 304
    }
    [35mresponseTime[39m: 80
[12:51:47.998] [32mINFO[39m (25820): [36mrequest completed[39m
    [35mreq[39m: {
      "id": 461,
      "method": "OPTIONS",
      "url": "/api/notifications"
    }
    [35mres[39m: {
      "statusCode": 204
    }
    [35mresponseTime[39m: 1
[12:51:48.181] [32mINFO[39m (25820): [36mrequest completed[39m
    [35mreq[39m: {
      "id": 462,
      "method": "GET",
      "url": "/api/notifications"
    }
    [35mres[39m: {
      "statusCode": 304
    }
    [35mresponseTime[39m: 181
[12:52:17.990] [32mINFO[39m (25820): [36mrequest completed[39m
    [35mreq[39m: {
      "id": 463,
      "method": "OPTIONS",
      "url": "/api/notifications"
    }
    [35mres[39m: {
      "statusCode": 204
    }
    [35mresponseTime[39m: 0
[12:52:18.073] [32mINFO[39m (25820): [36mrequest completed[39m
    [35mreq[39m: {
      "id": 464,
      "method": "GET",
      "url": "/api/notifications"
    }
    [35mres[39m: {
      "statusCode": 304
    }
    [35mresponseTime[39m: 82
[12:52:47.993] [32mINFO[39m (25820): [36mrequest completed[39m
    [35mreq[39m: {
      "id": 465,
      "method": "OPTIONS",
      "url": "/api/notifications"
    }
    [35mres[39m: {
      "statusCode": 204
    }
    [35mresponseTime[39m: 0
[12:52:48.067] [32mINFO[39m (25820): [36mrequest completed[39m
    [35mreq[39m: {
      "id": 466,
      "method": "GET",
      "url": "/api/notifications"
    }
    [35mres[39m: {
      "statusCode": 304
    }
    [35mresponseTime[39m: 72
[12:53:18.004] [32mINFO[39m (25820): [36mrequest completed[39m
    [35mreq[39m: {
      "id": 467,
      "method": "OPTIONS",
      "url": "/api/notifications"
    }
    [35mres[39m: {
      "statusCode": 204
    }
    [35mresponseTime[39m: 1
[12:53:18.079] [32mINFO[39m (25820): [36mrequest completed[39m
    [35mreq[39m: {
      "id": 468,
      "method": "GET",
      "url": "/api/notifications"
    }
    [35mres[39m: {
      "statusCode": 304
    }
    [35mresponseTime[39m: 73
[12:53:48.001] [32mINFO[39m (25820): [36mrequest completed[39m
    [35mreq[39m: {
      "id": 469,
      "method": "OPTIONS",
      "url": "/api/notifications"
    }
    [35mres[39m: {
      "statusCode": 204
    }
    [35mresponseTime[39m: 0
[12:53:48.070] [32mINFO[39m (25820): [36mrequest completed[39m
    [35mreq[39m: {
      "id": 470,
      "method": "GET",
      "url": "/api/notifications"
    }
    [35mres[39m: {
      "statusCode": 304
    }
    [35mresponseTime[39m: 65
[12:54:50.008] [32mINFO[39m (25820): [36mrequest completed[39m
    [35mreq[39m: {
      "id": 471,
      "method": "OPTIONS",
      "url": "/api/notifications"
    }
    [35mres[39m: {
      "statusCode": 204
    }
    [35mresponseTime[39m: 0
[12:54:50.071] [32mINFO[39m (25820): [36mrequest completed[39m
    [35mreq[39m: {
      "id": 472,
      "method": "GET",
      "url": "/api/notifications"
    }
    [35mres[39m: {
      "statusCode": 304
    }
    [35mresponseTime[39m: 61
[12:55:49.994] [32mINFO[39m (25820): [36mrequest completed[39m
    [35mreq[39m: {
      "id": 473,
      "method": "OPTIONS",
      "url": "/api/notifications"
    }
    [35mres[39m: {
      "statusCode": 204
    }
    [35mresponseTime[39m: 0
[12:55:50.074] [32mINFO[39m (25820): [36mrequest completed[39m
    [35mreq[39m: {
      "id": 474,
      "method": "GET",
      "url": "/api/notifications"
    }
    [35mres[39m: {
      "statusCode": 304
    }
    [35mresponseTime[39m: 78
[12:56:50.011] [32mINFO[39m (25820): [36mrequest completed[39m
    [35mreq[39m: {
      "id": 475,
      "method": "OPTIONS",
      "url": "/api/notifications"
    }
    [35mres[39m: {
      "statusCode": 204
    }
    [35mresponseTime[39m: 1
[12:56:50.087] [32mINFO[39m (25820): [36mrequest completed[39m
    [35mreq[39m: {
      "id": 476,
      "method": "GET",
      "url": "/api/notifications"
    }
    [35mres[39m: {
      "statusCode": 304
    }
    [35mresponseTime[39m: 74
[12:57:50.001] [32mINFO[39m (25820): [36mrequest completed[39m
    [35mreq[39m: {
      "id": 477,
      "method": "OPTIONS",
      "url": "/api/notifications"
    }
    [35mres[39m: {
      "statusCode": 204
    }
    [35mresponseTime[39m: 1
[12:57:50.079] [32mINFO[39m (25820): [36mrequest completed[39m
    [35mreq[39m: {
      "id": 478,
      "method": "GET",
      "url": "/api/notifications"
    }
    [35mres[39m: {
      "statusCode": 304
    }
    [35mresponseTime[39m: 77
[12:58:50.002] [32mINFO[39m (25820): [36mrequest completed[39m
    [35mreq[39m: {
      "id": 479,
      "method": "OPTIONS",
      "url": "/api/notifications"
    }
    [35mres[39m: {
      "statusCode": 204
    }
    [35mresponseTime[39m: 0
[12:58:50.091] [32mINFO[39m (25820): [36mrequest completed[39m
    [35mreq[39m: {
      "id": 480,
      "method": "GET",
      "url": "/api/notifications"
    }
    [35mres[39m: {
      "statusCode": 304
    }
    [35mresponseTime[39m: 87
[12:59:50.002] [32mINFO[39m (25820): [36mrequest completed[39m
    [35mreq[39m: {
      "id": 481,
      "method": "OPTIONS",
      "url": "/api/notifications"
    }
    [35mres[39m: {
      "statusCode": 204
    }
    [35mresponseTime[39m: 0
[12:59:50.105] [32mINFO[39m (25820): [36mrequest completed[39m
    [35mreq[39m: {
      "id": 482,
      "method": "GET",
      "url": "/api/notifications"
    }
    [35mres[39m: {
      "statusCode": 304
    }
    [35mresponseTime[39m: 101
[13:00:50.000] [32mINFO[39m (25820): [36mrequest completed[39m
    [35mreq[39m: {
      "id": 483,
      "method": "OPTIONS",
      "url": "/api/notifications"
    }
    [35mres[39m: {
      "statusCode": 204
    }
    [35mresponseTime[39m: 0
[13:00:50.071] [32mINFO[39m (25820): [36mrequest completed[39m
    [35mreq[39m: {
      "id": 484,
      "method": "GET",
      "url": "/api/notifications"
    }
    [35mres[39m: {
      "statusCode": 304
    }
    [35mresponseTime[39m: 68
[13:01:50.004] [32mINFO[39m (25820): [36mrequest completed[39m
    [35mreq[39m: {
      "id": 485,
      "method": "OPTIONS",
      "url": "/api/notifications"
    }
    [35mres[39m: {
      "statusCode": 204
    }
    [35mresponseTime[39m: 0
[13:01:50.102] [32mINFO[39m (25820): [36mrequest completed[39m
    [35mreq[39m: {
      "id": 486,
      "method": "GET",
      "url": "/api/notifications"
    }
    [35mres[39m: {
      "statusCode": 304
    }
    [35mresponseTime[39m: 97
[13:02:49.995] [32mINFO[39m (25820): [36mrequest completed[39m
    [35mreq[39m: {
      "id": 487,
      "method": "OPTIONS",
      "url": "/api/notifications"
    }
    [35mres[39m: {
      "statusCode": 204
    }
    [35mresponseTime[39m: 1
[13:02:50.083] [32mINFO[39m (25820): [36mrequest completed[39m
    [35mreq[39m: {
      "id": 488,
      "method": "GET",
      "url": "/api/notifications"
    }
    [35mres[39m: {
      "statusCode": 304
    }
    [35mresponseTime[39m: 87
[13:03:50.011] [32mINFO[39m (25820): [36mrequest completed[39m
    [35mreq[39m: {
      "id": 489,
      "method": "OPTIONS",
      "url": "/api/notifications"
    }
    [35mres[39m: {
      "statusCode": 204
    }
    [35mresponseTime[39m: 0
[13:03:50.110] [32mINFO[39m (25820): [36mrequest completed[39m
    [35mreq[39m: {
      "id": 490,
      "method": "GET",
      "url": "/api/notifications"
    }
    [35mres[39m: {
      "statusCode": 304
    }
    [35mresponseTime[39m: 96
[13:04:50.003] [32mINFO[39m (25820): [36mrequest completed[39m
    [35mreq[39m: {
      "id": 491,
      "method": "OPTIONS",
      "url": "/api/notifications"
    }
    [35mres[39m: {
      "statusCode": 204
    }
    [35mresponseTime[39m: 1
[13:04:50.186] [32mINFO[39m (25820): [36mrequest completed[39m
    [35mreq[39m: {
      "id": 492,
      "method": "GET",
      "url": "/api/notifications"
    }
    [35mres[39m: {
      "statusCode": 304
    }
    [35mresponseTime[39m: 180
[13:05:50.001] [32mINFO[39m (25820): [36mrequest completed[39m
    [35mreq[39m: {
      "id": 493,
      "method": "OPTIONS",
      "url": "/api/notifications"
    }
    [35mres[39m: {
      "statusCode": 204
    }
    [35mresponseTime[39m: 1
[13:05:50.195] [32mINFO[39m (25820): [36mrequest completed[39m
    [35mreq[39m: {
      "id": 494,
      "method": "GET",
      "url": "/api/notifications"
    }
    [35mres[39m: {
      "statusCode": 304
    }
    [35mresponseTime[39m: 193
[13:06:50.019] [32mINFO[39m (25820): [36mrequest completed[39m
    [35mreq[39m: {
      "id": 495,
      "method": "OPTIONS",
      "url": "/api/notifications"
    }
    [35mres[39m: {
      "statusCode": 204
    }
    [35mresponseTime[39m: 1
[13:06:50.107] [32mINFO[39m (25820): [36mrequest completed[39m
    [35mreq[39m: {
      "id": 496,
      "method": "GET",
      "url": "/api/notifications"
    }
    [35mres[39m: {
      "statusCode": 304
    }
    [35mresponseTime[39m: 85
[13:07:50.002] [32mINFO[39m (25820): [36mrequest completed[39m
    [35mreq[39m: {
      "id": 497,
      "method": "OPTIONS",
      "url": "/api/notifications"
    }
    [35mres[39m: {
      "statusCode": 204
    }
    [35mresponseTime[39m: 1
[13:07:50.082] [32mINFO[39m (25820): [36mrequest completed[39m
    [35mreq[39m: {
      "id": 498,
      "method": "GET",
      "url": "/api/notifications"
    }
    [35mres[39m: {
      "statusCode": 304
    }
    [35mresponseTime[39m: 79
[13:08:50.055] [32mINFO[39m (25820): [36mrequest completed[39m
    [35mreq[39m: {
      "id": 499,
      "method": "OPTIONS",
      "url": "/api/notifications"
    }
    [35mres[39m: {
      "statusCode": 204
    }
    [35mresponseTime[39m: 1
[13:08:50.123] [32mINFO[39m (25820): [36mrequest completed[39m
    [35mreq[39m: {
      "id": 500,
      "method": "GET",
      "url": "/api/notifications"
    }
    [35mres[39m: {
      "statusCode": 304
    }
    [35mresponseTime[39m: 67
[13:09:50.006] [32mINFO[39m (25820): [36mrequest completed[39m
    [35mreq[39m: {
      "id": 501,
      "method": "OPTIONS",
      "url": "/api/notifications"
    }
    [35mres[39m: {
      "statusCode": 204
    }
    [35mresponseTime[39m: 1
[13:09:50.099] [32mINFO[39m (25820): [36mrequest completed[39m
    [35mreq[39m: {
      "id": 502,
      "method": "GET",
      "url": "/api/notifications"
    }
    [35mres[39m: {
      "statusCode": 304
    }
    [35mresponseTime[39m: 91
[13:10:50.018] [32mINFO[39m (25820): [36mrequest completed[39m
    [35mreq[39m: {
      "id": 503,
      "method": "OPTIONS",
      "url": "/api/notifications"
    }
    [35mres[39m: {
      "statusCode": 204
    }
    [35mresponseTime[39m: 0
[13:10:50.086] [32mINFO[39m (25820): [36mrequest completed[39m
    [35mreq[39m: {
      "id": 504,
      "method": "GET",
      "url": "/api/notifications"
    }
    [35mres[39m: {
      "statusCode": 304
    }
    [35mresponseTime[39m: 66
[13:11:50.028] [32mINFO[39m (25820): [36mrequest completed[39m
    [35mreq[39m: {
      "id": 505,
      "method": "OPTIONS",
      "url": "/api/notifications"
    }
    [35mres[39m: {
      "statusCode": 204
    }
    [35mresponseTime[39m: 0
[13:11:50.122] [32mINFO[39m (25820): [36mrequest completed[39m
    [35mreq[39m: {
      "id": 506,
      "method": "GET",
      "url": "/api/notifications"
    }
    [35mres[39m: {
      "statusCode": 304
    }
    [35mresponseTime[39m: 92
[13:12:50.006] [32mINFO[39m (25820): [36mrequest completed[39m
    [35mreq[39m: {
      "id": 507,
      "method": "OPTIONS",
      "url": "/api/notifications"
    }
    [35mres[39m: {
      "statusCode": 204
    }
    [35mresponseTime[39m: 1
[13:12:50.106] [32mINFO[39m (25820): [36mrequest completed[39m
    [35mreq[39m: {
      "id": 508,
      "method": "GET",
      "url": "/api/notifications"
    }
    [35mres[39m: {
      "statusCode": 304
    }
    [35mresponseTime[39m: 97
[13:13:50.011] [32mINFO[39m (25820): [36mrequest completed[39m
    [35mreq[39m: {
      "id": 509,
      "method": "OPTIONS",
      "url": "/api/notifications"
    }
    [35mres[39m: {
      "statusCode": 204
    }
    [35mresponseTime[39m: 1
[13:13:50.088] [32mINFO[39m (25820): [36mrequest completed[39m
    [35mreq[39m: {
      "id": 510,
      "method": "GET",
      "url": "/api/notifications"
    }
    [35mres[39m: {
      "statusCode": 304
    }
    [35mresponseTime[39m: 74
[13:14:50.008] [32mINFO[39m (25820): [36mrequest completed[39m
    [35mreq[39m: {
      "id": 511,
      "method": "OPTIONS",
      "url": "/api/notifications"
    }
    [35mres[39m: {
      "statusCode": 204
    }
    [35mresponseTime[39m: 2
[13:14:50.102] [32mINFO[39m (25820): [36mrequest completed[39m
    [35mreq[39m: {
      "id": 512,
      "method": "GET",
      "url": "/api/notifications"
    }
    [35mres[39m: {
      "statusCode": 304
    }
    [35mresponseTime[39m: 90
[13:15:49.999] [32mINFO[39m (25820): [36mrequest completed[39m
    [35mreq[39m: {
      "id": 513,
      "method": "OPTIONS",
      "url": "/api/notifications"
    }
    [35mres[39m: {
      "statusCode": 204
    }
    [35mresponseTime[39m: 0
[13:15:50.073] [32mINFO[39m (25820): [36mrequest completed[39m
    [35mreq[39m: {
      "id": 514,
      "method": "GET",
      "url": "/api/notifications"
    }
    [35mres[39m: {
      "statusCode": 304
    }
    [35mresponseTime[39m: 72
[13:16:49.994] [32mINFO[39m (25820): [36mrequest completed[39m
    [35mreq[39m: {
      "id": 515,
      "method": "OPTIONS",
      "url": "/api/notifications"
    }
    [35mres[39m: {
      "statusCode": 204
    }
    [35mresponseTime[39m: 1
[13:16:50.093] [32mINFO[39m (25820): [36mrequest completed[39m
    [35mreq[39m: {
      "id": 516,
      "method": "GET",
      "url": "/api/notifications"
    }
    [35mres[39m: {
      "statusCode": 304
    }
    [35mresponseTime[39m: 98
[13:17:50.005] [32mINFO[39m (25820): [36mrequest completed[39m
    [35mreq[39m: {
      "id": 517,
      "method": "OPTIONS",
      "url": "/api/notifications"
    }
    [35mres[39m: {
      "statusCode": 204
    }
    [35mresponseTime[39m: 0
[13:17:50.091] [32mINFO[39m (25820): [36mrequest completed[39m
    [35mreq[39m: {
      "id": 518,
      "method": "GET",
      "url": "/api/notifications"
    }
    [35mres[39m: {
      "statusCode": 304
    }
    [35mresponseTime[39m: 81
[13:18:49.998] [32mINFO[39m (25820): [36mrequest completed[39m
    [35mreq[39m: {
      "id": 519,
      "method": "OPTIONS",
      "url": "/api/notifications"
    }
    [35mres[39m: {
      "statusCode": 204
    }
    [35mresponseTime[39m: 1
[13:18:50.080] [32mINFO[39m (25820): [36mrequest completed[39m
    [35mreq[39m: {
      "id": 520,
      "method": "GET",
      "url": "/api/notifications"
    }
    [35mres[39m: {
      "statusCode": 304
    }
    [35mresponseTime[39m: 80
[13:19:50.023] [32mINFO[39m (25820): [36mrequest completed[39m
    [35mreq[39m: {
      "id": 521,
      "method": "OPTIONS",
      "url": "/api/notifications"
    }
    [35mres[39m: {
      "statusCode": 204
    }
    [35mresponseTime[39m: 0
[13:19:50.093] [32mINFO[39m (25820): [36mrequest completed[39m
    [35mreq[39m: {
      "id": 522,
      "method": "GET",
      "url": "/api/notifications"
    }
    [35mres[39m: {
      "statusCode": 304
    }
    [35mresponseTime[39m: 68
[13:20:50.003] [32mINFO[39m (25820): [36mrequest completed[39m
    [35mreq[39m: {
      "id": 523,
      "method": "OPTIONS",
      "url": "/api/notifications"
    }
    [35mres[39m: {
      "statusCode": 204
    }
    [35mresponseTime[39m: 2
[13:20:50.095] [32mINFO[39m (25820): [36mrequest completed[39m
    [35mreq[39m: {
      "id": 524,
      "method": "GET",
      "url": "/api/notifications"
    }
    [35mres[39m: {
      "statusCode": 304
    }
    [35mresponseTime[39m: 92
[13:21:50.000] [32mINFO[39m (25820): [36mrequest completed[39m
    [35mreq[39m: {
      "id": 525,
      "method": "OPTIONS",
      "url": "/api/notifications"
    }
    [35mres[39m: {
      "statusCode": 204
    }
    [35mresponseTime[39m: 0
[13:21:50.082] [32mINFO[39m (25820): [36mrequest completed[39m
    [35mreq[39m: {
      "id": 526,
      "method": "GET",
      "url": "/api/notifications"
    }
    [35mres[39m: {
      "statusCode": 304
    }
    [35mresponseTime[39m: 80
[13:22:49.742] [32mINFO[39m (25820): [36mrequest completed[39m
    [35mreq[39m: {
      "id": 527,
      "method": "OPTIONS",
      "url": "/api/auth/me"
    }
    [35mres[39m: {
      "statusCode": 204
    }
    [35mresponseTime[39m: 1
[13:22:49.838] [32mINFO[39m (25820): [36mrequest completed[39m
    [35mreq[39m: {
      "id": 528,
      "method": "GET",
      "url": "/api/auth/me"
    }
    [35mres[39m: {
      "statusCode": 304
    }
    [35mresponseTime[39m: 94
[13:22:50.060] [32mINFO[39m (25820): [36mrequest completed[39m
    [35mreq[39m: {
      "id": 529,
      "method": "OPTIONS",
      "url": "/api/users"
    }
    [35mres[39m: {
      "statusCode": 204
    }
    [35mresponseTime[39m: 0
[13:22:50.063] [32mINFO[39m (25820): [36mrequest completed[39m
    [35mreq[39m: {
      "id": 530,
      "method": "OPTIONS",
      "url": "/api/eod"
    }
    [35mres[39m: {
      "statusCode": 204
    }
    [35mresponseTime[39m: 1
[13:22:50.064] [32mINFO[39m (25820): [36mrequest completed[39m
    [35mreq[39m: {
      "id": 531,
      "method": "OPTIONS",
      "url": "/api/notifications"
    }
    [35mres[39m: {
      "statusCode": 204
    }
    [35mresponseTime[39m: 1
[13:22:50.144] [32mINFO[39m (25820): [36mrequest completed[39m
    [35mreq[39m: {
      "id": 533,
      "method": "GET",
      "url": "/api/notifications"
    }
    [35mres[39m: {
      "statusCode": 304
    }
    [35mresponseTime[39m: 77
[13:22:50.170] [32mINFO[39m (25820): [36mrequest completed[39m
    [35mreq[39m: {
      "id": 534,
      "method": "GET",
      "url": "/api/eod"
    }
    [35mres[39m: {
      "statusCode": 304
    }
    [35mresponseTime[39m: 102
[13:22:50.218] [32mINFO[39m (25820): [36mrequest completed[39m
    [35mreq[39m: {
      "id": 532,
      "method": "GET",
      "url": "/api/users"
    }
    [35mres[39m: {
      "statusCode": 304
    }
    [35mresponseTime[39m: 154
[13:23:21.000] [32mINFO[39m (25820): [36mrequest completed[39m
    [35mreq[39m: {
      "id": 535,
      "method": "OPTIONS",
      "url": "/api/notifications"
    }
    [35mres[39m: {
      "statusCode": 204
    }
    [35mresponseTime[39m: 1
[13:23:21.071] [32mINFO[39m (25820): [36mrequest completed[39m
    [35mreq[39m: {
      "id": 536,
      "method": "GET",
      "url": "/api/notifications"
    }
    [35mres[39m: {
      "statusCode": 304
    }
    [35mresponseTime[39m: 69
[13:23:51.000] [32mINFO[39m (25820): [36mrequest completed[39m
    [35mreq[39m: {
      "id": 537,
      "method": "OPTIONS",
      "url": "/api/notifications"
    }
    [35mres[39m: {
      "statusCode": 204
    }
    [35mresponseTime[39m: 0
[13:23:51.087] [32mINFO[39m (25820): [36mrequest completed[39m
    [35mreq[39m: {
      "id": 538,
      "method": "GET",
      "url": "/api/notifications"
    }
    [35mres[39m: {
      "statusCode": 304
    }
    [35mresponseTime[39m: 85
[13:24:03.942] [32mINFO[39m (25820): [36mrequest completed[39m
    [35mreq[39m: {
      "id": 539,
      "method": "OPTIONS",
      "url": "/api/auth/me"
    }
    [35mres[39m: {
      "statusCode": 204
    }
    [35mresponseTime[39m: 1
[13:24:04.132] [32mINFO[39m (25820): [36mrequest completed[39m
    [35mreq[39m: {
      "id": 540,
      "method": "GET",
      "url": "/api/auth/me"
    }
    [35mres[39m: {
      "statusCode": 304
    }
    [35mresponseTime[39m: 184
[13:24:04.225] [32mINFO[39m (25820): [36mrequest completed[39m
    [35mreq[39m: {
      "id": 541,
      "method": "OPTIONS",
      "url": "/api/users"
    }
    [35mres[39m: {
      "statusCode": 204
    }
    [35mresponseTime[39m: 0
[13:24:04.228] [32mINFO[39m (25820): [36mrequest completed[39m
    [35mreq[39m: {
      "id": 542,
      "method": "OPTIONS",
      "url": "/api/eod"
    }
    [35mres[39m: {
      "statusCode": 204
    }
    [35mresponseTime[39m: 0
[13:24:04.229] [32mINFO[39m (25820): [36mrequest completed[39m
    [35mreq[39m: {
      "id": 543,
      "method": "OPTIONS",
      "url": "/api/notifications"
    }
    [35mres[39m: {
      "statusCode": 204
    }
    [35mresponseTime[39m: 1
[13:24:04.266] [32mINFO[39m (25820): [36mrequest completed[39m
    [35mreq[39m: {
      "id": 546,
      "method": "GET",
      "url": "/api/notifications"
    }
    [35mres[39m: {
      "statusCode": 304
    }
    [35mresponseTime[39m: 29
[13:24:04.268] [32mINFO[39m (25820): [36mrequest completed[39m
    [35mreq[39m: {
      "id": 545,
      "method": "GET",
      "url": "/api/eod"
    }
    [35mres[39m: {
      "statusCode": 304
    }
    [35mresponseTime[39m: 32
[13:24:04.381] [32mINFO[39m (25820): [36mrequest completed[39m
    [35mreq[39m: {
      "id": 544,
      "method": "GET",
      "url": "/api/users"
    }
    [35mres[39m: {
      "statusCode": 304
    }
    [35mresponseTime[39m: 152
[13:46:20.316] [32mINFO[39m (25820): [36mrequest completed[39m
    [35mreq[39m: {
      "id": 547,
      "method": "OPTIONS",
      "url": "/api/notifications"
    }
    [35mres[39m: {
      "statusCode": 204
    }
    [35mresponseTime[39m: 1
[13:46:20.746] [32mINFO[39m (25820): [36mrequest completed[39m
    [35mreq[39m: {
      "id": 548,
      "method": "GET",
      "url": "/api/notifications"
    }
    [35mres[39m: {
      "statusCode": 304
    }
    [35mresponseTime[39m: 415
[13:46:40.300] [32mINFO[39m (25820): [36mrequest completed[39m
    [35mreq[39m: {
      "id": 549,
      "method": "OPTIONS",
      "url": "/api/notifications"
    }
    [35mres[39m: {
      "statusCode": 204
    }
    [35mresponseTime[39m: 18
[13:46:41.142] [32mINFO[39m (25820): [36mrequest completed[39m
    [35mreq[39m: {
      "id": 550,
      "method": "GET",
      "url": "/api/notifications"
    }
    [35mres[39m: {
      "statusCode": 304
    }
    [35mresponseTime[39m: 820
[13:46:44.591] [32mINFO[39m (25820): [36mrequest completed[39m
    [35mreq[39m: {
      "id": 551,
      "method": "OPTIONS",
      "url": "/api/auth/me"
    }
    [35mres[39m: {
      "statusCode": 204
    }
    [35mresponseTime[39m: 0
[13:46:44.612] [32mINFO[39m (25820): [36mrequest completed[39m
    [35mreq[39m: {
      "id": 552,
      "method": "GET",
      "url": "/api/auth/me"
    }
    [35mres[39m: {
      "statusCode": 304
    }
    [35mresponseTime[39m: 18
[13:46:45.188] [32mINFO[39m (25820): [36mrequest completed[39m
    [35mreq[39m: {
      "id": 553,
      "method": "OPTIONS",
      "url": "/api/users"
    }
    [35mres[39m: {
      "statusCode": 204
    }
    [35mresponseTime[39m: 1
[13:46:45.190] [32mINFO[39m (25820): [36mrequest completed[39m
    [35mreq[39m: {
      "id": 554,
      "method": "OPTIONS",
      "url": "/api/eod"
    }
    [35mres[39m: {
      "statusCode": 204
    }
    [35mresponseTime[39m: 1
[13:46:45.286] [32mINFO[39m (25820): [36mrequest completed[39m
    [35mreq[39m: {
      "id": 556,
      "method": "GET",
      "url": "/api/notifications"
    }
    [35mres[39m: {
      "statusCode": 304
    }
    [35mresponseTime[39m: 92
[13:46:45.317] [32mINFO[39m (25820): [36mrequest completed[39m
    [35mreq[39m: {
      "id": 557,
      "method": "GET",
      "url": "/api/eod"
    }
    [35mres[39m: {
      "statusCode": 304
    }
    [35mresponseTime[39m: 122
[13:46:45.393] [32mINFO[39m (25820): [36mrequest completed[39m
    [35mreq[39m: {
      "id": 555,
      "method": "GET",
      "url": "/api/users"
    }
    [35mres[39m: {
      "statusCode": 304
    }
    [35mresponseTime[39m: 202
[13:47:16.011] [32mINFO[39m (25820): [36mrequest completed[39m
    [35mreq[39m: {
      "id": 558,
      "method": "OPTIONS",
      "url": "/api/notifications"
    }
    [35mres[39m: {
      "statusCode": 204
    }
    [35mresponseTime[39m: 1
[13:47:16.144] [32mINFO[39m (25820): [36mrequest completed[39m
    [35mreq[39m: {
      "id": 559,
      "method": "GET",
      "url": "/api/notifications"
    }
    [35mres[39m: {
      "statusCode": 304
    }
    [35mresponseTime[39m: 131
[13:47:46.001] [32mINFO[39m (25820): [36mrequest completed[39m
    [35mreq[39m: {
      "id": 560,
      "method": "OPTIONS",
      "url": "/api/notifications"
    }
    [35mres[39m: {
      "statusCode": 204
    }
    [35mresponseTime[39m: 1
[13:47:46.158] [32mINFO[39m (25820): [36mrequest completed[39m
    [35mreq[39m: {
      "id": 561,
      "method": "GET",
      "url": "/api/notifications"
    }
    [35mres[39m: {
      "statusCode": 304
    }
    [35mresponseTime[39m: 151
[13:48:15.997] [32mINFO[39m (25820): [36mrequest completed[39m
    [35mreq[39m: {
      "id": 562,
      "method": "OPTIONS",
      "url": "/api/notifications"
    }
    [35mres[39m: {
      "statusCode": 204
    }
    [35mresponseTime[39m: 0
[13:48:16.106] [32mINFO[39m (25820): [36mrequest completed[39m
    [35mreq[39m: {
      "id": 563,
      "method": "GET",
      "url": "/api/notifications"
    }
    [35mres[39m: {
      "statusCode": 304
    }
    [35mresponseTime[39m: 97
[13:48:46.002] [32mINFO[39m (25820): [36mrequest completed[39m
    [35mreq[39m: {
      "id": 564,
      "method": "OPTIONS",
      "url": "/api/notifications"
    }
    [35mres[39m: {
      "statusCode": 204
    }
    [35mresponseTime[39m: 1
[13:48:46.108] [32mINFO[39m (25820): [36mrequest completed[39m
    [35mreq[39m: {
      "id": 565,
      "method": "GET",
      "url": "/api/notifications"
    }
    [35mres[39m: {
      "statusCode": 304
    }
    [35mresponseTime[39m: 104
[13:49:16.093] [32mINFO[39m (25820): [36mrequest completed[39m
    [35mreq[39m: {
      "id": 566,
      "method": "OPTIONS",
      "url": "/api/notifications"
    }
    [35mres[39m: {
      "statusCode": 204
    }
    [35mresponseTime[39m: 4
[13:49:16.314] [32mINFO[39m (25820): [36mrequest completed[39m
    [35mreq[39m: {
      "id": 567,
      "method": "GET",
      "url": "/api/notifications"
    }
    [35mres[39m: {
      "statusCode": 304
    }
    [35mresponseTime[39m: 206
[13:49:33.297] [32mINFO[39m (25820): [36mrequest completed[39m
    [35mreq[39m: {
      "id": 568,
      "method": "OPTIONS",
      "url": "/api/notifications"
    }
    [35mres[39m: {
      "statusCode": 204
    }
    [35mresponseTime[39m: 1
[13:49:33.306] [32mINFO[39m (25820): [36mrequest completed[39m
    [35mreq[39m: {
      "id": 569,
      "method": "GET",
      "url": "/api/notifications"
    }
    [35mres[39m: {
      "statusCode": 401
    }
    [35mresponseTime[39m: 7
[13:49:34.153] [32mINFO[39m (25820): [36mrequest completed[39m
    [35mreq[39m: {
      "id": 570,
      "method": "OPTIONS",
      "url": "/api/auth/me"
    }
    [35mres[39m: {
      "statusCode": 204
    }
    [35mresponseTime[39m: 1
[13:49:34.158] [32mINFO[39m (25820): [36mrequest completed[39m
    [35mreq[39m: {
      "id": 571,
      "method": "GET",
      "url": "/api/auth/me"
    }
    [35mres[39m: {
      "statusCode": 401
    }
    [35mresponseTime[39m: 4
[13:49:45.997] [32mINFO[39m (25820): [36mrequest completed[39m
    [35mreq[39m: {
      "id": 572,
      "method": "OPTIONS",
      "url": "/api/notifications"
    }
    [35mres[39m: {
      "statusCode": 204
    }
    [35mresponseTime[39m: 0
[13:49:46.099] [32mINFO[39m (25820): [36mrequest completed[39m
    [35mreq[39m: {
      "id": 573,
      "method": "GET",
      "url": "/api/notifications"
    }
    [35mres[39m: {
      "statusCode": 304
    }
    [35mresponseTime[39m: 99
[13:50:11.948] [32mINFO[39m (25820): [36mrequest completed[39m
    [35mreq[39m: {
      "id": 574,
      "method": "OPTIONS",
      "url": "/api/auth/login"
    }
    [35mres[39m: {
      "statusCode": 204
    }
    [35mresponseTime[39m: 2
[13:50:12.157] [32mINFO[39m (25820): [36mrequest completed[39m
    [35mreq[39m: {
      "id": 575,
      "method": "POST",
      "url": "/api/auth/login"
    }
    [35mres[39m: {
      "statusCode": 200
    }
    [35mresponseTime[39m: 207
[13:50:12.186] [32mINFO[39m (25820): [36mrequest completed[39m
    [35mreq[39m: {
      "id": 576,
      "method": "OPTIONS",
      "url": "/api/dashboard/task-ageing"
    }
    [35mres[39m: {
      "statusCode": 204
    }
    [35mresponseTime[39m: 1
[13:50:12.188] [32mINFO[39m (25820): [36mrequest completed[39m
    [35mreq[39m: {
      "id": 577,
      "method": "OPTIONS",
      "url": "/api/eod"
    }
    [35mres[39m: {
      "statusCode": 204
    }
    [35mresponseTime[39m: 0
[13:50:12.188] [32mINFO[39m (25820): [36mrequest completed[39m
    [35mreq[39m: {
      "id": 578,
      "method": "OPTIONS",
      "url": "/api/tasks"
    }
    [35mres[39m: {
      "statusCode": 204
    }
    [35mresponseTime[39m: 0
[13:50:12.188] [32mINFO[39m (25820): [36mrequest completed[39m
    [35mreq[39m: {
      "id": 579,
      "method": "OPTIONS",
      "url": "/api/notifications"
    }
    [35mres[39m: {
      "statusCode": 204
    }
    [35mresponseTime[39m: 0
[13:50:12.208] [32mINFO[39m (25820): [36mrequest completed[39m
    [35mreq[39m: {
      "id": 580,
      "method": "GET",
      "url": "/api/dashboard/task-ageing"
    }
    [35mres[39m: {
      "statusCode": 304
    }
    [35mresponseTime[39m: 19
[13:50:12.212] [32mINFO[39m (25820): [36mrequest completed[39m
    [35mreq[39m: {
      "id": 584,
      "method": "OPTIONS",
      "url": "/api/users"
    }
    [35mres[39m: {
      "statusCode": 204
    }
    [35mresponseTime[39m: 0
[13:50:12.216] [32mINFO[39m (25820): [36mrequest completed[39m
    [35mreq[39m: {
      "id": 585,
      "method": "OPTIONS",
      "url": "/api/eod"
    }
    [35mres[39m: {
      "statusCode": 204
    }
    [35mresponseTime[39m: 0
[13:50:12.217] [32mINFO[39m (25820): [36mrequest completed[39m
    [35mreq[39m: {
      "id": 586,
      "method": "OPTIONS",
      "url": "/api/daily-work"
    }
    [35mres[39m: {
      "statusCode": 204
    }
    [35mresponseTime[39m: 0
[13:50:12.217] [32mINFO[39m (25820): [36mrequest completed[39m
    [35mreq[39m: {
      "id": 587,
      "method": "OPTIONS",
      "url": "/api/tasks"
    }
    [35mres[39m: {
      "statusCode": 204
    }
    [35mresponseTime[39m: 0
[13:50:12.218] [32mINFO[39m (25820): [36mrequest completed[39m
    [35mreq[39m: {
      "id": 588,
      "method": "OPTIONS",
      "url": "/api/dashboard/stats"
    }
    [35mres[39m: {
      "statusCode": 204
    }
    [35mresponseTime[39m: 0
[13:50:12.220] [32mINFO[39m (25820): [36mrequest completed[39m
    [35mreq[39m: {
      "id": 589,
      "method": "OPTIONS",
      "url": "/api/dashboard/team-summary"
    }
    [35mres[39m: {
      "statusCode": 204
    }
    [35mresponseTime[39m: 0
[13:50:12.358] [32mINFO[39m (25820): [36mrequest completed[39m
    [35mreq[39m: {
      "id": 583,
      "method": "GET",
      "url": "/api/notifications"
    }
    [35mres[39m: {
      "statusCode": 200
    }
    [35mresponseTime[39m: 162
[13:50:12.360] [32mINFO[39m (25820): [36mrequest completed[39m
    [35mreq[39m: {
      "id": 581,
      "method": "GET",
      "url": "/api/tasks"
    }
    [35mres[39m: {
      "statusCode": 304
    }
    [35mresponseTime[39m: 169
[13:50:12.373] [32mINFO[39m (25820): [36mrequest completed[39m
    [35mreq[39m: {
      "id": 594,
      "method": "OPTIONS",
      "url": "/api/auth/me"
    }
    [35mres[39m: {
      "statusCode": 204
    }
    [35mresponseTime[39m: 1
[13:50:12.403] [32mINFO[39m (25820): [36mrequest completed[39m
    [35mreq[39m: {
      "id": 582,
      "method": "GET",
      "url": "/api/eod"
    }
    [35mres[39m: {
      "statusCode": 304
    }
    [35mresponseTime[39m: 210
[13:50:12.437] [32mINFO[39m (25820): [36mrequest completed[39m
    [35mreq[39m: {
      "id": 593,
      "method": "GET",
      "url": "/api/tasks"
    }
    [35mres[39m: {
      "statusCode": 200
    }
    [35mresponseTime[39m: 66
[13:50:12.450] [32mINFO[39m (25820): [36mrequest completed[39m
    [35mreq[39m: {
      "id": 595,
      "method": "GET",
      "url": "/api/dashboard/stats"
    }
    [35mres[39m: {
      "statusCode": 200
    }
    [35mresponseTime[39m: 72
[13:50:12.459] [32mINFO[39m (25820): [36mrequest completed[39m
    [35mreq[39m: {
      "id": 592,
      "method": "GET",
      "url": "/api/daily-work"
    }
    [35mres[39m: {
      "statusCode": 304
    }
    [35mresponseTime[39m: 237
[13:50:12.462] [32mINFO[39m (25820): [36mrequest completed[39m
    [35mreq[39m: {
      "id": 596,
      "method": "GET",
      "url": "/api/dashboard/team-summary"
    }
    [35mres[39m: {
      "statusCode": 304
    }
    [35mresponseTime[39m: 40
[13:50:12.466] [32mINFO[39m (25820): [36mrequest completed[39m
    [35mreq[39m: {
      "id": 597,
      "method": "GET",
      "url": "/api/auth/me"
    }
    [35mres[39m: {
      "statusCode": 304
    }
    [35mresponseTime[39m: 23
[13:50:12.469] [32mINFO[39m (25820): [36mrequest completed[39m
    [35mreq[39m: {
      "id": 591,
      "method": "GET",
      "url": "/api/eod"
    }
    [35mres[39m: {
      "statusCode": 304
    }
    [35mresponseTime[39m: 248
[13:50:12.481] [32mINFO[39m (25820): [36mrequest completed[39m
    [35mreq[39m: {
      "id": 590,
      "method": "GET",
      "url": "/api/users"
    }
    [35mres[39m: {
      "statusCode": 304
    }
    [35mresponseTime[39m: 261
[13:50:16.000] [32mINFO[39m (25820): [36mrequest completed[39m
    [35mreq[39m: {
      "id": 598,
      "method": "OPTIONS",
      "url": "/api/notifications"
    }
    [35mres[39m: {
      "statusCode": 204
    }
    [35mresponseTime[39m: 0
[13:50:16.020] [32mINFO[39m (25820): [36mrequest completed[39m
    [35mreq[39m: {
      "id": 599,
      "method": "GET",
      "url": "/api/notifications"
    }
    [35mres[39m: {
      "statusCode": 304
    }
    [35mresponseTime[39m: 16
[13:50:19.600] [32mINFO[39m (25820): [36mrequest completed[39m
    [35mreq[39m: {
      "id": 600,
      "method": "OPTIONS",
      "url": "/api/notifications"
    }
    [35mres[39m: {
      "statusCode": 204
    }
    [35mresponseTime[39m: 0
[13:50:19.605] [32mINFO[39m (25820): [36mrequest completed[39m
    [35mreq[39m: {
      "id": 601,
      "method": "GET",
      "url": "/api/notifications"
    }
    [35mres[39m: {
      "statusCode": 304
    }
    [35mresponseTime[39m: 3
[13:50:19.608] [32mINFO[39m (25820): [36mrequest completed[39m
    [35mreq[39m: {
      "id": 602,
      "method": "OPTIONS",
      "url": "/api/teams"
    }
    [35mres[39m: {
      "statusCode": 204
    }
    [35mresponseTime[39m: 0
[13:50:19.609] [32mINFO[39m (25820): [36mrequest completed[39m
    [35mreq[39m: {
      "id": 603,
      "method": "OPTIONS",
      "url": "/api/eod/pending"
    }
    [35mres[39m: {
      "statusCode": 204
    }
    [35mresponseTime[39m: 0
[13:50:19.644] [32mINFO[39m (25820): [36mrequest completed[39m
    [35mreq[39m: {
      "id": 604,
      "method": "GET",
      "url": "/api/teams"
    }
    [35mres[39m: {
      "statusCode": 304
    }
    [35mresponseTime[39m: 34
[13:50:19.661] [32mINFO[39m (25820): [36mrequest completed[39m
    [35mreq[39m: {
      "id": 605,
      "method": "GET",
      "url": "/api/eod/pending"
    }
    [35mres[39m: {
      "statusCode": 304
    }
    [35mresponseTime[39m: 50
[13:50:21.099] [32mINFO[39m (25820): [36mrequest completed[39m
    [35mreq[39m: {
      "id": 606,
      "method": "OPTIONS",
      "url": "/api/users"
    }
    [35mres[39m: {
      "statusCode": 204
    }
    [35mresponseTime[39m: 1
[13:50:21.099] [32mINFO[39m (25820): [36mrequest completed[39m
    [35mreq[39m: {
      "id": 607,
      "method": "OPTIONS",
      "url": "/api/eod"
    }
    [35mres[39m: {
      "statusCode": 204
    }
    [35mresponseTime[39m: 0
[13:50:21.109] [32mINFO[39m (25820): [36mrequest completed[39m
    [35mreq[39m: {
      "id": 608,
      "method": "GET",
      "url": "/api/users"
    }
    [35mres[39m: {
      "statusCode": 304
    }
    [35mresponseTime[39m: 8
[13:50:21.114] [32mINFO[39m (25820): [36mrequest completed[39m
    [35mreq[39m: {
      "id": 609,
      "method": "GET",
      "url": "/api/eod"
    }
    [35mres[39m: {
      "statusCode": 304
    }
    [35mresponseTime[39m: 13
[13:50:23.512] [32mINFO[39m (25820): [36mrequest completed[39m
    [35mreq[39m: {
      "id": 610,
      "method": "OPTIONS",
      "url": "/api/tasks"
    }
    [35mres[39m: {
      "statusCode": 204
    }
    [35mresponseTime[39m: 0
[13:50:23.522] [32mINFO[39m (25820): [36mrequest completed[39m
    [35mreq[39m: {
      "id": 611,
      "method": "GET",
      "url": "/api/tasks"
    }
    [35mres[39m: {
      "statusCode": 200
    }
    [35mresponseTime[39m: 8
[13:50:26.658] [32mINFO[39m (25820): [36mrequest completed[39m
    [35mreq[39m: {
      "id": 612,
      "method": "OPTIONS",
      "url": "/api/users"
    }
    [35mres[39m: {
      "statusCode": 204
    }
    [35mresponseTime[39m: 0
[13:50:26.659] [32mINFO[39m (25820): [36mrequest completed[39m
    [35mreq[39m: {
      "id": 613,
      "method": "OPTIONS",
      "url": "/api/eod"
    }
    [35mres[39m: {
      "statusCode": 204
    }
    [35mresponseTime[39m: 0
[13:50:26.666] [32mINFO[39m (25820): [36mrequest completed[39m
    [35mreq[39m: {
      "id": 615,
      "method": "GET",
      "url": "/api/users"
    }
    [35mres[39m: {
      "statusCode": 304
    }
    [35mresponseTime[39m: 5
[13:50:26.671] [32mINFO[39m (25820): [36mrequest completed[39m
    [35mreq[39m: {
      "id": 614,
      "method": "GET",
      "url": "/api/eod"
    }
    [35mres[39m: {
      "statusCode": 304
    }
    [35mresponseTime[39m: 11
[13:50:29.812] [32mINFO[39m (25820): [36mrequest completed[39m
    [35mreq[39m: {
      "id": 616,
      "method": "OPTIONS",
      "url": "/api/tasks"
    }
    [35mres[39m: {
      "statusCode": 204
    }
    [35mresponseTime[39m: 0
[13:50:29.821] [32mINFO[39m (25820): [36mrequest completed[39m
    [35mreq[39m: {
      "id": 617,
      "method": "GET",
      "url": "/api/tasks"
    }
    [35mres[39m: {
      "statusCode": 304
    }
    [35mresponseTime[39m: 7
[13:50:33.437] [32mINFO[39m (25820): [36mrequest completed[39m
    [35mreq[39m: {
      "id": 618,
      "method": "OPTIONS",
      "url": "/api/eod"
    }
    [35mres[39m: {
      "statusCode": 204
    }
    [35mresponseTime[39m: 1
[13:50:33.440] [32mINFO[39m (25820): [36mrequest completed[39m
    [35mreq[39m: {
      "id": 619,
      "method": "GET",
      "url": "/api/eod"
    }
    [35mres[39m: {
      "statusCode": 304
    }
    [35mresponseTime[39m: 1
[13:50:34.940] [32mINFO[39m (25820): [36mrequest completed[39m
    [35mreq[39m: {
      "id": 620,
      "method": "OPTIONS",
      "url": "/api/tasks"
    }
    [35mres[39m: {
      "statusCode": 204
    }
    [35mresponseTime[39m: 0
[13:50:34.952] [32mINFO[39m (25820): [36mrequest completed[39m
    [35mreq[39m: {
      "id": 621,
      "method": "GET",
      "url": "/api/tasks"
    }
    [35mres[39m: {
      "statusCode": 304
    }
    [35mresponseTime[39m: 9
[13:50:37.013] [32mINFO[39m (25820): [36mrequest completed[39m
    [35mreq[39m: {
      "id": 622,
      "method": "OPTIONS",
      "url": "/api/users"
    }
    [35mres[39m: {
      "statusCode": 204
    }
    [35mresponseTime[39m: 0
[13:50:37.016] [32mINFO[39m (25820): [36mrequest completed[39m
    [35mreq[39m: {
      "id": 623,
      "method": "OPTIONS",
      "url": "/api/eod"
    }
    [35mres[39m: {
      "statusCode": 204
    }
    [35mresponseTime[39m: 1
[13:50:37.088] [32mINFO[39m (25820): [36mrequest completed[39m
    [35mreq[39m: {
      "id": 624,
      "method": "GET",
      "url": "/api/users"
    }
    [35mres[39m: {
      "statusCode": 304
    }
    [35mresponseTime[39m: 72
[13:50:37.101] [32mINFO[39m (25820): [36mrequest completed[39m
    [35mreq[39m: {
      "id": 625,
      "method": "GET",
      "url": "/api/eod"
    }
    [35mres[39m: {
      "statusCode": 304
    }
    [35mresponseTime[39m: 81
[13:50:39.186] [32mINFO[39m (25820): [36mrequest completed[39m
    [35mreq[39m: {
      "id": 626,
      "method": "OPTIONS",
      "url": "/api/users"
    }
    [35mres[39m: {
      "statusCode": 204
    }
    [35mresponseTime[39m: 1
[13:50:39.186] [32mINFO[39m (25820): [36mrequest completed[39m
    [35mreq[39m: {
      "id": 627,
      "method": "OPTIONS",
      "url": "/api/eod"
    }
    [35mres[39m: {
      "statusCode": 204
    }
    [35mresponseTime[39m: 0
[13:50:39.215] [32mINFO[39m (25820): [36mrequest completed[39m
    [35mreq[39m: {
      "id": 629,
      "method": "GET",
      "url": "/api/eod"
    }
    [35mres[39m: {
      "statusCode": 304
    }
    [35mresponseTime[39m: 27
[13:50:39.277] [32mINFO[39m (25820): [36mrequest completed[39m
    [35mreq[39m: {
      "id": 628,
      "method": "GET",
      "url": "/api/users"
    }
    [35mres[39m: {
      "statusCode": 304
    }
    [35mresponseTime[39m: 90
[13:50:42.196] [32mINFO[39m (25820): [36mrequest completed[39m
    [35mreq[39m: {
      "id": 630,
      "method": "OPTIONS",
      "url": "/api/notifications"
    }
    [35mres[39m: {
      "statusCode": 204
    }
    [35mresponseTime[39m: 0
[13:50:42.206] [32mINFO[39m (25820): [36mrequest completed[39m
    [35mreq[39m: {
      "id": 631,
      "method": "GET",
      "url": "/api/notifications"
    }
    [35mres[39m: {
      "statusCode": 304
    }
    [35mresponseTime[39m: 7
[13:50:45.992] [32mINFO[39m (25820): [36mrequest completed[39m
    [35mreq[39m: {
      "id": 632,
      "method": "OPTIONS",
      "url": "/api/notifications"
    }
    [35mres[39m: {
      "statusCode": 204
    }
    [35mresponseTime[39m: 1
[13:50:45.999] [32mINFO[39m (25820): [36mrequest completed[39m
    [35mreq[39m: {
      "id": 633,
      "method": "GET",
      "url": "/api/notifications"
    }
    [35mres[39m: {
      "statusCode": 304
    }
    [35mresponseTime[39m: 5
[13:50:51.007] [32mINFO[39m (25820): [36mrequest completed[39m
    [35mreq[39m: {
      "id": 634,
      "method": "OPTIONS",
      "url": "/api/auth/me"
    }
    [35mres[39m: {
      "statusCode": 204
    }
    [35mresponseTime[39m: 0
[13:50:51.014] [32mINFO[39m (25820): [36mrequest completed[39m
    [35mreq[39m: {
      "id": 635,
      "method": "GET",
      "url": "/api/auth/me"
    }
    [35mres[39m: {
      "statusCode": 304
    }
    [35mresponseTime[39m: 5
[13:50:51.046] [32mINFO[39m (25820): [36mrequest completed[39m
    [35mreq[39m: {
      "id": 636,
      "method": "OPTIONS",
      "url": "/api/users"
    }
    [35mres[39m: {
      "statusCode": 204
    }
    [35mresponseTime[39m: 1
[13:50:51.048] [32mINFO[39m (25820): [36mrequest completed[39m
    [35mreq[39m: {
      "id": 637,
      "method": "OPTIONS",
      "url": "/api/eod"
    }
    [35mres[39m: {
      "statusCode": 204
    }
    [35mresponseTime[39m: 0
[13:50:51.048] [32mINFO[39m (25820): [36mrequest completed[39m
    [35mreq[39m: {
      "id": 638,
      "method": "OPTIONS",
      "url": "/api/notifications"
    }
    [35mres[39m: {
      "statusCode": 204
    }
    [35mresponseTime[39m: 0
[13:50:51.081] [32mINFO[39m (25820): [36mrequest completed[39m
    [35mreq[39m: {
      "id": 641,
      "method": "GET",
      "url": "/api/notifications"
    }
    [35mres[39m: {
      "statusCode": 304
    }
    [35mresponseTime[39m: 28
[13:50:51.088] [32mINFO[39m (25820): [36mrequest completed[39m
    [35mreq[39m: {
      "id": 640,
      "method": "GET",
      "url": "/api/eod"
    }
    [35mres[39m: {
      "statusCode": 304
    }
    [35mresponseTime[39m: 36
[13:50:51.221] [32mINFO[39m (25820): [36mrequest completed[39m
    [35mreq[39m: {
      "id": 639,
      "method": "GET",
      "url": "/api/users"
    }
    [35mres[39m: {
      "statusCode": 304
    }
    [35mresponseTime[39m: 173
[13:50:53.033] [32mINFO[39m (25820): [36mrequest completed[39m
    [35mreq[39m: {
      "id": 642,
      "method": "OPTIONS",
      "url": "/api/tasks"
    }
    [35mres[39m: {
      "statusCode": 204
    }
    [35mresponseTime[39m: 0
[13:50:53.051] [32mINFO[39m (25820): [36mrequest completed[39m
    [35mreq[39m: {
      "id": 643,
      "method": "GET",
      "url": "/api/tasks"
    }
    [35mres[39m: {
      "statusCode": 304
    }
    [35mresponseTime[39m: 16
[13:51:22.002] [32mINFO[39m (25820): [36mrequest completed[39m
    [35mreq[39m: {
      "id": 644,
      "method": "OPTIONS",
      "url": "/api/notifications"
    }
    [35mres[39m: {
      "statusCode": 204
    }
    [35mresponseTime[39m: 0
[13:51:22.146] [32mINFO[39m (25820): [36mrequest completed[39m
    [35mreq[39m: {
      "id": 645,
      "method": "GET",
      "url": "/api/notifications"
    }
    [35mres[39m: {
      "statusCode": 304
    }
    [35mresponseTime[39m: 141
[13:51:51.995] [32mINFO[39m (25820): [36mrequest completed[39m
    [35mreq[39m: {
      "id": 646,
      "method": "OPTIONS",
      "url": "/api/notifications"
    }
    [35mres[39m: {
      "statusCode": 204
    }
    [35mresponseTime[39m: 0
[13:51:52.100] [32mINFO[39m (25820): [36mrequest completed[39m
    [35mreq[39m: {
      "id": 647,
      "method": "GET",
      "url": "/api/notifications"
    }
    [35mres[39m: {
      "statusCode": 304
    }
    [35mresponseTime[39m: 101
[13:52:21.196] [32mINFO[39m (25820): [36mrequest completed[39m
    [35mreq[39m: {
      "id": 648,
      "method": "OPTIONS",
      "url": "/api/notifications"
    }
    [35mres[39m: {
      "statusCode": 204
    }
    [35mresponseTime[39m: 1
[13:52:21.326] [32mINFO[39m (25820): [36mrequest completed[39m
    [35mreq[39m: {
      "id": 649,
      "method": "GET",
      "url": "/api/notifications"
    }
    [35mres[39m: {
      "statusCode": 304
    }
    [35mresponseTime[39m: 127
[13:52:51.988] [32mINFO[39m (25820): [36mrequest completed[39m
    [35mreq[39m: {
      "id": 650,
      "method": "OPTIONS",
      "url": "/api/notifications"
    }
    [35mres[39m: {
      "statusCode": 204
    }
    [35mresponseTime[39m: 0
[13:52:52.074] [32mINFO[39m (25820): [36mrequest completed[39m
    [35mreq[39m: {
      "id": 651,
      "method": "GET",
      "url": "/api/notifications"
    }
    [35mres[39m: {
      "statusCode": 304
    }
    [35mresponseTime[39m: 84
[13:53:21.993] [32mINFO[39m (25820): [36mrequest completed[39m
    [35mreq[39m: {
      "id": 652,
      "method": "OPTIONS",
      "url": "/api/notifications"
    }
    [35mres[39m: {
      "statusCode": 204
    }
    [35mresponseTime[39m: 0
[13:53:22.059] [32mINFO[39m (25820): [36mrequest completed[39m
    [35mreq[39m: {
      "id": 653,
      "method": "GET",
      "url": "/api/notifications"
    }
    [35mres[39m: {
      "statusCode": 304
    }
    [35mresponseTime[39m: 63
[13:53:51.996] [32mINFO[39m (25820): [36mrequest completed[39m
    [35mreq[39m: {
      "id": 654,
      "method": "OPTIONS",
      "url": "/api/notifications"
    }
    [35mres[39m: {
      "statusCode": 204
    }
    [35mresponseTime[39m: 0
[13:53:52.077] [32mINFO[39m (25820): [36mrequest completed[39m
    [35mreq[39m: {
      "id": 655,
      "method": "GET",
      "url": "/api/notifications"
    }
    [35mres[39m: {
      "statusCode": 304
    }
    [35mresponseTime[39m: 79
[13:54:52.491] [32mINFO[39m (25820): [36mrequest completed[39m
    [35mreq[39m: {
      "id": 656,
      "method": "OPTIONS",
      "url": "/api/notifications"
    }
    [35mres[39m: {
      "statusCode": 204
    }
    [35mresponseTime[39m: 31
[13:54:52.817] [32mINFO[39m (25820): [36mrequest completed[39m
    [35mreq[39m: {
      "id": 657,
      "method": "GET",
      "url": "/api/notifications"
    }
    [35mres[39m: {
      "statusCode": 304
    }
    [35mresponseTime[39m: 289
[13:55:50.135] [32mINFO[39m (25820): [36mrequest completed[39m
    [35mreq[39m: {
      "id": 658,
      "method": "OPTIONS",
      "url": "/api/notifications"
    }
    [35mres[39m: {
      "statusCode": 204
    }
    [35mresponseTime[39m: 6
[13:55:50.561] [32mINFO[39m (25820): [36mrequest completed[39m
    [35mreq[39m: {
      "id": 659,
      "method": "GET",
      "url": "/api/notifications"
    }
    [35mres[39m: {
      "statusCode": 304
    }
    [35mresponseTime[39m: 424
[13:56:50.433] [32mINFO[39m (25820): [36mrequest completed[39m
    [35mreq[39m: {
      "id": 660,
      "method": "OPTIONS",
      "url": "/api/notifications"
    }
    [35mres[39m: {
      "statusCode": 204
    }
    [35mresponseTime[39m: 9
[13:56:50.618] [32mINFO[39m (25820): [36mrequest completed[39m
    [35mreq[39m: {
      "id": 661,
      "method": "GET",
      "url": "/api/notifications"
    }
    [35mres[39m: {
      "statusCode": 304
    }
    [35mresponseTime[39m: 171
[14:05:58.608] [32mINFO[39m (25820): [36mrequest completed[39m
    [35mreq[39m: {
      "id": 662,
      "method": "OPTIONS",
      "url": "/api/notifications"
    }
    [35mres[39m: {
      "statusCode": 204
    }
    [35mresponseTime[39m: 12
[14:05:58.786] [32mINFO[39m (25820): [36mrequest completed[39m
    [35mreq[39m: {
      "id": 663,
      "method": "GET",
      "url": "/api/notifications"
    }
    [35mres[39m: {
      "statusCode": 304
    }
    [35mresponseTime[39m: 173
[14:05:59.301] [32mINFO[39m (25820): [36mrequest completed[39m
    [35mreq[39m: {
      "id": 664,
      "method": "OPTIONS",
      "url": "/api/auth/me"
    }
    [35mres[39m: {
      "statusCode": 204
    }
    [35mresponseTime[39m: 0
[14:05:59.322] [32mINFO[39m (25820): [36mrequest completed[39m
    [35mreq[39m: {
      "id": 665,
      "method": "GET",
      "url": "/api/auth/me"
    }
    [35mres[39m: {
      "statusCode": 304
    }
    [35mresponseTime[39m: 18
[14:05:59.393] [32mINFO[39m (25820): [36mrequest completed[39m
    [35mreq[39m: {
      "id": 666,
      "method": "OPTIONS",
      "url": "/api/users"
    }
    [35mres[39m: {
      "statusCode": 204
    }
    [35mresponseTime[39m: 0
[14:05:59.397] [32mINFO[39m (25820): [36mrequest completed[39m
    [35mreq[39m: {
      "id": 667,
      "method": "OPTIONS",
      "url": "/api/eod"
    }
    [35mres[39m: {
      "statusCode": 204
    }
    [35mresponseTime[39m: 1
[14:05:59.592] [32mINFO[39m (25820): [36mrequest completed[39m
    [35mreq[39m: {
      "id": 670,
      "method": "GET",
      "url": "/api/eod"
    }
    [35mres[39m: {
      "statusCode": 304
    }
    [35mresponseTime[39m: 190
[14:05:59.593] [32mINFO[39m (25820): [36mrequest completed[39m
    [35mreq[39m: {
      "id": 669,
      "method": "GET",
      "url": "/api/notifications"
    }
    [35mres[39m: {
      "statusCode": 304
    }
    [35mresponseTime[39m: 192
[14:05:59.695] [32mINFO[39m (25820): [36mrequest completed[39m
    [35mreq[39m: {
      "id": 668,
      "method": "GET",
      "url": "/api/users"
    }
    [35mres[39m: {
      "statusCode": 304
    }
    [35mresponseTime[39m: 297
[14:06:16.963] [32mINFO[39m (25820): [36mrequest completed[39m
    [35mreq[39m: {
      "id": 671,
      "method": "OPTIONS",
      "url": "/api/notifications"
    }
    [35mres[39m: {
      "statusCode": 204
    }
    [35mresponseTime[39m: 0
[14:06:16.970] [32mINFO[39m (25820): [36mrequest completed[39m
    [35mreq[39m: {
      "id": 673,
      "method": "OPTIONS",
      "url": "/api/teams"
    }
    [35mres[39m: {
      "statusCode": 204
    }
    [35mresponseTime[39m: 0
[14:06:16.974] [32mINFO[39m (25820): [36mrequest completed[39m
    [35mreq[39m: {
      "id": 674,
      "method": "OPTIONS",
      "url": "/api/eod/pending"
    }
    [35mres[39m: {
      "statusCode": 204
    }
    [35mresponseTime[39m: 1
[14:06:17.091] [32mINFO[39m (25820): [36mrequest completed[39m
    [35mreq[39m: {
      "id": 672,
      "method": "GET",
      "url": "/api/notifications"
    }
    [35mres[39m: {
      "statusCode": 304
    }
    [35mresponseTime[39m: 126
[14:06:17.225] [32mINFO[39m (25820): [36mrequest completed[39m
    [35mreq[39m: {
      "id": 676,
      "method": "GET",
      "url": "/api/eod/pending"
    }
    [35mres[39m: {
      "statusCode": 304
    }
    [35mresponseTime[39m: 246
[14:06:17.236] [32mINFO[39m (25820): [36mrequest completed[39m
    [35mreq[39m: {
      "id": 675,
      "method": "GET",
      "url": "/api/teams"
    }
    [35mres[39m: {
      "statusCode": 304
    }
    [35mresponseTime[39m: 261
[14:06:17.838] [32mINFO[39m (25820): [36mrequest completed[39m
    [35mreq[39m: {
      "id": 677,
      "method": "OPTIONS",
      "url": "/api/users"
    }
    [35mres[39m: {
      "statusCode": 204
    }
    [35mresponseTime[39m: 1
[14:06:17.839] [32mINFO[39m (25820): [36mrequest completed[39m
    [35mreq[39m: {
      "id": 678,
      "method": "OPTIONS",
      "url": "/api/eod"
    }
    [35mres[39m: {
      "statusCode": 204
    }
    [35mresponseTime[39m: 0
[14:06:17.860] [32mINFO[39m (25820): [36mrequest completed[39m
    [35mreq[39m: {
      "id": 680,
      "method": "GET",
      "url": "/api/eod"
    }
    [35mres[39m: {
      "statusCode": 304
    }
    [35mresponseTime[39m: 18
[14:06:17.863] [32mINFO[39m (25820): [36mrequest completed[39m
    [35mreq[39m: {
      "id": 679,
      "method": "GET",
      "url": "/api/users"
    }
    [35mres[39m: {
      "statusCode": 304
    }
    [35mresponseTime[39m: 22
[14:06:18.740] [32mINFO[39m (25820): [36mrequest completed[39m
    [35mreq[39m: {
      "id": 681,
      "method": "OPTIONS",
      "url": "/api/tasks"
    }
    [35mres[39m: {
      "statusCode": 204
    }
    [35mresponseTime[39m: 0
[14:06:18.762] [32mINFO[39m (25820): [36mrequest completed[39m
    [35mreq[39m: {
      "id": 682,
      "method": "GET",
      "url": "/api/tasks"
    }
    [35mres[39m: {
      "statusCode": 304
    }
    [35mresponseTime[39m: 19
[14:06:30.008] [32mINFO[39m (25820): [36mrequest completed[39m
    [35mreq[39m: {
      "id": 683,
      "method": "OPTIONS",
      "url": "/api/notifications"
    }
    [35mres[39m: {
      "statusCode": 204
    }
    [35mresponseTime[39m: 1
[14:06:30.074] [32mINFO[39m (25820): [36mrequest completed[39m
    [35mreq[39m: {
      "id": 684,
      "method": "GET",
      "url": "/api/notifications"
    }
    [35mres[39m: {
      "statusCode": 304
    }
    [35mresponseTime[39m: 63
[14:07:00.172] [32mINFO[39m (25820): [36mrequest completed[39m
    [35mreq[39m: {
      "id": 685,
      "method": "OPTIONS",
      "url": "/api/notifications"
    }
    [35mres[39m: {
      "statusCode": 204
    }
    [35mresponseTime[39m: 3
[14:07:00.293] [32mINFO[39m (25820): [36mrequest completed[39m
    [35mreq[39m: {
      "id": 686,
      "method": "GET",
      "url": "/api/notifications"
    }
    [35mres[39m: {
      "statusCode": 304
    }
    [35mresponseTime[39m: 114
[14:07:30.110] [32mINFO[39m (25820): [36mrequest completed[39m
    [35mreq[39m: {
      "id": 687,
      "method": "OPTIONS",
      "url": "/api/notifications"
    }
    [35mres[39m: {
      "statusCode": 204
    }
    [35mresponseTime[39m: 2
[14:07:30.249] [32mINFO[39m (25820): [36mrequest completed[39m
    [35mreq[39m: {
      "id": 688,
      "method": "GET",
      "url": "/api/notifications"
    }
    [35mres[39m: {
      "statusCode": 304
    }
    [35mresponseTime[39m: 128
[14:08:00.009] [32mINFO[39m (25820): [36mrequest completed[39m
    [35mreq[39m: {
      "id": 689,
      "method": "OPTIONS",
      "url": "/api/notifications"
    }
    [35mres[39m: {
      "statusCode": 204
    }
    [35mresponseTime[39m: 0
[14:08:00.146] [32mINFO[39m (25820): [36mrequest completed[39m
    [35mreq[39m: {
      "id": 690,
      "method": "GET",
      "url": "/api/notifications"
    }
    [35mres[39m: {
      "statusCode": 304
    }
    [35mresponseTime[39m: 115
[14:54:05.206] [32mINFO[39m (25820): [36mrequest completed[39m
    [35mreq[39m: {
      "id": 691,
      "method": "OPTIONS",
      "url": "/api/notifications"
    }
    [35mres[39m: {
      "statusCode": 204
    }
    [35mresponseTime[39m: 19
[14:54:05.591] [32mINFO[39m (25820): [36mrequest completed[39m
    [35mreq[39m: {
      "id": 692,
      "method": "GET",
      "url": "/api/notifications"
    }
    [35mres[39m: {
      "statusCode": 304
    }
    [35mresponseTime[39m: 373
[14:54:06.487] [32mINFO[39m (25820): [36mrequest completed[39m
    [35mreq[39m: {
      "id": 693,
      "method": "OPTIONS",
      "url": "/api/auth/me"
    }
    [35mres[39m: {
      "statusCode": 204
    }
    [35mresponseTime[39m: 0
[14:54:06.507] [32mINFO[39m (25820): [36mrequest completed[39m
    [35mreq[39m: {
      "id": 694,
      "method": "GET",
      "url": "/api/auth/me"
    }
    [35mres[39m: {
      "statusCode": 304
    }
    [35mresponseTime[39m: 19
[14:54:06.569] [32mINFO[39m (25820): [36mrequest completed[39m
    [35mreq[39m: {
      "id": 695,
      "method": "OPTIONS",
      "url": "/api/users"
    }
    [35mres[39m: {
      "statusCode": 204
    }
    [35mresponseTime[39m: 1
[14:54:06.571] [32mINFO[39m (25820): [36mrequest completed[39m
    [35mreq[39m: {
      "id": 696,
      "method": "OPTIONS",
      "url": "/api/eod"
    }
    [35mres[39m: {
      "statusCode": 204
    }
    [35mresponseTime[39m: 0
[14:54:06.807] [32mINFO[39m (25820): [36mrequest completed[39m
    [35mreq[39m: {
      "id": 698,
      "method": "GET",
      "url": "/api/notifications"
    }
    [35mres[39m: {
      "statusCode": 304
    }
    [35mresponseTime[39m: 222
[14:54:06.887] [32mINFO[39m (25820): [36mrequest completed[39m
    [35mreq[39m: {
      "id": 699,
      "method": "GET",
      "url": "/api/eod"
    }
    [35mres[39m: {
      "statusCode": 304
    }
    [35mresponseTime[39m: 300
[14:54:07.248] [32mINFO[39m (25820): [36mrequest completed[39m
    [35mreq[39m: {
      "id": 697,
      "method": "GET",
      "url": "/api/users"
    }
    [35mres[39m: {
      "statusCode": 304
    }
    [35mresponseTime[39m: 676
[14:54:36.667] [32mINFO[39m (25820): [36mrequest completed[39m
    [35mreq[39m: {
      "id": 700,
      "method": "OPTIONS",
      "url": "/api/notifications"
    }
    [35mres[39m: {
      "statusCode": 204
    }
    [35mresponseTime[39m: 1
[14:54:36.779] [32mINFO[39m (25820): [36mrequest completed[39m
    [35mreq[39m: {
      "id": 701,
      "method": "GET",
      "url": "/api/notifications"
    }
    [35mres[39m: {
      "statusCode": 304
    }
    [35mresponseTime[39m: 108
[14:55:06.675] [32mINFO[39m (25820): [36mrequest completed[39m
    [35mreq[39m: {
      "id": 702,
      "method": "OPTIONS",
      "url": "/api/notifications"
    }
    [35mres[39m: {
      "statusCode": 204
    }
    [35mresponseTime[39m: 1
[14:55:06.830] [32mINFO[39m (25820): [36mrequest completed[39m
    [35mreq[39m: {
      "id": 703,
      "method": "GET",
      "url": "/api/notifications"
    }
    [35mres[39m: {
      "statusCode": 304
    }
    [35mresponseTime[39m: 151
[14:55:36.668] [32mINFO[39m (25820): [36mrequest completed[39m
    [35mreq[39m: {
      "id": 704,
      "method": "OPTIONS",
      "url": "/api/notifications"
    }
    [35mres[39m: {
      "statusCode": 204
    }
    [35mresponseTime[39m: 0
[14:55:36.837] [32mINFO[39m (25820): [36mrequest completed[39m
    [35mreq[39m: {
      "id": 705,
      "method": "GET",
      "url": "/api/notifications"
    }
    [35mres[39m: {
      "statusCode": 304
    }
    [35mresponseTime[39m: 167
[14:56:06.677] [32mINFO[39m (25820): [36mrequest completed[39m
    [35mreq[39m: {
      "id": 706,
      "method": "OPTIONS",
      "url": "/api/notifications"
    }
    [35mres[39m: {
      "statusCode": 204
    }
    [35mresponseTime[39m: 0
[14:56:06.780] [32mINFO[39m (25820): [36mrequest completed[39m
    [35mreq[39m: {
      "id": 707,
      "method": "GET",
      "url": "/api/notifications"
    }
    [35mres[39m: {
      "statusCode": 304
    }
    [35mresponseTime[39m: 100
[14:56:36.684] [32mINFO[39m (25820): [36mrequest completed[39m
    [35mreq[39m: {
      "id": 708,
      "method": "OPTIONS",
      "url": "/api/notifications"
    }
    [35mres[39m: {
      "statusCode": 204
    }
    [35mresponseTime[39m: 1
[14:56:36.877] [32mINFO[39m (25820): [36mrequest completed[39m
    [35mreq[39m: {
      "id": 709,
      "method": "GET",
      "url": "/api/notifications"
    }
    [35mres[39m: {
      "statusCode": 304
    }
    [35mresponseTime[39m: 177
[14:57:06.681] [32mINFO[39m (25820): [36mrequest completed[39m
    [35mreq[39m: {
      "id": 710,
      "method": "OPTIONS",
      "url": "/api/notifications"
    }
    [35mres[39m: {
      "statusCode": 204
    }
    [35mresponseTime[39m: 1
[14:57:06.789] [32mINFO[39m (25820): [36mrequest completed[39m
    [35mreq[39m: {
      "id": 711,
      "method": "GET",
      "url": "/api/notifications"
    }
    [35mres[39m: {
      "statusCode": 304
    }
    [35mresponseTime[39m: 105
[14:57:36.673] [32mINFO[39m (25820): [36mrequest completed[39m
    [35mreq[39m: {
      "id": 712,
      "method": "OPTIONS",
      "url": "/api/notifications"
    }
    [35mres[39m: {
      "statusCode": 204
    }
    [35mresponseTime[39m: 0
[14:57:36.787] [32mINFO[39m (25820): [36mrequest completed[39m
    [35mreq[39m: {
      "id": 713,
      "method": "GET",
      "url": "/api/notifications"
    }
    [35mres[39m: {
      "statusCode": 304
    }
    [35mresponseTime[39m: 112
[14:58:37.738] [32mINFO[39m (25820): [36mrequest completed[39m
    [35mreq[39m: {
      "id": 714,
      "method": "OPTIONS",
      "url": "/api/notifications"
    }
    [35mres[39m: {
      "statusCode": 204
    }
    [35mresponseTime[39m: 10
[14:58:37.877] [32mINFO[39m (25820): [36mrequest completed[39m
    [35mreq[39m: {
      "id": 715,
      "method": "GET",
      "url": "/api/notifications"
    }
    [35mres[39m: {
      "statusCode": 304
    }
    [35mresponseTime[39m: 137
[16:21:15.096] [32mINFO[39m (25820): [36mrequest completed[39m
    [35mreq[39m: {
      "id": 716,
      "method": "OPTIONS",
      "url": "/api/notifications"
    }
    [35mres[39m: {
      "statusCode": 204
    }
    [35mresponseTime[39m: 205
[16:21:15.645] [32mINFO[39m (25820): [36mrequest aborted[39m
    [35mreq[39m: {
      "id": 717,
      "method": "GET",
      "url": "/api/notifications"
    }
    [35mres[39m: {
      "statusCode": null
    }
    [35mresponseTime[39m: 527
[16:21:16.901] [32mINFO[39m (25820): [36mrequest completed[39m
    [35mreq[39m: {
      "id": 718,
      "method": "OPTIONS",
      "url": "/api/auth/me"
    }
    [35mres[39m: {
      "statusCode": 204
    }
    [35mresponseTime[39m: 3
[16:21:16.989] [32mINFO[39m (25820): [36mrequest completed[39m
    [35mreq[39m: {
      "id": 719,
      "method": "GET",
      "url": "/api/auth/me"
    }
    [35mres[39m: {
      "statusCode": 304
    }
    [35mresponseTime[39m: 84
[16:21:17.123] [32mINFO[39m (25820): [36mrequest completed[39m
    [35mreq[39m: {
      "id": 720,
      "method": "OPTIONS",
      "url": "/api/users"
    }
    [35mres[39m: {
      "statusCode": 204
    }
    [35mresponseTime[39m: 0
[16:21:17.129] [32mINFO[39m (25820): [36mrequest completed[39m
    [35mreq[39m: {
      "id": 721,
      "method": "OPTIONS",
      "url": "/api/eod"
    }
    [35mres[39m: {
      "statusCode": 204
    }
    [35mresponseTime[39m: 2
[16:21:17.157] [32mINFO[39m (25820): [36mrequest completed[39m
    [35mreq[39m: {
      "id": 722,
      "method": "GET",
      "url": "/api/notifications"
    }
    [35mres[39m: {
      "statusCode": 200
    }
    [35mresponseTime[39m: 26
[16:21:17.498] [32mINFO[39m (25820): [36mrequest completed[39m
    [35mreq[39m: {
      "id": 723,
      "method": "GET",
      "url": "/api/eod"
    }
    [35mres[39m: {
      "statusCode": 304
    }
    [35mresponseTime[39m: 364
[16:21:17.999] [32mINFO[39m (25820): [36mrequest completed[39m
    [35mreq[39m: {
      "id": 724,
      "method": "GET",
      "url": "/api/users"
    }
    [35mres[39m: {
      "statusCode": 304
    }
    [35mresponseTime[39m: 858
[16:21:18.942] [32mINFO[39m (25820): [36mrequest completed[39m
    [35mreq[39m: {
      "id": 725,
      "method": "OPTIONS",
      "url": "/api/dashboard/task-ageing"
    }
    [35mres[39m: {
      "statusCode": 204
    }
    [35mresponseTime[39m: 1
[16:21:18.946] [32mINFO[39m (25820): [36mrequest completed[39m
    [35mreq[39m: {
      "id": 726,
      "method": "OPTIONS",
      "url": "/api/eod"
    }
    [35mres[39m: {
      "statusCode": 204
    }
    [35mresponseTime[39m: 1
[16:21:18.947] [32mINFO[39m (25820): [36mrequest completed[39m
    [35mreq[39m: {
      "id": 727,
      "method": "OPTIONS",
      "url": "/api/tasks"
    }
    [35mres[39m: {
      "statusCode": 204
    }
    [35mresponseTime[39m: 0
[16:21:18.950] [32mINFO[39m (25820): [36mrequest completed[39m
    [35mreq[39m: {
      "id": 728,
      "method": "OPTIONS",
      "url": "/api/users"
    }
    [35mres[39m: {
      "statusCode": 204
    }
    [35mresponseTime[39m: 1
[16:21:18.952] [32mINFO[39m (25820): [36mrequest completed[39m
    [35mreq[39m: {
      "id": 729,
      "method": "OPTIONS",
      "url": "/api/tasks"
    }
    [35mres[39m: {
      "statusCode": 204
    }
    [35mresponseTime[39m: 0
[16:21:18.953] [32mINFO[39m (25820): [36mrequest completed[39m
    [35mreq[39m: {
      "id": 730,
      "method": "OPTIONS",
      "url": "/api/eod"
    }
    [35mres[39m: {
      "statusCode": 204
    }
    [35mresponseTime[39m: 0
[16:21:18.954] [32mINFO[39m (25820): [36mrequest completed[39m
    [35mreq[39m: {
      "id": 731,
      "method": "OPTIONS",
      "url": "/api/daily-work"
    }
    [35mres[39m: {
      "statusCode": 204
    }
    [35mresponseTime[39m: 0
[16:21:18.963] [32mINFO[39m (25820): [36mrequest completed[39m
    [35mreq[39m: {
      "id": 734,
      "method": "OPTIONS",
      "url": "/api/dashboard/stats"
    }
    [35mres[39m: {
      "statusCode": 204
    }
    [35mresponseTime[39m: 1
[16:21:18.967] [32mINFO[39m (25820): [36mrequest completed[39m
    [35mreq[39m: {
      "id": 737,
      "method": "OPTIONS",
      "url": "/api/dashboard/team-summary"
    }
    [35mres[39m: {
      "statusCode": 204
    }
    [35mresponseTime[39m: 1
[16:21:19.040] [32mINFO[39m (25820): [36mrequest completed[39m
    [35mreq[39m: {
      "id": 738,
      "method": "GET",
      "url": "/api/eod"
    }
    [35mres[39m: {
      "statusCode": 304
    }
    [35mresponseTime[39m: 67
[16:21:19.101] [32mINFO[39m (25820): [36mrequest completed[39m
    [35mreq[39m: {
      "id": 736,
      "method": "GET",
      "url": "/api/users"
    }
    [35mres[39m: {
      "statusCode": 304
    }
    [35mresponseTime[39m: 136
[16:21:19.147] [32mINFO[39m (25820): [36mrequest completed[39m
    [35mreq[39m: {
      "id": 740,
      "method": "GET",
      "url": "/api/daily-work"
    }
    [35mres[39m: {
      "statusCode": 304
    }
    [35mresponseTime[39m: 75
[16:21:19.153] [32mINFO[39m (25820): [36mrequest completed[39m
    [35mreq[39m: {
      "id": 732,
      "method": "GET",
      "url": "/api/dashboard/task-ageing"
    }
    [35mres[39m: {
      "statusCode": 304
    }
    [35mresponseTime[39m: 199
[16:21:19.165] [32mINFO[39m (25820): [36mrequest completed[39m
    [35mreq[39m: {
      "id": 739,
      "method": "GET",
      "url": "/api/tasks"
    }
    [35mres[39m: {
      "statusCode": 304
    }
    [35mresponseTime[39m: 191
[16:21:19.170] [32mINFO[39m (25820): [36mrequest completed[39m
    [35mreq[39m: {
      "id": 735,
      "method": "GET",
      "url": "/api/tasks"
    }
    [35mres[39m: {
      "statusCode": 304
    }
    [35mresponseTime[39m: 207
[16:21:19.181] [32mINFO[39m (25820): [36mrequest completed[39m
    [35mreq[39m: {
      "id": 733,
      "method": "GET",
      "url": "/api/eod"
    }
    [35mres[39m: {
      "statusCode": 304
    }
    [35mresponseTime[39m: 221
[16:21:19.188] [32mINFO[39m (25820): [36mrequest completed[39m
    [35mreq[39m: {
      "id": 741,
      "method": "GET",
      "url": "/api/dashboard/team-summary"
    }
    [35mres[39m: {
      "statusCode": 304
    }
    [35mresponseTime[39m: 57
[16:21:19.201] [32mINFO[39m (25820): [36mrequest completed[39m
    [35mreq[39m: {
      "id": 742,
      "method": "GET",
      "url": "/api/dashboard/stats"
    }
    [35mres[39m: {
      "statusCode": 304
    }
    [35mresponseTime[39m: 38
[16:21:29.332] [32mINFO[39m (25820): [36mrequest completed[39m
    [35mreq[39m: {
      "id": 743,
      "method": "OPTIONS",
      "url": "/api/audit"
    }
    [35mres[39m: {
      "statusCode": 204
    }
    [35mresponseTime[39m: 1
[16:21:29.333] [32mINFO[39m (25820): [36mrequest completed[39m
    [35mreq[39m: {
      "id": 744,
      "method": "OPTIONS",
      "url": "/api/audit/stats"
    }
    [35mres[39m: {
      "statusCode": 204
    }
    [35mresponseTime[39m: 0
[16:21:29.386] [32mINFO[39m (25820): [36mrequest completed[39m
    [35mreq[39m: {
      "id": 745,
      "method": "GET",
      "url": "/api/audit"
    }
    [35mres[39m: {
      "statusCode": 404
    }
    [35mresponseTime[39m: 51
[16:21:29.390] [32mINFO[39m (25820): [36mrequest completed[39m
    [35mreq[39m: {
      "id": 746,
      "method": "GET",
      "url": "/api/audit/stats"
    }
    [35mres[39m: {
      "statusCode": 404
    }
    [35mresponseTime[39m: 33
[16:21:36.696] [32mINFO[39m (25820): [36mrequest completed[39m
    [35mreq[39m: {
      "id": 747,
      "method": "OPTIONS",
      "url": "/api/audit"
    }
    [35mres[39m: {
      "statusCode": 204
    }
    [35mresponseTime[39m: 1
[16:21:36.698] [32mINFO[39m (25820): [36mrequest completed[39m
    [35mreq[39m: {
      "id": 748,
      "method": "OPTIONS",
      "url": "/api/audit/stats"
    }
    [35mres[39m: {
      "statusCode": 204
    }
    [35mresponseTime[39m: 0
[16:21:36.702] [32mINFO[39m (25820): [36mrequest completed[39m
    [35mreq[39m: {
      "id": 749,
      "method": "GET",
      "url": "/api/audit"
    }
    [35mres[39m: {
      "statusCode": 404
    }
    [35mresponseTime[39m: 1
[16:21:36.705] [32mINFO[39m (25820): [36mrequest completed[39m
    [35mreq[39m: {
      "id": 750,
      "method": "GET",
      "url": "/api/audit/stats"
    }
    [35mres[39m: {
      "statusCode": 404
    }
    [35mresponseTime[39m: 2
[16:21:38.406] [32mINFO[39m (25820): [36mrequest completed[39m
    [35mreq[39m: {
      "id": 751,
      "method": "OPTIONS",
      "url": "/api/audit"
    }
    [35mres[39m: {
      "statusCode": 204
    }
    [35mresponseTime[39m: 1
[16:21:38.406] [32mINFO[39m (25820): [36mrequest completed[39m
    [35mreq[39m: {
      "id": 752,
      "method": "GET",
      "url": "/api/audit/stats"
    }
    [35mres[39m: {
      "statusCode": 404
    }
    [35mresponseTime[39m: 0
[16:21:38.412] [32mINFO[39m (25820): [36mrequest completed[39m
    [35mreq[39m: {
      "id": 753,
      "method": "GET",
      "url": "/api/audit"
    }
    [35mres[39m: {
      "statusCode": 404
    }
    [35mresponseTime[39m: 4
[16:21:42.261] [32mINFO[39m (25820): [36mrequest completed[39m
    [35mreq[39m: {
      "id": 754,
      "method": "OPTIONS",
      "url": "/api/users"
    }
    [35mres[39m: {
      "statusCode": 204
    }
    [35mresponseTime[39m: 0
[16:21:42.262] [32mINFO[39m (25820): [36mrequest completed[39m
    [35mreq[39m: {
      "id": 755,
      "method": "OPTIONS",
      "url": "/api/eod"
    }
    [35mres[39m: {
      "statusCode": 204
    }
    [35mresponseTime[39m: 0
[16:21:42.508] [32mINFO[39m (25820): [36mrequest completed[39m
    [35mreq[39m: {
      "id": 757,
      "method": "GET",
      "url": "/api/eod"
    }
    [35mres[39m: {
      "statusCode": 304
    }
    [35mresponseTime[39m: 231
[16:21:42.676] [32mINFO[39m (25820): [36mrequest completed[39m
    [35mreq[39m: {
      "id": 756,
      "method": "GET",
      "url": "/api/users"
    }
    [35mres[39m: {
      "statusCode": 304
    }
    [35mresponseTime[39m: 411
[16:21:44.283] [32mINFO[39m (25820): [36mrequest completed[39m
    [35mreq[39m: {
      "id": 758,
      "method": "OPTIONS",
      "url": "/api/audit"
    }
    [35mres[39m: {
      "statusCode": 204
    }
    [35mresponseTime[39m: 0
[16:21:44.284] [32mINFO[39m (25820): [36mrequest completed[39m
    [35mreq[39m: {
      "id": 759,
      "method": "OPTIONS",
      "url": "/api/audit/stats"
    }
    [35mres[39m: {
      "statusCode": 204
    }
    [35mresponseTime[39m: 1
[16:21:44.288] [32mINFO[39m (25820): [36mrequest completed[39m
    [35mreq[39m: {
      "id": 760,
      "method": "GET",
      "url": "/api/audit"
    }
    [35mres[39m: {
      "statusCode": 404
    }
    [35mresponseTime[39m: 2
[16:21:44.289] [32mINFO[39m (25820): [36mrequest completed[39m
    [35mreq[39m: {
      "id": 761,
      "method": "GET",
      "url": "/api/audit/stats"
    }
    [35mres[39m: {
      "statusCode": 404
    }
    [35mresponseTime[39m: 2
[16:21:47.144] [32mINFO[39m (25820): [36mrequest completed[39m
    [35mreq[39m: {
      "id": 762,
      "method": "GET",
      "url": "/api/users"
    }
    [35mres[39m: {
      "statusCode": 304
    }
    [35mresponseTime[39m: 16
[16:21:47.147] [32mINFO[39m (25820): [36mrequest completed[39m
    [35mreq[39m: {
      "id": 764,
      "method": "OPTIONS",
      "url": "/api/notifications"
    }
    [35mres[39m: {
      "statusCode": 204
    }
    [35mresponseTime[39m: 0
[16:21:47.155] [32mINFO[39m (25820): [36mrequest completed[39m
    [35mreq[39m: {
      "id": 763,
      "method": "GET",
      "url": "/api/eod"
    }
    [35mres[39m: {
      "statusCode": 304
    }
    [35mresponseTime[39m: 27
[16:21:47.184] [32mINFO[39m (25820): [36mrequest completed[39m
    [35mreq[39m: {
      "id": 765,
      "method": "GET",
      "url": "/api/notifications"
    }
    [35mres[39m: {
      "statusCode": 304
    }
    [35mresponseTime[39m: 33
[16:21:48.120] [32mINFO[39m (25820): [36mrequest completed[39m
    [35mreq[39m: {
      "id": 766,
      "method": "OPTIONS",
      "url": "/api/users"
    }
    [35mres[39m: {
      "statusCode": 204
    }
    [35mresponseTime[39m: 1
[16:21:48.120] [32mINFO[39m (25820): [36mrequest completed[39m
    [35mreq[39m: {
      "id": 767,
      "method": "OPTIONS",
      "url": "/api/eod"
    }
    [35mres[39m: {
      "statusCode": 204
    }
    [35mresponseTime[39m: 0
[16:21:48.131] [32mINFO[39m (25820): [36mrequest completed[39m
    [35mreq[39m: {
      "id": 769,
      "method": "GET",
      "url": "/api/users"
    }
    [35mres[39m: {
      "statusCode": 304
    }
    [35mresponseTime[39m: 7
[16:21:48.145] [32mINFO[39m (25820): [36mrequest completed[39m
    [35mreq[39m: {
      "id": 768,
      "method": "GET",
      "url": "/api/eod"
    }
    [35mres[39m: {
      "statusCode": 304
    }
    [35mresponseTime[39m: 23
[16:21:49.770] [32mINFO[39m (25820): [36mrequest completed[39m
    [35mreq[39m: {
      "id": 770,
      "method": "OPTIONS",
      "url": "/api/eod"
    }
    [35mres[39m: {
      "statusCode": 204
    }
    [35mresponseTime[39m: 1
[16:21:49.778] [32mINFO[39m (25820): [36mrequest completed[39m
    [35mreq[39m: {
      "id": 771,
      "method": "GET",
      "url": "/api/eod"
    }
    [35mres[39m: {
      "statusCode": 304
    }
    [35mresponseTime[39m: 5
[16:21:53.383] [32mINFO[39m (25820): [36mrequest completed[39m
    [35mreq[39m: {
      "id": 772,
      "method": "OPTIONS",
      "url": "/api/audit"
    }
    [35mres[39m: {
      "statusCode": 204
    }
    [35mresponseTime[39m: 1
[16:21:53.383] [32mINFO[39m (25820): [36mrequest completed[39m
    [35mreq[39m: {
      "id": 773,
      "method": "OPTIONS",
      "url": "/api/audit/stats"
    }
    [35mres[39m: {
      "statusCode": 204
    }
    [35mresponseTime[39m: 0
[16:21:53.386] [32mINFO[39m (25820): [36mrequest completed[39m
    [35mreq[39m: {
      "id": 774,
      "method": "GET",
      "url": "/api/audit"
    }
    [35mres[39m: {
      "statusCode": 404
    }
    [35mresponseTime[39m: 1
[16:21:53.386] [32mINFO[39m (25820): [36mrequest completed[39m
    [35mreq[39m: {
      "id": 775,
      "method": "GET",
      "url": "/api/audit/stats"
    }
    [35mres[39m: {
      "statusCode": 404
    }
    [35mresponseTime[39m: 1
[16:22:03.097] [32mINFO[39m (25820): [36mrequest completed[39m
    [35mreq[39m: {
      "id": 776,
      "method": "OPTIONS",
      "url": "/api/auth/login"
    }
    [35mres[39m: {
      "statusCode": 204
    }
    [35mresponseTime[39m: 1
[16:22:03.201] [32mINFO[39m (25820): [36mrequest completed[39m
    [35mreq[39m: {
      "id": 777,
      "method": "POST",
      "url": "/api/auth/login"
    }
    [35mres[39m: {
      "statusCode": 200
    }
    [35mresponseTime[39m: 102
[16:22:03.219] [32mINFO[39m (25820): [36mrequest completed[39m
    [35mreq[39m: {
      "id": 778,
      "method": "OPTIONS",
      "url": "/api/dashboard/task-ageing"
    }
    [35mres[39m: {
      "statusCode": 204
    }
    [35mresponseTime[39m: 0
[16:22:03.222] [32mINFO[39m (25820): [36mrequest completed[39m
    [35mreq[39m: {
      "id": 779,
      "method": "OPTIONS",
      "url": "/api/eod"
    }
    [35mres[39m: {
      "statusCode": 204
    }
    [35mresponseTime[39m: 0
[16:22:03.224] [32mINFO[39m (25820): [36mrequest completed[39m
    [35mreq[39m: {
      "id": 780,
      "method": "OPTIONS",
      "url": "/api/tasks"
    }
    [35mres[39m: {
      "statusCode": 204
    }
    [35mresponseTime[39m: 1
[16:22:03.230] [32mINFO[39m (25820): [36mrequest completed[39m
    [35mreq[39m: {
      "id": 781,
      "method": "OPTIONS",
      "url": "/api/notifications"
    }
    [35mres[39m: {
      "statusCode": 204
    }
    [35mresponseTime[39m: 2
[16:22:03.244] [32mINFO[39m (25820): [36mrequest completed[39m
    [35mreq[39m: {
      "id": 786,
      "method": "OPTIONS",
      "url": "/api/users"
    }
    [35mres[39m: {
      "statusCode": 204
    }
    [35mresponseTime[39m: 0
[16:22:03.252] [32mINFO[39m (25820): [36mrequest completed[39m
    [35mreq[39m: {
      "id": 787,
      "method": "OPTIONS",
      "url": "/api/eod"
    }
    [35mres[39m: {
      "statusCode": 204
    }
    [35mresponseTime[39m: 0
[16:22:03.254] [32mINFO[39m (25820): [36mrequest completed[39m
    [35mreq[39m: {
      "id": 788,
      "method": "OPTIONS",
      "url": "/api/daily-work"
    }
    [35mres[39m: {
      "statusCode": 204
    }
    [35mresponseTime[39m: 1
[16:22:03.268] [32mINFO[39m (25820): [36mrequest completed[39m
    [35mreq[39m: {
      "id": 789,
      "method": "OPTIONS",
      "url": "/api/tasks"
    }
    [35mres[39m: {
      "statusCode": 204
    }
    [35mresponseTime[39m: 1
[16:22:03.270] [32mINFO[39m (25820): [36mrequest completed[39m
    [35mreq[39m: {
      "id": 790,
      "method": "OPTIONS",
      "url": "/api/dashboard/stats"
    }
    [35mres[39m: {
      "statusCode": 204
    }
    [35mresponseTime[39m: 2
[16:22:03.273] [32mINFO[39m (25820): [36mrequest completed[39m
    [35mreq[39m: {
      "id": 791,
      "method": "OPTIONS",
      "url": "/api/auth/me"
    }
    [35mres[39m: {
      "statusCode": 204
    }
    [35mresponseTime[39m: 1
[16:22:03.289] [32mINFO[39m (25820): [36mrequest completed[39m
    [35mreq[39m: {
      "id": 793,
      "method": "OPTIONS",
      "url": "/api/dashboard/team-summary"
    }
    [35mres[39m: {
      "statusCode": 204
    }
    [35mresponseTime[39m: 0
[16:22:03.302] [32mINFO[39m (25820): [36mrequest completed[39m
    [35mreq[39m: {
      "id": 782,
      "method": "GET",
      "url": "/api/dashboard/task-ageing"
    }
    [35mres[39m: {
      "statusCode": 304
    }
    [35mresponseTime[39m: 71
[16:22:03.345] [32mINFO[39m (25820): [36mrequest completed[39m
    [35mreq[39m: {
      "id": 795,
      "method": "GET",
      "url": "/api/daily-work"
    }
    [35mres[39m: {
      "statusCode": 304
    }
    [35mresponseTime[39m: 28
[16:22:03.767] [32mINFO[39m (25820): [36mrequest completed[39m
    [35mreq[39m: {
      "id": 784,
      "method": "GET",
      "url": "/api/eod"
    }
    [35mres[39m: {
      "statusCode": 304
    }
    [35mresponseTime[39m: 532
[16:22:03.801] [32mINFO[39m (25820): [36mrequest completed[39m
    [35mreq[39m: {
      "id": 783,
      "method": "GET",
      "url": "/api/tasks"
    }
    [35mres[39m: {
      "statusCode": 304
    }
    [35mresponseTime[39m: 569
[16:22:03.803] [32mINFO[39m (25820): [36mrequest completed[39m
    [35mreq[39m: {
      "id": 785,
      "method": "GET",
      "url": "/api/notifications"
    }
    [35mres[39m: {
      "statusCode": 200
    }
    [35mresponseTime[39m: 566
[16:22:03.851] [32mINFO[39m (25820): [36mrequest completed[39m
    [35mreq[39m: {
      "id": 794,
      "method": "GET",
      "url": "/api/eod"
    }
    [35mres[39m: {
      "statusCode": 304
    }
    [35mresponseTime[39m: 554
[16:22:03.872] [32mINFO[39m (25820): [36mrequest completed[39m
    [35mreq[39m: {
      "id": 792,
      "method": "GET",
      "url": "/api/users"
    }
    [35mres[39m: {
      "statusCode": 304
    }
    [35mresponseTime[39m: 595
[16:22:03.880] [32mINFO[39m (25820): [36mrequest completed[39m
    [35mreq[39m: {
      "id": 798,
      "method": "GET",
      "url": "/api/auth/me"
    }
    [35mres[39m: {
      "statusCode": 200
    }
    [35mresponseTime[39m: 47
[16:22:03.886] [32mINFO[39m (25820): [36mrequest completed[39m
    [35mreq[39m: {
      "id": 797,
      "method": "GET",
      "url": "/api/dashboard/stats"
    }
    [35mres[39m: {
      "statusCode": 304
    }
    [35mresponseTime[39m: 98
[16:22:03.916] [32mINFO[39m (25820): [36mrequest completed[39m
    [35mreq[39m: {
      "id": 799,
      "method": "GET",
      "url": "/api/dashboard/team-summary"
    }
    [35mres[39m: {
      "statusCode": 304
    }
    [35mresponseTime[39m: 69
[16:22:03.917] [32mINFO[39m (25820): [36mrequest completed[39m
    [35mreq[39m: {
      "id": 796,
      "method": "GET",
      "url": "/api/tasks"
    }
    [35mres[39m: {
      "statusCode": 304
    }
    [35mresponseTime[39m: 570
[16:22:04.475] [32mINFO[39m (25820): [36mrequest completed[39m
    [35mreq[39m: {
      "id": 800,
      "method": "OPTIONS",
      "url": "/api/audit"
    }
    [35mres[39m: {
      "statusCode": 204
    }
    [35mresponseTime[39m: 1
[16:22:04.476] [32mINFO[39m (25820): [36mrequest completed[39m
    [35mreq[39m: {
      "id": 801,
      "method": "OPTIONS",
      "url": "/api/audit/stats"
    }
    [35mres[39m: {
      "statusCode": 204
    }
    [35mresponseTime[39m: 0
[16:22:04.480] [32mINFO[39m (25820): [36mrequest completed[39m
    [35mreq[39m: {
      "id": 802,
      "method": "GET",
      "url": "/api/audit"
    }
    [35mres[39m: {
      "statusCode": 404
    }
    [35mresponseTime[39m: 2
[16:22:04.480] [32mINFO[39m (25820): [36mrequest completed[39m
    [35mreq[39m: {
      "id": 803,
      "method": "GET",
      "url": "/api/audit/stats"
    }
    [35mres[39m: {
      "statusCode": 404
    }
    [35mresponseTime[39m: 2
[16:22:05.571] [32mINFO[39m (25820): [36mrequest completed[39m
    [35mreq[39m: {
      "id": 804,
      "method": "OPTIONS",
      "url": "/api/audit-activities"
    }
    [35mres[39m: {
      "statusCode": 204
    }
    [35mresponseTime[39m: 1
[16:22:05.616] [32mINFO[39m (25820): [36mrequest completed[39m
    [35mreq[39m: {
      "id": 805,
      "method": "GET",
      "url": "/api/audit-activities"
    }
    [35mres[39m: {
      "statusCode": 200
    }
    [35mresponseTime[39m: 42
[16:22:08.701] [32mINFO[39m (25820): [36mrequest completed[39m
    [35mreq[39m: {
      "id": 806,
      "method": "GET",
      "url": "/api/audit"
    }
    [35mres[39m: {
      "statusCode": 404
    }
    [35mresponseTime[39m: 1
[16:22:08.702] [32mINFO[39m (25820): [36mrequest completed[39m
    [35mreq[39m: {
      "id": 807,
      "method": "GET",
      "url": "/api/audit/stats"
    }
    [35mres[39m: {
      "statusCode": 404
    }
    [35mresponseTime[39m: 1
[16:22:10.634] [32mINFO[39m (25820): [36mrequest completed[39m
    [35mreq[39m: {
      "id": 808,
      "method": "OPTIONS",
      "url": "/api/audit"
    }
    [35mres[39m: {
      "statusCode": 204
    }
    [35mresponseTime[39m: 1
[16:22:10.634] [32mINFO[39m (25820): [36mrequest completed[39m
    [35mreq[39m: {
      "id": 809,
      "method": "OPTIONS",
      "url": "/api/audit/stats"
    }
    [35mres[39m: {
      "statusCode": 204
    }
    [35mresponseTime[39m: 0
[16:22:10.637] [32mINFO[39m (25820): [36mrequest completed[39m
    [35mreq[39m: {
      "id": 810,
      "method": "GET",
      "url": "/api/audit"
    }
    [35mres[39m: {
      "statusCode": 404
    }
    [35mresponseTime[39m: 1
[16:22:10.637] [32mINFO[39m (25820): [36mrequest completed[39m
    [35mreq[39m: {
      "id": 811,
      "method": "GET",
      "url": "/api/audit/stats"
    }
    [35mres[39m: {
      "statusCode": 404
    }
    [35mresponseTime[39m: 0
[16:22:31.297] [32mINFO[39m (25820): [36mrequest completed[39m
    [35mreq[39m: {
      "id": 812,
      "method": "OPTIONS",
      "url": "/api/teams"
    }
    [35mres[39m: {
      "statusCode": 204
    }
    [35mresponseTime[39m: 1
[16:22:31.300] [32mINFO[39m (25820): [36mrequest completed[39m
    [35mreq[39m: {
      "id": 813,
      "method": "OPTIONS",
      "url": "/api/users"
    }
    [35mres[39m: {
      "statusCode": 204
    }
    [35mresponseTime[39m: 1
[16:22:31.383] [32mINFO[39m (25820): [36mrequest completed[39m
    [35mreq[39m: {
      "id": 815,
      "method": "GET",
      "url": "/api/users"
    }
    [35mres[39m: {
      "statusCode": 304
    }
    [35mresponseTime[39m: 79
[16:22:31.546] [32mINFO[39m (25820): [36mrequest completed[39m
    [35mreq[39m: {
      "id": 814,
      "method": "GET",
      "url": "/api/teams"
    }
    [35mres[39m: {
      "statusCode": 304
    }
    [35mresponseTime[39m: 245
[16:22:31.852] [32mINFO[39m (25820): [36mrequest completed[39m
    [35mreq[39m: {
      "id": 816,
      "method": "OPTIONS",
      "url": "/api/audit-activities"
    }
    [35mres[39m: {
      "statusCode": 204
    }
    [35mresponseTime[39m: 1
[16:22:31.868] [32mINFO[39m (25820): [36mrequest completed[39m
    [35mreq[39m: {
      "id": 817,
      "method": "GET",
      "url": "/api/audit-activities"
    }
    [35mres[39m: {
      "statusCode": 304
    }
    [35mresponseTime[39m: 15
[16:22:33.222] [32mINFO[39m (25820): [36mrequest completed[39m
    [35mreq[39m: {
      "id": 818,
      "method": "OPTIONS",
      "url": "/api/notifications"
    }
    [35mres[39m: {
      "statusCode": 204
    }
    [35mresponseTime[39m: 0
[16:22:33.232] [32mINFO[39m (25820): [36mrequest completed[39m
    [35mreq[39m: {
      "id": 819,
      "method": "GET",
      "url": "/api/notifications"
    }
    [35mres[39m: {
      "statusCode": 304
    }
    [35mresponseTime[39m: 5
[16:22:33.884] [32mINFO[39m (25820): [36mrequest completed[39m
    [35mreq[39m: {
      "id": 820,
      "method": "OPTIONS",
      "url": "/api/audit"
    }
    [35mres[39m: {
      "statusCode": 204
    }
    [35mresponseTime[39m: 0
[16:22:33.885] [32mINFO[39m (25820): [36mrequest completed[39m
    [35mreq[39m: {
      "id": 821,
      "method": "OPTIONS",
      "url": "/api/audit/stats"
    }
    [35mres[39m: {
      "statusCode": 204
    }
    [35mresponseTime[39m: 1
[16:22:33.887] [32mINFO[39m (25820): [36mrequest completed[39m
    [35mreq[39m: {
      "id": 822,
      "method": "GET",
      "url": "/api/audit"
    }
    [35mres[39m: {
      "statusCode": 404
    }
    [35mresponseTime[39m: 0
[16:22:33.888] [32mINFO[39m (25820): [36mrequest completed[39m
    [35mreq[39m: {
      "id": 823,
      "method": "GET",
      "url": "/api/audit/stats"
    }
    [35mres[39m: {
      "statusCode": 404
    }
    [35mresponseTime[39m: 1
[16:22:35.256] [32mINFO[39m (25820): [36mrequest completed[39m
    [35mreq[39m: {
      "id": 825,
      "method": "GET",
      "url": "/api/users"
    }
    [35mres[39m: {
      "statusCode": 304
    }
    [35mresponseTime[39m: 28
[16:22:35.261] [32mINFO[39m (25820): [36mrequest completed[39m
    [35mreq[39m: {
      "id": 824,
      "method": "GET",
      "url": "/api/teams"
    }
    [35mres[39m: {
      "statusCode": 304
    }
    [35mresponseTime[39m: 34
[16:22:36.799] [32mINFO[39m (25820): [36mrequest completed[39m
    [35mreq[39m: {
      "id": 826,
      "method": "OPTIONS",
      "url": "/api/users"
    }
    [35mres[39m: {
      "statusCode": 204
    }
    [35mresponseTime[39m: 0
[16:22:36.799] [32mINFO[39m (25820): [36mrequest completed[39m
    [35mreq[39m: {
      "id": 827,
      "method": "OPTIONS",
      "url": "/api/teams"
    }
    [35mres[39m: {
      "statusCode": 204
    }
    [35mresponseTime[39m: 0
[16:22:36.818] [32mINFO[39m (25820): [36mrequest completed[39m
    [35mreq[39m: {
      "id": 828,
      "method": "GET",
      "url": "/api/users"
    }
    [35mres[39m: {
      "statusCode": 304
    }
    [35mresponseTime[39m: 17
[16:22:36.830] [32mINFO[39m (25820): [36mrequest completed[39m
    [35mreq[39m: {
      "id": 829,
      "method": "GET",
      "url": "/api/teams"
    }
    [35mres[39m: {
      "statusCode": 304
    }
    [35mresponseTime[39m: 29
[16:22:37.858] [32mINFO[39m (25820): [36mrequest completed[39m
    [35mreq[39m: {
      "id": 830,
      "method": "OPTIONS",
      "url": "/api/users"
    }
    [35mres[39m: {
      "statusCode": 204
    }
    [35mresponseTime[39m: 0
[16:22:37.859] [32mINFO[39m (25820): [36mrequest completed[39m
    [35mreq[39m: {
      "id": 831,
      "method": "OPTIONS",
      "url": "/api/eod"
    }
    [35mres[39m: {
      "statusCode": 204
    }
    [35mresponseTime[39m: 0
[16:22:37.870] [32mINFO[39m (25820): [36mrequest completed[39m
    [35mreq[39m: {
      "id": 832,
      "method": "GET",
      "url": "/api/users"
    }
    [35mres[39m: {
      "statusCode": 304
    }
    [35mresponseTime[39m: 9
[16:22:37.879] [32mINFO[39m (25820): [36mrequest completed[39m
    [35mreq[39m: {
      "id": 833,
      "method": "GET",
      "url": "/api/eod"
    }
    [35mres[39m: {
      "statusCode": 304
    }
    [35mresponseTime[39m: 18
[16:22:39.446] [32mINFO[39m (25820): [36mrequest completed[39m
    [35mreq[39m: {
      "id": 834,
      "method": "OPTIONS",
      "url": "/api/tasks"
    }
    [35mres[39m: {
      "statusCode": 204
    }
    [35mresponseTime[39m: 1
[16:22:39.458] [32mINFO[39m (25820): [36mrequest completed[39m
    [35mreq[39m: {
      "id": 835,
      "method": "GET",
      "url": "/api/tasks"
    }
    [35mres[39m: {
      "statusCode": 304
    }
    [35mresponseTime[39m: 10
[16:22:49.443] [32mINFO[39m (25820): [36mrequest completed[39m
    [35mreq[39m: {
      "id": 836,
      "method": "OPTIONS",
      "url": "/api/users"
    }
    [35mres[39m: {
      "statusCode": 204
    }
    [35mresponseTime[39m: 0
[16:22:49.445] [32mINFO[39m (25820): [36mrequest completed[39m
    [35mreq[39m: {
      "id": 837,
      "method": "OPTIONS",
      "url": "/api/eod"
    }
    [35mres[39m: {
      "statusCode": 204
    }
    [35mresponseTime[39m: 0
[16:22:49.449] [32mINFO[39m (25820): [36mrequest completed[39m
    [35mreq[39m: {
      "id": 838,
      "method": "GET",
      "url": "/api/users"
    }
    [35mres[39m: {
      "statusCode": 304
    }
    [35mresponseTime[39m: 3
[16:22:49.463] [32mINFO[39m (25820): [36mrequest completed[39m
    [35mreq[39m: {
      "id": 839,
      "method": "GET",
      "url": "/api/eod"
    }
    [35mres[39m: {
      "statusCode": 304
    }
    [35mresponseTime[39m: 17
[16:22:50.290] [32mINFO[39m (25820): [36mrequest completed[39m
    [35mreq[39m: {
      "id": 840,
      "method": "OPTIONS",
      "url": "/api/tasks"
    }
    [35mres[39m: {
      "statusCode": 204
    }
    [35mresponseTime[39m: 0
[16:22:50.297] [32mINFO[39m (25820): [36mrequest completed[39m
    [35mreq[39m: {
      "id": 841,
      "method": "GET",
      "url": "/api/tasks"
    }
    [35mres[39m: {
      "statusCode": 304
    }
    [35mresponseTime[39m: 5
[16:23:02.574] [32mINFO[39m (25820): [36mrequest completed[39m
    [35mreq[39m: {
      "id": 842,
      "method": "OPTIONS",
      "url": "/api/auth/login"
    }
    [35mres[39m: {
      "statusCode": 204
    }
    [35mresponseTime[39m: 1
[16:23:02.670] [32mINFO[39m (25820): [36mrequest completed[39m
    [35mreq[39m: {
      "id": 843,
      "method": "POST",
      "url": "/api/auth/login"
    }
    [35mres[39m: {
      "statusCode": 200
    }
    [35mresponseTime[39m: 95
[16:23:02.682] [32mINFO[39m (25820): [36mrequest completed[39m
    [35mreq[39m: {
      "id": 844,
      "method": "OPTIONS",
      "url": "/api/notifications"
    }
    [35mres[39m: {
      "statusCode": 204
    }
    [35mresponseTime[39m: 0
[16:23:02.693] [32mINFO[39m (25820): [36mrequest completed[39m
    [35mreq[39m: {
      "id": 846,
      "method": "OPTIONS",
      "url": "/api/eod"
    }
    [35mres[39m: {
      "statusCode": 204
    }
    [35mresponseTime[39m: 1
[16:23:02.698] [32mINFO[39m (25820): [36mrequest completed[39m
    [35mreq[39m: {
      "id": 847,
      "method": "OPTIONS",
      "url": "/api/tasks"
    }
    [35mres[39m: {
      "statusCode": 204
    }
    [35mresponseTime[39m: 1
[16:23:02.702] [32mINFO[39m (25820): [36mrequest completed[39m
    [35mreq[39m: {
      "id": 848,
      "method": "OPTIONS",
      "url": "/api/daily-work"
    }
    [35mres[39m: {
      "statusCode": 204
    }
    [35mresponseTime[39m: 0
[16:23:02.706] [32mINFO[39m (25820): [36mrequest completed[39m
    [35mreq[39m: {
      "id": 849,
      "method": "OPTIONS",
      "url": "/api/auth/me"
    }
    [35mres[39m: {
      "statusCode": 204
    }
    [35mresponseTime[39m: 1
[16:23:02.712] [32mINFO[39m (25820): [36mrequest completed[39m
    [35mreq[39m: {
      "id": 845,
      "method": "GET",
      "url": "/api/notifications"
    }
    [35mres[39m: {
      "statusCode": 200
    }
    [35mresponseTime[39m: 28
[16:23:02.718] [32mINFO[39m (25820): [36mrequest completed[39m
    [35mreq[39m: {
      "id": 853,
      "method": "GET",
      "url": "/api/auth/me"
    }
    [35mres[39m: {
      "statusCode": 200
    }
    [35mresponseTime[39m: 6
[16:23:02.803] [32mINFO[39m (25820): [36mrequest completed[39m
    [35mreq[39m: {
      "id": 850,
      "method": "GET",
      "url": "/api/eod"
    }
    [35mres[39m: {
      "statusCode": 200
    }
    [35mresponseTime[39m: 95
[16:23:03.052] [32mINFO[39m (25820): [36mrequest completed[39m
    [35mreq[39m: {
      "id": 852,
      "method": "GET",
      "url": "/api/daily-work"
    }
    [35mres[39m: {
      "statusCode": 200
    }
    [35mresponseTime[39m: 342
[16:23:03.231] [32mINFO[39m (25820): [36mrequest completed[39m
    [35mreq[39m: {
      "id": 851,
      "method": "GET",
      "url": "/api/tasks"
    }
    [35mres[39m: {
      "statusCode": 200
    }
    [35mresponseTime[39m: 522
[16:23:04.887] [32mINFO[39m (25820): [36mrequest completed[39m
    [35mreq[39m: {
      "id": 854,
      "method": "GET",
      "url": "/api/tasks"
    }
    [35mres[39m: {
      "statusCode": 304
    }
    [35mresponseTime[39m: 26
[16:23:33.672] [32mINFO[39m (25820): [36mrequest completed[39m
    [35mreq[39m: {
      "id": 855,
      "method": "OPTIONS",
      "url": "/api/notifications"
    }
    [35mres[39m: {
      "statusCode": 204
    }
    [35mresponseTime[39m: 0
[16:23:33.737] [32mINFO[39m (25820): [36mrequest completed[39m
    [35mreq[39m: {
      "id": 856,
      "method": "GET",
      "url": "/api/notifications"
    }
    [35mres[39m: {
      "statusCode": 304
    }
    [35mresponseTime[39m: 63
[16:23:43.370] [32mINFO[39m (25820): [36mrequest completed[39m
    [35mreq[39m: {
      "id": 857,
      "method": "OPTIONS",
      "url": "/api/training"
    }
    [35mres[39m: {
      "statusCode": 204
    }
    [35mresponseTime[39m: 1
[16:23:43.393] [32mINFO[39m (25820): [36mrequest completed[39m
    [35mreq[39m: {
      "id": 858,
      "method": "GET",
      "url": "/api/training"
    }
    [35mres[39m: {
      "statusCode": 304
    }
    [35mresponseTime[39m: 22
[16:23:47.749] [32mINFO[39m (25820): [36mrequest completed[39m
    [35mreq[39m: {
      "id": 859,
      "method": "OPTIONS",
      "url": "/api/eod"
    }
    [35mres[39m: {
      "statusCode": 204
    }
    [35mresponseTime[39m: 0
[16:23:47.752] [32mINFO[39m (25820): [36mrequest completed[39m
    [35mreq[39m: {
      "id": 860,
      "method": "OPTIONS",
      "url": "/api/tasks"
    }
    [35mres[39m: {
      "statusCode": 204
    }
    [35mresponseTime[39m: 0
[16:23:47.753] [32mINFO[39m (25820): [36mrequest completed[39m
    [35mreq[39m: {
      "id": 861,
      "method": "OPTIONS",
      "url": "/api/daily-work"
    }
    [35mres[39m: {
      "statusCode": 204
    }
    [35mresponseTime[39m: 0
[16:23:47.771] [32mINFO[39m (25820): [36mrequest completed[39m
    [35mreq[39m: {
      "id": 862,
      "method": "GET",
      "url": "/api/eod"
    }
    [35mres[39m: {
      "statusCode": 304
    }
    [35mresponseTime[39m: 17
[16:23:47.824] [32mINFO[39m (25820): [36mrequest completed[39m
    [35mreq[39m: {
      "id": 863,
      "method": "GET",
      "url": "/api/daily-work"
    }
    [35mres[39m: {
      "statusCode": 304
    }
    [35mresponseTime[39m: 69
[16:23:47.883] [32mINFO[39m (25820): [36mrequest completed[39m
    [35mreq[39m: {
      "id": 864,
      "method": "GET",
      "url": "/api/tasks"
    }
    [35mres[39m: {
      "statusCode": 304
    }
    [35mresponseTime[39m: 127
[16:23:50.999] [32mINFO[39m (25820): [36mrequest completed[39m
    [35mreq[39m: {
      "id": 865,
      "method": "GET",
      "url": "/api/tasks"
    }
    [35mres[39m: {
      "statusCode": 304
    }
    [35mresponseTime[39m: 8
[16:23:55.981] [32mINFO[39m (25820): [36mrequest completed[39m
    [35mreq[39m: {
      "id": 866,
      "method": "OPTIONS",
      "url": "/api/daily-work"
    }
    [35mres[39m: {
      "statusCode": 204
    }
    [35mresponseTime[39m: 0
[16:23:55.990] [32mINFO[39m (25820): [36mrequest completed[39m
    [35mreq[39m: {
      "id": 867,
      "method": "GET",
      "url": "/api/daily-work"
    }
    [35mres[39m: {
      "statusCode": 304
    }
    [35mresponseTime[39m: 7
[16:24:01.103] [32mINFO[39m (25820): [36mrequest completed[39m
    [35mreq[39m: {
      "id": 868,
      "method": "OPTIONS",
      "url": "/api/eod"
    }
    [35mres[39m: {
      "statusCode": 204
    }
    [35mresponseTime[39m: 1
[16:24:01.109] [32mINFO[39m (25820): [36mrequest completed[39m
    [35mreq[39m: {
      "id": 869,
      "method": "GET",
      "url": "/api/eod"
    }
    [35mres[39m: {
      "statusCode": 304
    }
    [35mresponseTime[39m: 5
[16:24:02.685] [32mINFO[39m (25820): [36mrequest completed[39m
    [35mreq[39m: {
      "id": 870,
      "method": "OPTIONS",
      "url": "/api/notifications"
    }
    [35mres[39m: {
      "statusCode": 204
    }
    [35mresponseTime[39m: 1
[16:24:02.694] [32mINFO[39m (25820): [36mrequest completed[39m
    [35mreq[39m: {
      "id": 871,
      "method": "GET",
      "url": "/api/notifications"
    }
    [35mres[39m: {
      "statusCode": 304
    }
    [35mresponseTime[39m: 6
[16:24:02.842] [32mINFO[39m (25820): [36mrequest completed[39m
    [35mreq[39m: {
      "id": 872,
      "method": "OPTIONS",
      "url": "/api/tasks"
    }
    [35mres[39m: {
      "statusCode": 204
    }
    [35mresponseTime[39m: 0
[16:24:02.843] [32mINFO[39m (25820): [36mrequest completed[39m
    [35mreq[39m: {
      "id": 873,
      "method": "OPTIONS",
      "url": "/api/daily-work"
    }
    [35mres[39m: {
      "statusCode": 204
    }
    [35mresponseTime[39m: 0
[16:24:02.850] [32mINFO[39m (25820): [36mrequest completed[39m
    [35mreq[39m: {
      "id": 874,
      "method": "GET",
      "url": "/api/eod"
    }
    [35mres[39m: {
      "statusCode": 304
    }
    [35mresponseTime[39m: 5
[16:24:02.926] [32mINFO[39m (25820): [36mrequest completed[39m
    [35mreq[39m: {
      "id": 876,
      "method": "GET",
      "url": "/api/daily-work"
    }
    [35mres[39m: {
      "statusCode": 304
    }
    [35mresponseTime[39m: 79
[16:24:03.023] [32mINFO[39m (25820): [36mrequest completed[39m
    [35mreq[39m: {
      "id": 875,
      "method": "GET",
      "url": "/api/tasks"
    }
    [35mres[39m: {
      "statusCode": 304
    }
    [35mresponseTime[39m: 178
[16:24:33.669] [32mINFO[39m (25820): [36mrequest completed[39m
    [35mreq[39m: {
      "id": 877,
      "method": "OPTIONS",
      "url": "/api/notifications"
    }
    [35mres[39m: {
      "statusCode": 204
    }
    [35mresponseTime[39m: 1
[16:24:33.753] [32mINFO[39m (25820): [36mrequest completed[39m
    [35mreq[39m: {
      "id": 878,
      "method": "GET",
      "url": "/api/notifications"
    }
    [35mres[39m: {
      "statusCode": 304
    }
    [35mresponseTime[39m: 81
[16:25:03.682] [32mINFO[39m (25820): [36mrequest completed[39m
    [35mreq[39m: {
      "id": 879,
      "method": "OPTIONS",
      "url": "/api/notifications"
    }
    [35mres[39m: {
      "statusCode": 204
    }
    [35mresponseTime[39m: 0
[16:25:03.896] [32mINFO[39m (25820): [36mrequest completed[39m
    [35mreq[39m: {
      "id": 880,
      "method": "GET",
      "url": "/api/notifications"
    }
    [35mres[39m: {
      "statusCode": 304
    }
    [35mresponseTime[39m: 212
[16:25:14.304] [32mINFO[39m (25820): [36mrequest completed[39m
    [35mreq[39m: {
      "id": 881,
      "method": "OPTIONS",
      "url": "/api/notifications"
    }
    [35mres[39m: {
      "statusCode": 204
    }
    [35mresponseTime[39m: 0
[16:25:14.385] [32mINFO[39m (25820): [36mrequest completed[39m
    [35mreq[39m: {
      "id": 882,
      "method": "GET",
      "url": "/api/notifications"
    }
    [35mres[39m: {
      "statusCode": 304
    }
    [35mresponseTime[39m: 79
[16:25:33.718] [32mINFO[39m (25820): [36mrequest completed[39m
    [35mreq[39m: {
      "id": 883,
      "method": "OPTIONS",
      "url": "/api/notifications"
    }
    [35mres[39m: {
      "statusCode": 204
    }
    [35mresponseTime[39m: 5
[16:25:33.944] [32mINFO[39m (25820): [36mrequest completed[39m
    [35mreq[39m: {
      "id": 884,
      "method": "GET",
      "url": "/api/notifications"
    }
    [35mres[39m: {
      "statusCode": 304
    }
    [35mresponseTime[39m: 218
[16:26:03.702] [32mINFO[39m (25820): [36mrequest completed[39m
    [35mreq[39m: {
      "id": 885,
      "method": "OPTIONS",
      "url": "/api/notifications"
    }
    [35mres[39m: {
      "statusCode": 204
    }
    [35mresponseTime[39m: 5
[16:26:03.823] [32mINFO[39m (25820): [36mrequest completed[39m
    [35mreq[39m: {
      "id": 886,
      "method": "GET",
      "url": "/api/notifications"
    }
    [35mres[39m: {
      "statusCode": 304
    }
    [35mresponseTime[39m: 117
[16:26:51.819] [32mINFO[39m (25820): [36mrequest completed[39m
    [35mreq[39m: {
      "id": 887,
      "method": "OPTIONS",
      "url": "/api/notifications"
    }
    [35mres[39m: {
      "statusCode": 204
    }
    [35mresponseTime[39m: 22
[16:26:52.347] [32mINFO[39m (25820): [36mrequest completed[39m
    [35mreq[39m: {
      "id": 888,
      "method": "GET",
      "url": "/api/notifications"
    }
    [35mres[39m: {
      "statusCode": 304
    }
    [35mresponseTime[39m: 492
[16:27:50.460] [32mINFO[39m (25820): [36mrequest completed[39m
    [35mreq[39m: {
      "id": 889,
      "method": "OPTIONS",
      "url": "/api/notifications"
    }
    [35mres[39m: {
      "statusCode": 204
    }
    [35mresponseTime[39m: 13
[16:27:50.793] [32mINFO[39m (25820): [36mrequest completed[39m
    [35mreq[39m: {
      "id": 890,
      "method": "GET",
      "url": "/api/notifications"
    }
    [35mres[39m: {
      "statusCode": 304
    }
    [35mresponseTime[39m: 320
[16:27:56.496] [32mINFO[39m (25820): [36mrequest completed[39m
    [35mreq[39m: {
      "id": 891,
      "method": "OPTIONS",
      "url": "/api/notifications/639/read"
    }
    [35mres[39m: {
      "statusCode": 204
    }
    [35mresponseTime[39m: 1
[16:27:56.623] [32mINFO[39m (25820): [36mrequest completed[39m
    [35mreq[39m: {
      "id": 892,
      "method": "PATCH",
      "url": "/api/notifications/639/read"
    }
    [35mres[39m: {
      "statusCode": 200
    }
    [35mresponseTime[39m: 124
[16:27:56.676] [32mINFO[39m (25820): [36mrequest completed[39m
    [35mreq[39m: {
      "id": 893,
      "method": "OPTIONS",
      "url": "/api/notifications"
    }
    [35mres[39m: {
      "statusCode": 204
    }
    [35mresponseTime[39m: 1
[16:27:56.689] [32mINFO[39m (25820): [36mrequest completed[39m
    [35mreq[39m: {
      "id": 894,
      "method": "GET",
      "url": "/api/notifications"
    }
    [35mres[39m: {
      "statusCode": 200
    }
    [35mresponseTime[39m: 11
[16:28:02.699] [32mINFO[39m (25820): [36mrequest completed[39m
    [35mreq[39m: {
      "id": 895,
      "method": "OPTIONS",
      "url": "/api/notifications"
    }
    [35mres[39m: {
      "statusCode": 204
    }
    [35mresponseTime[39m: 1
[16:28:02.716] [32mINFO[39m (25820): [36mrequest completed[39m
    [35mreq[39m: {
      "id": 896,
      "method": "GET",
      "url": "/api/notifications"
    }
    [35mres[39m: {
      "statusCode": 304
    }
    [35mresponseTime[39m: 15
[16:28:10.062] [32mINFO[39m (25820): [36mrequest completed[39m
    [35mreq[39m: {
      "id": 897,
      "method": "OPTIONS",
      "url": "/api/eod"
    }
    [35mres[39m: {
      "statusCode": 204
    }
    [35mresponseTime[39m: 0
[16:28:10.066] [32mINFO[39m (25820): [36mrequest completed[39m
    [35mreq[39m: {
      "id": 898,
      "method": "OPTIONS",
      "url": "/api/tasks"
    }
    [35mres[39m: {
      "statusCode": 204
    }
    [35mresponseTime[39m: 1
[16:28:10.069] [32mINFO[39m (25820): [36mrequest completed[39m
    [35mreq[39m: {
      "id": 899,
      "method": "OPTIONS",
      "url": "/api/daily-work"
    }
    [35mres[39m: {
      "statusCode": 204
    }
    [35mresponseTime[39m: 1
[16:28:10.218] [32mINFO[39m (25820): [36mrequest completed[39m
    [35mreq[39m: {
      "id": 901,
      "method": "GET",
      "url": "/api/eod"
    }
    [35mres[39m: {
      "statusCode": 304
    }
    [35mresponseTime[39m: 141
[16:28:10.220] [32mINFO[39m (25820): [36mrequest completed[39m
    [35mreq[39m: {
      "id": 902,
      "method": "GET",
      "url": "/api/daily-work"
    }
    [35mres[39m: {
      "statusCode": 304
    }
    [35mresponseTime[39m: 139
[16:28:10.295] [32mINFO[39m (25820): [36mrequest completed[39m
    [35mreq[39m: {
      "id": 900,
      "method": "GET",
      "url": "/api/tasks"
    }
    [35mres[39m: {
      "statusCode": 304
    }
    [35mresponseTime[39m: 225
[16:28:22.770] [32mINFO[39m (25820): [36mrequest completed[39m
    [35mreq[39m: {
      "id": 903,
      "method": "OPTIONS",
      "url": "/api/auth/login"
    }
    [35mres[39m: {
      "statusCode": 204
    }
    [35mresponseTime[39m: 1
[16:28:22.862] [32mINFO[39m (25820): [36mrequest completed[39m
    [35mreq[39m: {
      "id": 904,
      "method": "POST",
      "url": "/api/auth/login"
    }
    [35mres[39m: {
      "statusCode": 200
    }
    [35mresponseTime[39m: 89
[16:28:22.893] [32mINFO[39m (25820): [36mrequest completed[39m
    [35mreq[39m: {
      "id": 905,
      "method": "OPTIONS",
      "url": "/api/dashboard/task-ageing"
    }
    [35mres[39m: {
      "statusCode": 204
    }
    [35mresponseTime[39m: 0
[16:28:22.896] [32mINFO[39m (25820): [36mrequest completed[39m
    [35mreq[39m: {
      "id": 906,
      "method": "OPTIONS",
      "url": "/api/eod"
    }
    [35mres[39m: {
      "statusCode": 204
    }
    [35mresponseTime[39m: 1
[16:28:22.896] [32mINFO[39m (25820): [36mrequest completed[39m
    [35mreq[39m: {
      "id": 907,
      "method": "OPTIONS",
      "url": "/api/tasks"
    }
    [35mres[39m: {
      "statusCode": 204
    }
    [35mresponseTime[39m: 0
[16:28:22.903] [32mINFO[39m (25820): [36mrequest completed[39m
    [35mreq[39m: {
      "id": 909,
      "method": "OPTIONS",
      "url": "/api/notifications"
    }
    [35mres[39m: {
      "statusCode": 204
    }
    [35mresponseTime[39m: 1
[16:28:22.915] [32mINFO[39m (25820): [36mrequest completed[39m
    [35mreq[39m: {
      "id": 908,
      "method": "GET",
      "url": "/api/dashboard/task-ageing"
    }
    [35mres[39m: {
      "statusCode": 304
    }
    [35mresponseTime[39m: 18
[16:28:22.915] [32mINFO[39m (25820): [36mrequest completed[39m
    [35mreq[39m: {
      "id": 913,
      "method": "OPTIONS",
      "url": "/api/users"
    }
    [35mres[39m: {
      "statusCode": 204
    }
    [35mresponseTime[39m: 0
[16:28:22.917] [32mINFO[39m (25820): [36mrequest completed[39m
    [35mreq[39m: {
      "id": 914,
      "method": "OPTIONS",
      "url": "/api/eod"
    }
    [35mres[39m: {
      "statusCode": 204
    }
    [35mresponseTime[39m: 0
[16:28:22.918] [32mINFO[39m (25820): [36mrequest completed[39m
    [35mreq[39m: {
      "id": 915,
      "method": "OPTIONS",
      "url": "/api/daily-work"
    }
    [35mres[39m: {
      "statusCode": 204
    }
    [35mresponseTime[39m: 0
[16:28:22.918] [32mINFO[39m (25820): [36mrequest completed[39m
    [35mreq[39m: {
      "id": 916,
      "method": "OPTIONS",
      "url": "/api/tasks"
    }
    [35mres[39m: {
      "statusCode": 204
    }
    [35mresponseTime[39m: 0
[16:28:22.922] [32mINFO[39m (25820): [36mrequest completed[39m
    [35mreq[39m: {
      "id": 918,
      "method": "OPTIONS",
      "url": "/api/dashboard/stats"
    }
    [35mres[39m: {
      "statusCode": 204
    }
    [35mresponseTime[39m: 0
[16:28:22.923] [32mINFO[39m (25820): [36mrequest completed[39m
    [35mreq[39m: {
      "id": 919,
      "method": "OPTIONS",
      "url": "/api/dashboard/team-summary"
    }
    [35mres[39m: {
      "statusCode": 204
    }
    [35mresponseTime[39m: 0
[16:28:22.937] [32mINFO[39m (25820): [36mrequest completed[39m
    [35mreq[39m: {
      "id": 920,
      "method": "OPTIONS",
      "url": "/api/auth/me"
    }
    [35mres[39m: {
      "statusCode": 204
    }
    [35mresponseTime[39m: 0
[16:28:22.991] [32mINFO[39m (25820): [36mrequest completed[39m
    [35mreq[39m: {
      "id": 921,
      "method": "GET",
      "url": "/api/eod"
    }
    [35mres[39m: {
      "statusCode": 304
    }
    [35mresponseTime[39m: 53
[16:28:22.999] [32mINFO[39m (25820): [36mrequest completed[39m
    [35mreq[39m: {
      "id": 922,
      "method": "GET",
      "url": "/api/daily-work"
    }
    [35mres[39m: {
      "statusCode": 304
    }
    [35mresponseTime[39m: 54
[16:28:23.322] [32mINFO[39m (25820): [36mrequest completed[39m
    [35mreq[39m: {
      "id": 923,
      "method": "GET",
      "url": "/api/tasks"
    }
    [35mres[39m: {
      "statusCode": 304
    }
    [35mresponseTime[39m: 319
[16:28:23.325] [32mINFO[39m (25820): [36mrequest completed[39m
    [35mreq[39m: {
      "id": 912,
      "method": "GET",
      "url": "/api/notifications"
    }
    [35mres[39m: {
      "statusCode": 200
    }
    [35mresponseTime[39m: 419
[16:28:23.344] [32mINFO[39m (25820): [36mrequest completed[39m
    [35mreq[39m: {
      "id": 924,
      "method": "GET",
      "url": "/api/dashboard/stats"
    }
    [35mres[39m: {
      "statusCode": 304
    }
    [35mresponseTime[39m: 334
[16:28:23.354] [32mINFO[39m (25820): [36mrequest completed[39m
    [35mreq[39m: {
      "id": 917,
      "method": "GET",
      "url": "/api/users"
    }
    [35mres[39m: {
      "statusCode": 304
    }
    [35mresponseTime[39m: 434
[16:28:23.356] [32mINFO[39m (25820): [36mrequest completed[39m
    [35mreq[39m: {
      "id": 911,
      "method": "GET",
      "url": "/api/tasks"
    }
    [35mres[39m: {
      "statusCode": 304
    }
    [35mresponseTime[39m: 452
[16:28:23.360] [32mINFO[39m (25820): [36mrequest completed[39m
    [35mreq[39m: {
      "id": 925,
      "method": "GET",
      "url": "/api/dashboard/team-summary"
    }
    [35mres[39m: {
      "statusCode": 304
    }
    [35mresponseTime[39m: 26
[16:28:23.361] [32mINFO[39m (25820): [36mrequest completed[39m
    [35mreq[39m: {
      "id": 926,
      "method": "GET",
      "url": "/api/auth/me"
    }
    [35mres[39m: {
      "statusCode": 200
    }
    [35mresponseTime[39m: 21
[16:28:23.362] [32mINFO[39m (25820): [36mrequest completed[39m
    [35mreq[39m: {
      "id": 910,
      "method": "GET",
      "url": "/api/eod"
    }
    [35mres[39m: {
      "statusCode": 304
    }
    [35mresponseTime[39m: 459
[16:28:52.925] [32mINFO[39m (25820): [36mrequest completed[39m
    [35mreq[39m: {
      "id": 927,
      "method": "OPTIONS",
      "url": "/api/notifications"
    }
    [35mres[39m: {
      "statusCode": 204
    }
    [35mresponseTime[39m: 1
[16:28:53.151] [32mINFO[39m (25820): [36mrequest completed[39m
    [35mreq[39m: {
      "id": 928,
      "method": "GET",
      "url": "/api/notifications"
    }
    [35mres[39m: {
      "statusCode": 304
    }
    [35mresponseTime[39m: 223
[16:29:22.914] [32mINFO[39m (25820): [36mrequest completed[39m
    [35mreq[39m: {
      "id": 929,
      "method": "OPTIONS",
      "url": "/api/notifications"
    }
    [35mres[39m: {
      "statusCode": 204
    }
    [35mresponseTime[39m: 0
[16:29:23.111] [32mINFO[39m (25820): [36mrequest completed[39m
    [35mreq[39m: {
      "id": 930,
      "method": "GET",
      "url": "/api/notifications"
    }
    [35mres[39m: {
      "statusCode": 304
    }
    [35mresponseTime[39m: 195
[16:29:52.911] [32mINFO[39m (25820): [36mrequest completed[39m
    [35mreq[39m: {
      "id": 931,
      "method": "OPTIONS",
      "url": "/api/notifications"
    }
    [35mres[39m: {
      "statusCode": 204
    }
    [35mresponseTime[39m: 1
[16:29:53.034] [32mINFO[39m (25820): [36mrequest completed[39m
    [35mreq[39m: {
      "id": 932,
      "method": "GET",
      "url": "/api/notifications"
    }
    [35mres[39m: {
      "statusCode": 304
    }
    [35mresponseTime[39m: 121
[16:30:22.915] [32mINFO[39m (25820): [36mrequest completed[39m
    [35mreq[39m: {
      "id": 933,
      "method": "OPTIONS",
      "url": "/api/notifications"
    }
    [35mres[39m: {
      "statusCode": 204
    }
    [35mresponseTime[39m: 0
[16:30:23.299] [32mINFO[39m (25820): [36mrequest completed[39m
    [35mreq[39m: {
      "id": 934,
      "method": "GET",
      "url": "/api/notifications"
    }
    [35mres[39m: {
      "statusCode": 304
    }
    [35mresponseTime[39m: 382
[16:30:52.907] [32mINFO[39m (25820): [36mrequest completed[39m
    [35mreq[39m: {
      "id": 935,
      "method": "OPTIONS",
      "url": "/api/notifications"
    }
    [35mres[39m: {
      "statusCode": 204
    }
    [35mresponseTime[39m: 1
[16:30:53.005] [32mINFO[39m (25820): [36mrequest completed[39m
    [35mreq[39m: {
      "id": 936,
      "method": "GET",
      "url": "/api/notifications"
    }
    [35mres[39m: {
      "statusCode": 304
    }
    [35mresponseTime[39m: 96
[16:31:01.580] [32mINFO[39m (25820): [36mrequest completed[39m
    [35mreq[39m: {
      "id": 937,
      "method": "OPTIONS",
      "url": "/api/notifications"
    }
    [35mres[39m: {
      "statusCode": 204
    }
    [35mresponseTime[39m: 1
[16:31:01.588] [32mINFO[39m (25820): [36mrequest completed[39m
    [35mreq[39m: {
      "id": 938,
      "method": "GET",
      "url": "/api/notifications"
    }
    [35mres[39m: {
      "statusCode": 304
    }
    [35mresponseTime[39m: 6
[16:31:01.589] [32mINFO[39m (25820): [36mrequest completed[39m
    [35mreq[39m: {
      "id": 939,
      "method": "OPTIONS",
      "url": "/api/teams"
    }
    [35mres[39m: {
      "statusCode": 204
    }
    [35mresponseTime[39m: 0
[16:31:01.591] [32mINFO[39m (25820): [36mrequest completed[39m
    [35mreq[39m: {
      "id": 940,
      "method": "OPTIONS",
      "url": "/api/eod/pending"
    }
    [35mres[39m: {
      "statusCode": 204
    }
    [35mresponseTime[39m: 0
[16:31:01.737] [32mINFO[39m (25820): [36mrequest completed[39m
    [35mreq[39m: {
      "id": 942,
      "method": "GET",
      "url": "/api/teams"
    }
    [35mres[39m: {
      "statusCode": 304
    }
    [35mresponseTime[39m: 141
[16:31:01.786] [32mINFO[39m (25820): [36mrequest completed[39m
    [35mreq[39m: {
      "id": 941,
      "method": "GET",
      "url": "/api/eod/pending"
    }
    [35mres[39m: {
      "statusCode": 304
    }
    [35mresponseTime[39m: 192
[16:31:23.674] [32mINFO[39m (25820): [36mrequest completed[39m
    [35mreq[39m: {
      "id": 943,
      "method": "OPTIONS",
      "url": "/api/notifications"
    }
    [35mres[39m: {
      "statusCode": 204
    }
    [35mresponseTime[39m: 1
[16:31:23.779] [32mINFO[39m (25820): [36mrequest completed[39m
    [35mreq[39m: {
      "id": 944,
      "method": "GET",
      "url": "/api/notifications"
    }
    [35mres[39m: {
      "statusCode": 304
    }
    [35mresponseTime[39m: 101
[16:31:53.674] [32mINFO[39m (25820): [36mrequest completed[39m
    [35mreq[39m: {
      "id": 945,
      "method": "OPTIONS",
      "url": "/api/notifications"
    }
    [35mres[39m: {
      "statusCode": 204
    }
    [35mresponseTime[39m: 1
[16:31:53.802] [32mINFO[39m (25820): [36mrequest completed[39m
    [35mreq[39m: {
      "id": 946,
      "method": "GET",
      "url": "/api/notifications"
    }
    [35mres[39m: {
      "statusCode": 304
    }
    [35mresponseTime[39m: 126
[16:32:23.671] [32mINFO[39m (25820): [36mrequest completed[39m
    [35mreq[39m: {
      "id": 947,
      "method": "OPTIONS",
      "url": "/api/notifications"
    }
    [35mres[39m: {
      "statusCode": 204
    }
    [35mresponseTime[39m: 3
[16:32:23.859] [32mINFO[39m (25820): [36mrequest completed[39m
    [35mreq[39m: {
      "id": 948,
      "method": "GET",
      "url": "/api/notifications"
    }
    [35mres[39m: {
      "statusCode": 304
    }
    [35mresponseTime[39m: 184
[16:32:53.664] [32mINFO[39m (25820): [36mrequest completed[39m
    [35mreq[39m: {
      "id": 949,
      "method": "OPTIONS",
      "url": "/api/notifications"
    }
    [35mres[39m: {
      "statusCode": 204
    }
    [35mresponseTime[39m: 1
[16:32:53.873] [32mINFO[39m (25820): [36mrequest completed[39m
    [35mreq[39m: {
      "id": 950,
      "method": "GET",
      "url": "/api/notifications"
    }
    [35mres[39m: {
      "statusCode": 304
    }
    [35mresponseTime[39m: 206
[16:33:51.680] [32mINFO[39m (25820): [36mrequest completed[39m
    [35mreq[39m: {
      "id": 951,
      "method": "OPTIONS",
      "url": "/api/notifications"
    }
    [35mres[39m: {
      "statusCode": 204
    }
    [35mresponseTime[39m: 1
[16:33:51.818] [32mINFO[39m (25820): [36mrequest completed[39m
    [35mreq[39m: {
      "id": 952,
      "method": "GET",
      "url": "/api/notifications"
    }
    [35mres[39m: {
      "statusCode": 304
    }
    [35mresponseTime[39m: 135
[16:34:51.686] [32mINFO[39m (25820): [36mrequest completed[39m
    [35mreq[39m: {
      "id": 953,
      "method": "OPTIONS",
      "url": "/api/notifications"
    }
    [35mres[39m: {
      "statusCode": 204
    }
    [35mresponseTime[39m: 2
[16:34:51.784] [32mINFO[39m (25820): [36mrequest completed[39m
    [35mreq[39m: {
      "id": 954,
      "method": "GET",
      "url": "/api/notifications"
    }
    [35mres[39m: {
      "statusCode": 304
    }
    [35mresponseTime[39m: 96
[16:35:51.679] [32mINFO[39m (25820): [36mrequest completed[39m
    [35mreq[39m: {
      "id": 955,
      "method": "OPTIONS",
      "url": "/api/notifications"
    }
    [35mres[39m: {
      "statusCode": 204
    }
    [35mresponseTime[39m: 0
[16:35:51.793] [32mINFO[39m (25820): [36mrequest completed[39m
    [35mreq[39m: {
      "id": 956,
      "method": "GET",
      "url": "/api/notifications"
    }
    [35mres[39m: {
      "statusCode": 304
    }
    [35mresponseTime[39m: 112
[16:36:26.572] [32mINFO[39m (25820): [36mrequest completed[39m
    [35mreq[39m: {
      "id": 957,
      "method": "OPTIONS",
      "url": "/api/notifications"
    }
    [35mres[39m: {
      "statusCode": 204
    }
    [35mresponseTime[39m: 2
[16:36:26.678] [32mINFO[39m (25820): [36mrequest completed[39m
    [35mreq[39m: {
      "id": 958,
      "method": "GET",
      "url": "/api/notifications"
    }
    [35mres[39m: {
      "statusCode": 304
    }
    [35mresponseTime[39m: 102
[16:36:30.023] [32mINFO[39m (25820): [36mrequest completed[39m
    [35mreq[39m: {
      "id": 959,
      "method": "OPTIONS",
      "url": "/api/dashboard/task-ageing"
    }
    [35mres[39m: {
      "statusCode": 204
    }
    [35mresponseTime[39m: 1
[16:36:30.029] [32mINFO[39m (25820): [36mrequest completed[39m
    [35mreq[39m: {
      "id": 960,
      "method": "OPTIONS",
      "url": "/api/eod"
    }
    [35mres[39m: {
      "statusCode": 204
    }
    [35mresponseTime[39m: 1
[16:36:30.029] [32mINFO[39m (25820): [36mrequest completed[39m
    [35mreq[39m: {
      "id": 961,
      "method": "OPTIONS",
      "url": "/api/tasks"
    }
    [35mres[39m: {
      "statusCode": 204
    }
    [35mresponseTime[39m: 0
[16:36:30.030] [32mINFO[39m (25820): [36mrequest completed[39m
    [35mreq[39m: {
      "id": 962,
      "method": "OPTIONS",
      "url": "/api/users"
    }
    [35mres[39m: {
      "statusCode": 204
    }
    [35mresponseTime[39m: 0
[16:36:30.032] [32mINFO[39m (25820): [36mrequest completed[39m
    [35mreq[39m: {
      "id": 963,
      "method": "OPTIONS",
      "url": "/api/eod"
    }
    [35mres[39m: {
      "statusCode": 204
    }
    [35mresponseTime[39m: 0
[16:36:30.033] [32mINFO[39m (25820): [36mrequest completed[39m
    [35mreq[39m: {
      "id": 964,
      "method": "OPTIONS",
      "url": "/api/daily-work"
    }
    [35mres[39m: {
      "statusCode": 204
    }
    [35mresponseTime[39m: 0
[16:36:30.034] [32mINFO[39m (25820): [36mrequest completed[39m
    [35mreq[39m: {
      "id": 965,
      "method": "OPTIONS",
      "url": "/api/tasks"
    }
    [35mres[39m: {
      "statusCode": 204
    }
    [35mresponseTime[39m: 1
[16:36:30.041] [32mINFO[39m (25820): [36mrequest completed[39m
    [35mreq[39m: {
      "id": 967,
      "method": "OPTIONS",
      "url": "/api/dashboard/stats"
    }
    [35mres[39m: {
      "statusCode": 204
    }
    [35mresponseTime[39m: 0
[16:36:30.070] [32mINFO[39m (25820): [36mrequest completed[39m
    [35mreq[39m: {
      "id": 966,
      "method": "GET",
      "url": "/api/dashboard/task-ageing"
    }
    [35mres[39m: {
      "statusCode": 304
    }
    [35mresponseTime[39m: 36
[16:36:30.075] [32mINFO[39m (25820): [36mrequest completed[39m
    [35mreq[39m: {
      "id": 973,
      "method": "OPTIONS",
      "url": "/api/dashboard/team-summary"
    }
    [35mres[39m: {
      "statusCode": 204
    }
    [35mresponseTime[39m: 1
[16:36:30.199] [32mINFO[39m (25820): [36mrequest completed[39m
    [35mreq[39m: {
      "id": 971,
      "method": "GET",
      "url": "/api/eod"
    }
    [35mres[39m: {
      "statusCode": 304
    }
    [35mresponseTime[39m: 153
[16:36:30.227] [32mINFO[39m (25820): [36mrequest completed[39m
    [35mreq[39m: {
      "id": 970,
      "method": "GET",
      "url": "/api/users"
    }
    [35mres[39m: {
      "statusCode": 304
    }
    [35mresponseTime[39m: 182
[16:36:30.236] [32mINFO[39m (25820): [36mrequest completed[39m
    [35mreq[39m: {
      "id": 968,
      "method": "GET",
      "url": "/api/eod"
    }
    [35mres[39m: {
      "statusCode": 304
    }
    [35mresponseTime[39m: 195
[16:36:30.237] [32mINFO[39m (25820): [36mrequest completed[39m
    [35mreq[39m: {
      "id": 969,
      "method": "GET",
      "url": "/api/tasks"
    }
    [35mres[39m: {
      "statusCode": 304
    }
    [35mresponseTime[39m: 193
[16:36:30.252] [32mINFO[39m (25820): [36mrequest completed[39m
    [35mreq[39m: {
      "id": 975,
      "method": "GET",
      "url": "/api/dashboard/stats"
    }
    [35mres[39m: {
      "statusCode": 304
    }
    [35mresponseTime[39m: 49
[16:36:30.253] [32mINFO[39m (25820): [36mrequest completed[39m
    [35mreq[39m: {
      "id": 972,
      "method": "GET",
      "url": "/api/daily-work"
    }
    [35mres[39m: {
      "statusCode": 304
    }
    [35mresponseTime[39m: 207
[16:36:30.257] [32mINFO[39m (25820): [36mrequest completed[39m
    [35mreq[39m: {
      "id": 976,
      "method": "GET",
      "url": "/api/dashboard/team-summary"
    }
    [35mres[39m: {
      "statusCode": 304
    }
    [35mresponseTime[39m: 24
[16:36:30.266] [32mINFO[39m (25820): [36mrequest completed[39m
    [35mreq[39m: {
      "id": 974,
      "method": "GET",
      "url": "/api/tasks"
    }
    [35mres[39m: {
      "statusCode": 304
    }
    [35mresponseTime[39m: 189
[16:36:42.497] [32mINFO[39m (25820): [36mrequest completed[39m
    [35mreq[39m: {
      "id": 977,
      "method": "OPTIONS",
      "url": "/api/eod"
    }
    [35mres[39m: {
      "statusCode": 204
    }
    [35mresponseTime[39m: 0
[16:36:42.568] [32mINFO[39m (25820): [36mrequest completed[39m
    [35mreq[39m: {
      "id": 978,
      "method": "GET",
      "url": "/api/eod"
    }
    [35mres[39m: {
      "statusCode": 304
    }
    [35mresponseTime[39m: 68
[16:36:43.266] [32mINFO[39m (25820): [36mrequest completed[39m
    [35mreq[39m: {
      "id": 979,
      "method": "OPTIONS",
      "url": "/api/tasks"
    }
    [35mres[39m: {
      "statusCode": 204
    }
    [35mresponseTime[39m: 0
[16:36:43.331] [32mINFO[39m (25820): [36mrequest completed[39m
    [35mreq[39m: {
      "id": 980,
      "method": "GET",
      "url": "/api/tasks"
    }
    [35mres[39m: {
      "statusCode": 304
    }
    [35mresponseTime[39m: 64
[16:36:45.327] [32mINFO[39m (25820): [36mrequest completed[39m
    [35mreq[39m: {
      "id": 981,
      "method": "OPTIONS",
      "url": "/api/users"
    }
    [35mres[39m: {
      "statusCode": 204
    }
    [35mresponseTime[39m: 1
[16:36:45.331] [32mINFO[39m (25820): [36mrequest completed[39m
    [35mreq[39m: {
      "id": 982,
      "method": "OPTIONS",
      "url": "/api/eod"
    }
    [35mres[39m: {
      "statusCode": 204
    }
    [35mresponseTime[39m: 0
[16:36:45.351] [32mINFO[39m (25820): [36mrequest completed[39m
    [35mreq[39m: {
      "id": 984,
      "method": "GET",
      "url": "/api/eod"
    }
    [35mres[39m: {
      "statusCode": 304
    }
    [35mresponseTime[39m: 16
[16:36:45.539] [32mINFO[39m (25820): [36mrequest completed[39m
    [35mreq[39m: {
      "id": 983,
      "method": "GET",
      "url": "/api/users"
    }
    [35mres[39m: {
      "statusCode": 304
    }
    [35mresponseTime[39m: 205
[16:36:46.090] [32mINFO[39m (25820): [36mrequest completed[39m
    [35mreq[39m: {
      "id": 985,
      "method": "OPTIONS",
      "url": "/api/tasks"
    }
    [35mres[39m: {
      "statusCode": 204
    }
    [35mresponseTime[39m: 0
[16:36:46.106] [32mINFO[39m (25820): [36mrequest completed[39m
    [35mreq[39m: {
      "id": 986,
      "method": "GET",
      "url": "/api/tasks"
    }
    [35mres[39m: {
      "statusCode": 304
    }
    [35mresponseTime[39m: 14
[16:36:51.320] [32mINFO[39m (25820): [36mrequest completed[39m
    [35mreq[39m: {
      "id": 987,
      "method": "OPTIONS",
      "url": "/api/users"
    }
    [35mres[39m: {
      "statusCode": 204
    }
    [35mresponseTime[39m: 0
[16:36:51.468] [32mINFO[39m (25820): [36mrequest completed[39m
    [35mreq[39m: {
      "id": 988,
      "method": "GET",
      "url": "/api/users"
    }
    [35mres[39m: {
      "statusCode": 304
    }
    [35mresponseTime[39m: 146
[16:36:52.905] [32mINFO[39m (25820): [36mrequest completed[39m
    [35mreq[39m: {
      "id": 989,
      "method": "OPTIONS",
      "url": "/api/notifications"
    }
    [35mres[39m: {
      "statusCode": 204
    }
    [35mresponseTime[39m: 0
[16:36:52.926] [32mINFO[39m (25820): [36mrequest completed[39m
    [35mreq[39m: {
      "id": 990,
      "method": "GET",
      "url": "/api/notifications"
    }
    [35mres[39m: {
      "statusCode": 304
    }
    [35mresponseTime[39m: 19
[16:37:04.973] [32mINFO[39m (25820): [36mrequest completed[39m
    [35mreq[39m: {
      "id": 991,
      "method": "OPTIONS",
      "url": "/api/tasks"
    }
    [35mres[39m: {
      "statusCode": 204
    }
    [35mresponseTime[39m: 0
[16:37:05.381] [32mINFO[39m (25820): [36mrequest completed[39m
    [35mreq[39m: {
      "id": 992,
      "method": "POST",
      "url": "/api/tasks"
    }
    [35mres[39m: {
      "statusCode": 201
    }
    [35mresponseTime[39m: 405
[16:37:05.401] [32mINFO[39m (25820): [36mrequest completed[39m
    [35mreq[39m: {
      "id": 993,
      "method": "OPTIONS",
      "url": "/api/tasks"
    }
    [35mres[39m: {
      "statusCode": 204
    }
    [35mresponseTime[39m: 1
[16:37:05.483] [32mINFO[39m (25820): [36mrequest completed[39m
    [35mreq[39m: {
      "id": 994,
      "method": "GET",
      "url": "/api/tasks"
    }
    [35mres[39m: {
      "statusCode": 304
    }
    [35mresponseTime[39m: 81
[16:37:16.297] [32mINFO[39m (25820): [36mrequest completed[39m
    [35mreq[39m: {
      "id": 995,
      "method": "OPTIONS",
      "url": "/api/auth/login"
    }
    [35mres[39m: {
      "statusCode": 204
    }
    [35mresponseTime[39m: 1
[16:37:16.371] [32mINFO[39m (25820): [36mrequest completed[39m
    [35mreq[39m: {
      "id": 996,
      "method": "POST",
      "url": "/api/auth/login"
    }
    [35mres[39m: {
      "statusCode": 200
    }
    [35mresponseTime[39m: 73
[16:37:16.386] [32mINFO[39m (25820): [36mrequest completed[39m
    [35mreq[39m: {
      "id": 997,
      "method": "OPTIONS",
      "url": "/api/notifications"
    }
    [35mres[39m: {
      "statusCode": 204
    }
    [35mresponseTime[39m: 0
[16:37:16.394] [32mINFO[39m (25820): [36mrequest completed[39m
    [35mreq[39m: {
      "id": 999,
      "method": "OPTIONS",
      "url": "/api/eod"
    }
    [35mres[39m: {
      "statusCode": 204
    }
    [35mresponseTime[39m: 0
[16:37:16.408] [32mINFO[39m (25820): [36mrequest completed[39m
    [35mreq[39m: {
      "id": 1000,
      "method": "OPTIONS",
      "url": "/api/tasks"
    }
    [35mres[39m: {
      "statusCode": 204
    }
    [35mresponseTime[39m: 2
[16:37:16.409] [32mINFO[39m (25820): [36mrequest completed[39m
    [35mreq[39m: {
      "id": 1001,
      "method": "OPTIONS",
      "url": "/api/daily-work"
    }
    [35mres[39m: {
      "statusCode": 204
    }
    [35mresponseTime[39m: 0
[16:37:16.411] [32mINFO[39m (25820): [36mrequest completed[39m
    [35mreq[39m: {
      "id": 1002,
      "method": "OPTIONS",
      "url": "/api/auth/me"
    }
    [35mres[39m: {
      "statusCode": 204
    }
    [35mresponseTime[39m: 1
[16:37:16.425] [32mINFO[39m (25820): [36mrequest completed[39m
    [35mreq[39m: {
      "id": 998,
      "method": "GET",
      "url": "/api/notifications"
    }
    [35mres[39m: {
      "statusCode": 200
    }
    [35mresponseTime[39m: 37
[16:37:16.434] [32mINFO[39m (25820): [36mrequest completed[39m
    [35mreq[39m: {
      "id": 1006,
      "method": "GET",
      "url": "/api/auth/me"
    }
    [35mres[39m: {
      "statusCode": 200
    }
    [35mresponseTime[39m: 9
[16:37:16.548] [32mINFO[39m (25820): [36mrequest completed[39m
    [35mreq[39m: {
      "id": 1003,
      "method": "GET",
      "url": "/api/eod"
    }
    [35mres[39m: {
      "statusCode": 200
    }
    [35mresponseTime[39m: 134
[16:37:16.565] [32mINFO[39m (25820): [36mrequest completed[39m
    [35mreq[39m: {
      "id": 1004,
      "method": "GET",
      "url": "/api/tasks"
    }
    [35mres[39m: {
      "statusCode": 200
    }
    [35mresponseTime[39m: 148
[16:37:16.581] [32mINFO[39m (25820): [36mrequest completed[39m
    [35mreq[39m: {
      "id": 1005,
      "method": "GET",
      "url": "/api/daily-work"
    }
    [35mres[39m: {
      "statusCode": 200
    }
    [35mresponseTime[39m: 159
[16:37:31.534] [32mINFO[39m (25820): [36mrequest completed[39m
    [35mreq[39m: {
      "id": 1007,
      "method": "OPTIONS",
      "url": "/api/tasks"
    }
    [35mres[39m: {
      "statusCode": 204
    }
    [35mresponseTime[39m: 0
[16:37:31.649] [32mINFO[39m (25820): [36mrequest completed[39m
    [35mreq[39m: {
      "id": 1008,
      "method": "GET",
      "url": "/api/tasks"
    }
    [35mres[39m: {
      "statusCode": 304
    }
    [35mresponseTime[39m: 112
[16:38:02.386] [32mINFO[39m (25820): [36mrequest completed[39m
    [35mreq[39m: {
      "id": 1009,
      "method": "OPTIONS",
      "url": "/api/auth/login"
    }
    [35mres[39m: {
      "statusCode": 204
    }
    [35mresponseTime[39m: 0
[16:38:02.490] [32mINFO[39m (25820): [36mrequest completed[39m
    [35mreq[39m: {
      "id": 1010,
      "method": "POST",
      "url": "/api/auth/login"
    }
    [35mres[39m: {
      "statusCode": 200
    }
    [35mresponseTime[39m: 102
[16:38:02.505] [32mINFO[39m (25820): [36mrequest completed[39m
    [35mreq[39m: {
      "id": 1011,
      "method": "OPTIONS",
      "url": "/api/dashboard/task-ageing"
    }
    [35mres[39m: {
      "statusCode": 204
    }
    [35mresponseTime[39m: 0
[16:38:02.509] [32mINFO[39m (25820): [36mrequest completed[39m
    [35mreq[39m: {
      "id": 1012,
      "method": "OPTIONS",
      "url": "/api/eod"
    }
    [35mres[39m: {
      "statusCode": 204
    }
    [35mresponseTime[39m: 0
[16:38:02.512] [32mINFO[39m (25820): [36mrequest completed[39m
    [35mreq[39m: {
      "id": 1013,
      "method": "OPTIONS",
      "url": "/api/tasks"
    }
    [35mres[39m: {
      "statusCode": 204
    }
    [35mresponseTime[39m: 2
[16:38:02.517] [32mINFO[39m (25820): [36mrequest completed[39m
    [35mreq[39m: {
      "id": 1014,
      "method": "OPTIONS",
      "url": "/api/notifications"
    }
    [35mres[39m: {
      "statusCode": 204
    }
    [35mresponseTime[39m: 1
[16:38:02.529] [32mINFO[39m (25820): [36mrequest completed[39m
    [35mreq[39m: {
      "id": 1019,
      "method": "OPTIONS",
      "url": "/api/users"
    }
    [35mres[39m: {
      "statusCode": 204
    }
    [35mresponseTime[39m: 0
[16:38:02.534] [32mINFO[39m (25820): [36mrequest completed[39m
    [35mreq[39m: {
      "id": 1020,
      "method": "OPTIONS",
      "url": "/api/eod"
    }
    [35mres[39m: {
      "statusCode": 204
    }
    [35mresponseTime[39m: 1
[16:38:02.535] [32mINFO[39m (25820): [36mrequest completed[39m
    [35mreq[39m: {
      "id": 1021,
      "method": "OPTIONS",
      "url": "/api/daily-work"
    }
    [35mres[39m: {
      "statusCode": 204
    }
    [35mresponseTime[39m: 0
[16:38:02.538] [32mINFO[39m (25820): [36mrequest completed[39m
    [35mreq[39m: {
      "id": 1022,
      "method": "OPTIONS",
      "url": "/api/tasks"
    }
    [35mres[39m: {
      "statusCode": 204
    }
    [35mresponseTime[39m: 1
[16:38:02.538] [32mINFO[39m (25820): [36mrequest completed[39m
    [35mreq[39m: {
      "id": 1023,
      "method": "OPTIONS",
      "url": "/api/dashboard/stats"
    }
    [35mres[39m: {
      "statusCode": 204
    }
    [35mresponseTime[39m: 0
[16:38:02.541] [32mINFO[39m (25820): [36mrequest completed[39m
    [35mreq[39m: {
      "id": 1015,
      "method": "GET",
      "url": "/api/dashboard/task-ageing"
    }
    [35mres[39m: {
      "statusCode": 304
    }
    [35mresponseTime[39m: 23
[16:38:02.543] [32mINFO[39m (25820): [36mrequest completed[39m
    [35mreq[39m: {
      "id": 1024,
      "method": "OPTIONS",
      "url": "/api/dashboard/team-summary"
    }
    [35mres[39m: {
      "statusCode": 204
    }
    [35mresponseTime[39m: 1
[16:38:02.543] [32mINFO[39m (25820): [36mrequest completed[39m
    [35mreq[39m: {
      "id": 1025,
      "method": "OPTIONS",
      "url": "/api/auth/me"
    }
    [35mres[39m: {
      "statusCode": 204
    }
    [35mresponseTime[39m: 0
[16:38:02.660] [32mINFO[39m (25820): [36mrequest completed[39m
    [35mreq[39m: {
      "id": 1016,
      "method": "GET",
      "url": "/api/eod"
    }
    [35mres[39m: {
      "statusCode": 304
    }
    [35mresponseTime[39m: 139
[16:38:02.724] [32mINFO[39m (25820): [36mrequest completed[39m
    [35mreq[39m: {
      "id": 1017,
      "method": "GET",
      "url": "/api/notifications"
    }
    [35mres[39m: {
      "statusCode": 200
    }
    [35mresponseTime[39m: 202
[16:38:02.729] [32mINFO[39m (25820): [36mrequest completed[39m
    [35mreq[39m: {
      "id": 1029,
      "method": "GET",
      "url": "/api/tasks"
    }
    [35mres[39m: {
      "statusCode": 200
    }
    [35mresponseTime[39m: 65
[16:38:02.730] [32mINFO[39m (25820): [36mrequest completed[39m
    [35mreq[39m: {
      "id": 1018,
      "method": "GET",
      "url": "/api/tasks"
    }
    [35mres[39m: {
      "statusCode": 304
    }
    [35mresponseTime[39m: 205
[16:38:02.740] [32mINFO[39m (25820): [36mrequest completed[39m
    [35mreq[39m: {
      "id": 1027,
      "method": "GET",
      "url": "/api/eod"
    }
    [35mres[39m: {
      "statusCode": 304
    }
    [35mresponseTime[39m: 185
[16:38:02.743] [32mINFO[39m (25820): [36mrequest completed[39m
    [35mreq[39m: {
      "id": 1031,
      "method": "GET",
      "url": "/api/auth/me"
    }
    [35mres[39m: {
      "statusCode": 200
    }
    [35mresponseTime[39m: 11
[16:38:02.751] [32mINFO[39m (25820): [36mrequest completed[39m
    [35mreq[39m: {
      "id": 1030,
      "method": "GET",
      "url": "/api/dashboard/stats"
    }
    [35mres[39m: {
      "statusCode": 200
    }
    [35mresponseTime[39m: 22
[16:38:02.761] [32mINFO[39m (25820): [36mrequest completed[39m
    [35mreq[39m: {
      "id": 1032,
      "method": "GET",
      "url": "/api/dashboard/team-summary"
    }
    [35mres[39m: {
      "statusCode": 304
    }
    [35mresponseTime[39m: 26
[16:38:02.765] [32mINFO[39m (25820): [36mrequest completed[39m
    [35mreq[39m: {
      "id": 1028,
      "method": "GET",
      "url": "/api/daily-work"
    }
    [35mres[39m: {
      "statusCode": 200
    }
    [35mresponseTime[39m: 203
[16:38:02.771] [32mINFO[39m (25820): [36mrequest completed[39m
    [35mreq[39m: {
      "id": 1026,
      "method": "GET",
      "url": "/api/users"
    }
    [35mres[39m: {
      "statusCode": 304
    }
    [35mresponseTime[39m: 224
[16:38:08.963] [32mINFO[39m (25820): [36mrequest completed[39m
    [35mreq[39m: {
      "id": 1033,
      "method": "OPTIONS",
      "url": "/api/users"
    }
    [35mres[39m: {
      "statusCode": 204
    }
    [35mresponseTime[39m: 0
[16:38:08.966] [32mINFO[39m (25820): [36mrequest completed[39m
    [35mreq[39m: {
      "id": 1034,
      "method": "OPTIONS",
      "url": "/api/eod"
    }
    [35mres[39m: {
      "statusCode": 204
    }
    [35mresponseTime[39m: 1
[16:38:08.985] [32mINFO[39m (25820): [36mrequest completed[39m
    [35mreq[39m: {
      "id": 1035,
      "method": "GET",
      "url": "/api/users"
    }
    [35mres[39m: {
      "statusCode": 304
    }
    [35mresponseTime[39m: 18
[16:38:08.988] [32mINFO[39m (25820): [36mrequest completed[39m
    [35mreq[39m: {
      "id": 1036,
      "method": "GET",
      "url": "/api/eod"
    }
    [35mres[39m: {
      "statusCode": 304
    }
    [35mresponseTime[39m: 20
[16:38:13.911] [32mINFO[39m (25820): [36mrequest completed[39m
    [35mreq[39m: {
      "id": 1037,
      "method": "OPTIONS",
      "url": "/api/tasks"
    }
    [35mres[39m: {
      "statusCode": 204
    }
    [35mresponseTime[39m: 0
[16:38:13.935] [32mINFO[39m (25820): [36mrequest completed[39m
    [35mreq[39m: {
      "id": 1038,
      "method": "GET",
      "url": "/api/tasks"
    }
    [35mres[39m: {
      "statusCode": 200
    }
    [35mresponseTime[39m: 22
[16:38:32.511] [32mINFO[39m (25820): [36mrequest completed[39m
    [35mreq[39m: {
      "id": 1039,
      "method": "OPTIONS",
      "url": "/api/notifications"
    }
    [35mres[39m: {
      "statusCode": 204
    }
    [35mresponseTime[39m: 0
[16:38:32.650] [32mINFO[39m (25820): [36mrequest completed[39m
    [35mreq[39m: {
      "id": 1040,
      "method": "GET",
      "url": "/api/notifications"
    }
    [35mres[39m: {
      "statusCode": 304
    }
    [35mresponseTime[39m: 129
[16:38:57.679] [32mINFO[39m (25820): [36mrequest completed[39m
    [35mreq[39m: {
      "id": 1041,
      "method": "OPTIONS",
      "url": "/api/users"
    }
    [35mres[39m: {
      "statusCode": 204
    }
    [35mresponseTime[39m: 1
[16:38:57.685] [32mINFO[39m (25820): [36mrequest completed[39m
    [35mreq[39m: {
      "id": 1042,
      "method": "OPTIONS",
      "url": "/api/eod"
    }
    [35mres[39m: {
      "statusCode": 204
    }
    [35mresponseTime[39m: 2
[16:38:57.910] [32mINFO[39m (25820): [36mrequest completed[39m
    [35mreq[39m: {
      "id": 1043,
      "method": "GET",
      "url": "/api/users"
    }
    [35mres[39m: {
      "statusCode": 304
    }
    [35mresponseTime[39m: 225
[16:38:57.915] [32mINFO[39m (25820): [36mrequest completed[39m
    [35mreq[39m: {
      "id": 1044,
      "method": "GET",
      "url": "/api/eod"
    }
    [35mres[39m: {
      "statusCode": 304
    }
    [35mresponseTime[39m: 227
[16:38:58.825] [32mINFO[39m (25820): [36mrequest completed[39m
    [35mreq[39m: {
      "id": 1045,
      "method": "OPTIONS",
      "url": "/api/tasks"
    }
    [35mres[39m: {
      "statusCode": 204
    }
    [35mresponseTime[39m: 1
[16:38:58.840] [32mINFO[39m (25820): [36mrequest completed[39m
    [35mreq[39m: {
      "id": 1046,
      "method": "GET",
      "url": "/api/tasks"
    }
    [35mres[39m: {
      "statusCode": 304
    }
    [35mresponseTime[39m: 13
[16:39:02.515] [32mINFO[39m (25820): [36mrequest completed[39m
    [35mreq[39m: {
      "id": 1047,
      "method": "OPTIONS",
      "url": "/api/notifications"
    }
    [35mres[39m: {
      "statusCode": 204
    }
    [35mresponseTime[39m: 1
[16:39:02.536] [32mINFO[39m (25820): [36mrequest completed[39m
    [35mreq[39m: {
      "id": 1048,
      "method": "GET",
      "url": "/api/notifications"
    }
    [35mres[39m: {
      "statusCode": 304
    }
    [35mresponseTime[39m: 18
[16:39:18.746] [32mINFO[39m (25820): [36mrequest completed[39m
    [35mreq[39m: {
      "id": 1049,
      "method": "OPTIONS",
      "url": "/api/auth/me"
    }
    [35mres[39m: {
      "statusCode": 204
    }
    [35mresponseTime[39m: 3
[16:39:18.870] [32mINFO[39m (25820): [36mrequest completed[39m
    [35mreq[39m: {
      "id": 1050,
      "method": "GET",
      "url": "/api/auth/me"
    }
    [35mres[39m: {
      "statusCode": 304
    }
    [35mresponseTime[39m: 118
[16:42:56.031] [32mINFO[39m (25820): [36mrequest completed[39m
    [35mreq[39m: {
      "id": 1051,
      "method": "OPTIONS",
      "url": "/api/auth/login"
    }
    [35mres[39m: {
      "statusCode": 204
    }
    [35mresponseTime[39m: 10
[16:42:56.413] [32mINFO[39m (25820): [36mrequest completed[39m
    [35mreq[39m: {
      "id": 1052,
      "method": "POST",
      "url": "/api/auth/login"
    }
    [35mres[39m: {
      "statusCode": 200
    }
    [35mresponseTime[39m: 378
[16:42:56.489] [32mINFO[39m (25820): [36mrequest completed[39m
    [35mreq[39m: {
      "id": 1053,
      "method": "OPTIONS",
      "url": "/api/tasks"
    }
    [35mres[39m: {
      "statusCode": 204
    }
    [35mresponseTime[39m: 3
[16:42:56.490] [32mINFO[39m (25820): [36mrequest completed[39m
    [35mreq[39m: {
      "id": 1054,
      "method": "OPTIONS",
      "url": "/api/dashboard/task-ageing"
    }
    [35mres[39m: {
      "statusCode": 204
    }
    [35mresponseTime[39m: 0
[16:42:56.492] [32mINFO[39m (25820): [36mrequest completed[39m
    [35mreq[39m: {
      "id": 1055,
      "method": "OPTIONS",
      "url": "/api/notifications"
    }
    [35mres[39m: {
      "statusCode": 204
    }
    [35mresponseTime[39m: 1
[16:42:56.572] [32mINFO[39m (25820): [36mrequest completed[39m
    [35mreq[39m: {
      "id": 1059,
      "method": "OPTIONS",
      "url": "/api/dashboard/team-summary"
    }
    [35mres[39m: {
      "statusCode": 204
    }
    [35mresponseTime[39m: 0
[16:42:56.579] [32mINFO[39m (25820): [36mrequest completed[39m
    [35mreq[39m: {
      "id": 1060,
      "method": "OPTIONS",
      "url": "/api/teams"
    }
    [35mres[39m: {
      "statusCode": 204
    }
    [35mresponseTime[39m: 1
[16:42:56.581] [32mINFO[39m (25820): [36mrequest completed[39m
    [35mreq[39m: {
      "id": 1061,
      "method": "OPTIONS",
      "url": "/api/tasks/status-summary"
    }
    [35mres[39m: {
      "statusCode": 204
    }
    [35mresponseTime[39m: 1
[16:42:56.659] [32mINFO[39m (25820): [36mrequest completed[39m
    [35mreq[39m: {
      "id": 1062,
      "method": "GET",
      "url": "/api/dashboard/team-summary"
    }
    [35mres[39m: {
      "statusCode": 304
    }
    [35mresponseTime[39m: 66
[16:42:56.707] [32mINFO[39m (25820): [36mrequest completed[39m
    [35mreq[39m: {
      "id": 1057,
      "method": "GET",
      "url": "/api/dashboard/task-ageing"
    }
    [35mres[39m: {
      "statusCode": 304
    }
    [35mresponseTime[39m: 205
[16:42:56.713] [32mINFO[39m (25820): [36mrequest completed[39m
    [35mreq[39m: {
      "id": 1058,
      "method": "GET",
      "url": "/api/notifications"
    }
    [35mres[39m: {
      "statusCode": 200
    }
    [35mresponseTime[39m: 207
[16:42:56.759] [32mINFO[39m (25820): [36mrequest completed[39m
    [35mreq[39m: {
      "id": 1056,
      "method": "GET",
      "url": "/api/tasks"
    }
    [35mres[39m: {
      "statusCode": 200
    }
    [35mresponseTime[39m: 264
[16:42:56.854] [32mINFO[39m (25820): [36mrequest completed[39m
    [35mreq[39m: {
      "id": 1064,
      "method": "GET",
      "url": "/api/tasks/status-summary"
    }
    [35mres[39m: {
      "statusCode": 200
    }
    [35mresponseTime[39m: 249
[16:42:56.938] [32mINFO[39m (25820): [36mrequest completed[39m
    [35mreq[39m: {
      "id": 1063,
      "method": "GET",
      "url": "/api/teams"
    }
    [35mres[39m: {
      "statusCode": 304
    }
    [35mresponseTime[39m: 335
[16:42:57.853] [32mINFO[39m (25820): [36mrequest completed[39m
    [35mreq[39m: {
      "id": 1065,
      "method": "OPTIONS",
      "url": "/api/users"
    }
    [35mres[39m: {
      "statusCode": 204
    }
    [35mresponseTime[39m: 0
[16:42:57.870] [32mINFO[39m (25820): [36mrequest completed[39m
    [35mreq[39m: {
      "id": 1066,
      "method": "GET",
      "url": "/api/users"
    }
    [35mres[39m: {
      "statusCode": 304
    }
    [35mresponseTime[39m: 13
[16:42:57.871] [32mINFO[39m (25820): [36mrequest completed[39m
    [35mreq[39m: {
      "id": 1067,
      "method": "OPTIONS",
      "url": "/api/daily-work"
    }
    [35mres[39m: {
      "statusCode": 204
    }
    [35mresponseTime[39m: 0
[16:42:57.872] [32mINFO[39m (25820): [36mrequest completed[39m
    [35mreq[39m: {
      "id": 1068,
      "method": "OPTIONS",
      "url": "/api/daily-work"
    }
    [35mres[39m: {
      "statusCode": 204
    }
    [35mresponseTime[39m: 0
[16:42:57.886] [32mINFO[39m (25820): [36mrequest completed[39m
    [35mreq[39m: {
      "id": 1069,
      "method": "GET",
      "url": "/api/daily-work"
    }
    [35mres[39m: {
      "statusCode": 200
    }
    [35mresponseTime[39m: 12
[16:42:57.930] [32mINFO[39m (25820): [36mrequest completed[39m
    [35mreq[39m: {
      "id": 1070,
      "method": "GET",
      "url": "/api/daily-work"
    }
    [35mres[39m: {
      "statusCode": 200
    }
    [35mresponseTime[39m: 55
[16:42:58.330] [32mINFO[39m (25820): [36mrequest completed[39m
    [35mreq[39m: {
      "id": 1071,
      "method": "GET",
      "url": "/api/users"
    }
    [35mres[39m: {
      "statusCode": 304
    }
    [35mresponseTime[39m: 9
[16:42:58.342] [32mINFO[39m (25820): [36mrequest completed[39m
    [35mreq[39m: {
      "id": 1072,
      "method": "OPTIONS",
      "url": "/api/tasks"
    }
    [35mres[39m: {
      "statusCode": 204
    }
    [35mresponseTime[39m: 1
[16:42:58.343] [32mINFO[39m (25820): [36mrequest completed[39m
    [35mreq[39m: {
      "id": 1073,
      "method": "OPTIONS",
      "url": "/api/tasks"
    }
    [35mres[39m: {
      "statusCode": 204
    }
    [35mresponseTime[39m: 1
[16:42:58.358] [32mINFO[39m (25820): [36mrequest completed[39m
    [35mreq[39m: {
      "id": 1075,
      "method": "GET",
      "url": "/api/tasks"
    }
    [35mres[39m: {
      "statusCode": 200
    }
    [35mresponseTime[39m: 12
[16:42:58.360] [32mINFO[39m (25820): [36mrequest completed[39m
    [35mreq[39m: {
      "id": 1074,
      "method": "GET",
      "url": "/api/tasks"
    }
    [35mres[39m: {
      "statusCode": 304
    }
    [35mresponseTime[39m: 16
[16:43:09.474] [32mINFO[39m (25820): [36mrequest completed[39m
    [35mreq[39m: {
      "id": 1076,
      "method": "OPTIONS",
      "url": "/api/users"
    }
    [35mres[39m: {
      "statusCode": 204
    }
    [35mresponseTime[39m: 0
[16:43:09.495] [32mINFO[39m (25820): [36mrequest completed[39m
    [35mreq[39m: {
      "id": 1078,
      "method": "OPTIONS",
      "url": "/api/daily-work"
    }
    [35mres[39m: {
      "statusCode": 204
    }
    [35mresponseTime[39m: 1
[16:43:09.498] [32mINFO[39m (25820): [36mrequest completed[39m
    [35mreq[39m: {
      "id": 1079,
      "method": "OPTIONS",
      "url": "/api/daily-work"
    }
    [35mres[39m: {
      "statusCode": 204
    }
    [35mresponseTime[39m: 1
[16:43:09.584] [32mINFO[39m (25820): [36mrequest completed[39m
    [35mreq[39m: {
      "id": 1080,
      "method": "GET",
      "url": "/api/daily-work"
    }
    [35mres[39m: {
      "statusCode": 304
    }
    [35mresponseTime[39m: 86
[16:43:09.707] [32mINFO[39m (25820): [36mrequest completed[39m
    [35mreq[39m: {
      "id": 1077,
      "method": "GET",
      "url": "/api/users"
    }
    [35mres[39m: {
      "statusCode": 304
    }
    [35mresponseTime[39m: 230
[16:43:09.727] [32mINFO[39m (25820): [36mrequest completed[39m
    [35mreq[39m: {
      "id": 1081,
      "method": "GET",
      "url": "/api/daily-work"
    }
    [35mres[39m: {
      "statusCode": 304
    }
    [35mresponseTime[39m: 226
[16:43:16.166] [32mINFO[39m (25820): [36mrequest completed[39m
    [35mreq[39m: {
      "id": 1082,
      "method": "OPTIONS",
      "url": "/api/users"
    }
    [35mres[39m: {
      "statusCode": 204
    }
    [35mresponseTime[39m: 1
[16:43:16.177] [32mINFO[39m (25820): [36mrequest completed[39m
    [35mreq[39m: {
      "id": 1083,
      "method": "GET",
      "url": "/api/users"
    }
    [35mres[39m: {
      "statusCode": 304
    }
    [35mresponseTime[39m: 9
[16:43:16.184] [32mINFO[39m (25820): [36mrequest completed[39m
    [35mreq[39m: {
      "id": 1084,
      "method": "OPTIONS",
      "url": "/api/training"
    }
    [35mres[39m: {
      "statusCode": 204
    }
    [35mresponseTime[39m: 1
[16:43:16.187] [32mINFO[39m (25820): [36mrequest completed[39m
    [35mreq[39m: {
      "id": 1085,
      "method": "OPTIONS",
      "url": "/api/training"
    }
    [35mres[39m: {
      "statusCode": 204
    }
    [35mresponseTime[39m: 0
[16:43:16.203] [32mINFO[39m (25820): [36mrequest completed[39m
    [35mreq[39m: {
      "id": 1086,
      "method": "GET",
      "url": "/api/training"
    }
    [35mres[39m: {
      "statusCode": 200
    }
    [35mresponseTime[39m: 15
[16:43:16.213] [32mINFO[39m (25820): [36mrequest completed[39m
    [35mreq[39m: {
      "id": 1087,
      "method": "GET",
      "url": "/api/training"
    }
    [35mres[39m: {
      "statusCode": 200
    }
    [35mresponseTime[39m: 23
[16:43:18.824] [32mINFO[39m (25820): [36mrequest completed[39m
    [35mreq[39m: {
      "id": 1088,
      "method": "GET",
      "url": "/api/users"
    }
    [35mres[39m: {
      "statusCode": 304
    }
    [35mresponseTime[39m: 7
[16:43:18.836] [32mINFO[39m (25820): [36mrequest completed[39m
    [35mreq[39m: {
      "id": 1089,
      "method": "OPTIONS",
      "url": "/api/tasks"
    }
    [35mres[39m: {
      "statusCode": 204
    }
    [35mresponseTime[39m: 0
[16:43:18.837] [32mINFO[39m (25820): [36mrequest completed[39m
    [35mreq[39m: {
      "id": 1090,
      "method": "OPTIONS",
      "url": "/api/tasks"
    }
    [35mres[39m: {
      "statusCode": 204
    }
    [35mresponseTime[39m: 0
[16:43:18.846] [32mINFO[39m (25820): [36mrequest completed[39m
    [35mreq[39m: {
      "id": 1091,
      "method": "GET",
      "url": "/api/tasks"
    }
    [35mres[39m: {
      "statusCode": 304
    }
    [35mresponseTime[39m: 8
[16:43:18.860] [32mINFO[39m (25820): [36mrequest completed[39m
    [35mreq[39m: {
      "id": 1092,
      "method": "GET",
      "url": "/api/tasks"
    }
    [35mres[39m: {
      "statusCode": 304
    }
    [35mresponseTime[39m: 22
[16:43:26.498] [32mINFO[39m (25820): [36mrequest completed[39m
    [35mreq[39m: {
      "id": 1093,
      "method": "OPTIONS",
      "url": "/api/notifications"
    }
    [35mres[39m: {
      "statusCode": 204
    }
    [35mresponseTime[39m: 1
[16:43:26.509] [32mINFO[39m (25820): [36mrequest completed[39m
    [35mreq[39m: {
      "id": 1094,
      "method": "GET",
      "url": "/api/notifications"
    }
    [35mres[39m: {
      "statusCode": 304
    }
    [35mresponseTime[39m: 9
[16:43:56.664] [32mINFO[39m (25820): [36mrequest completed[39m
    [35mreq[39m: {
      "id": 1095,
      "method": "OPTIONS",
      "url": "/api/notifications"
    }
    [35mres[39m: {
      "statusCode": 204
    }
    [35mresponseTime[39m: 0
[16:43:56.749] [32mINFO[39m (25820): [36mrequest completed[39m
    [35mreq[39m: {
      "id": 1096,
      "method": "GET",
      "url": "/api/notifications"
    }
    [35mres[39m: {
      "statusCode": 304
    }
    [35mresponseTime[39m: 81
[16:44:02.332] [32mINFO[39m (25820): [36mrequest completed[39m
    [35mreq[39m: {
      "id": 1097,
      "method": "OPTIONS",
      "url": "/api/users"
    }
    [35mres[39m: {
      "statusCode": 204
    }
    [35mresponseTime[39m: 1
[16:44:02.352] [32mINFO[39m (25820): [36mrequest completed[39m
    [35mreq[39m: {
      "id": 1099,
      "method": "OPTIONS",
      "url": "/api/daily-work"
    }
    [35mres[39m: {
      "statusCode": 204
    }
    [35mresponseTime[39m: 0
[16:44:02.357] [32mINFO[39m (25820): [36mrequest completed[39m
    [35mreq[39m: {
      "id": 1100,
      "method": "OPTIONS",
      "url": "/api/daily-work"
    }
    [35mres[39m: {
      "statusCode": 204
    }
    [35mresponseTime[39m: 1
[16:44:02.367] [32mINFO[39m (25820): [36mrequest completed[39m
    [35mreq[39m: {
      "id": 1101,
      "method": "GET",
      "url": "/api/daily-work"
    }
    [35mres[39m: {
      "statusCode": 304
    }
    [35mresponseTime[39m: 10
[16:44:02.462] [32mINFO[39m (25820): [36mrequest completed[39m
    [35mreq[39m: {
      "id": 1098,
      "method": "GET",
      "url": "/api/users"
    }
    [35mres[39m: {
      "statusCode": 304
    }
    [35mresponseTime[39m: 128
[16:44:02.545] [32mINFO[39m (25820): [36mrequest completed[39m
    [35mreq[39m: {
      "id": 1102,
      "method": "GET",
      "url": "/api/daily-work"
    }
    [35mres[39m: {
      "statusCode": 304
    }
    [35mresponseTime[39m: 186
[16:44:03.946] [32mINFO[39m (25820): [36mrequest completed[39m
    [35mreq[39m: {
      "id": 1103,
      "method": "GET",
      "url": "/api/users"
    }
    [35mres[39m: {
      "statusCode": 304
    }
    [35mresponseTime[39m: 7
[16:44:03.961] [32mINFO[39m (25820): [36mrequest completed[39m
    [35mreq[39m: {
      "id": 1104,
      "method": "OPTIONS",
      "url": "/api/tasks"
    }
    [35mres[39m: {
      "statusCode": 204
    }
    [35mresponseTime[39m: 0
[16:44:03.961] [32mINFO[39m (25820): [36mrequest completed[39m
    [35mreq[39m: {
      "id": 1105,
      "method": "OPTIONS",
      "url": "/api/tasks"
    }
    [35mres[39m: {
      "statusCode": 204
    }
    [35mresponseTime[39m: 0
[16:44:03.974] [32mINFO[39m (25820): [36mrequest completed[39m
    [35mreq[39m: {
      "id": 1106,
      "method": "GET",
      "url": "/api/tasks"
    }
    [35mres[39m: {
      "statusCode": 304
    }
    [35mresponseTime[39m: 11
[16:44:03.993] [32mINFO[39m (25820): [36mrequest completed[39m
    [35mreq[39m: {
      "id": 1107,
      "method": "GET",
      "url": "/api/tasks"
    }
    [35mres[39m: {
      "statusCode": 304
    }
    [35mresponseTime[39m: 29
[16:44:04.861] [32mINFO[39m (25820): [36mrequest completed[39m
    [35mreq[39m: {
      "id": 1108,
      "method": "GET",
      "url": "/api/users"
    }
    [35mres[39m: {
      "statusCode": 304
    }
    [35mresponseTime[39m: 5
[16:44:04.880] [32mINFO[39m (25820): [36mrequest completed[39m
    [35mreq[39m: {
      "id": 1109,
      "method": "GET",
      "url": "/api/daily-work"
    }
    [35mres[39m: {
      "statusCode": 304
    }
    [35mresponseTime[39m: 6
[16:44:04.905] [32mINFO[39m (25820): [36mrequest completed[39m
    [35mreq[39m: {
      "id": 1110,
      "method": "GET",
      "url": "/api/daily-work"
    }
    [35mres[39m: {
      "statusCode": 304
    }
    [35mresponseTime[39m: 31
[16:44:07.195] [32mINFO[39m (25820): [36mrequest completed[39m
    [35mreq[39m: {
      "id": 1111,
      "method": "GET",
      "url": "/api/users"
    }
    [35mres[39m: {
      "statusCode": 304
    }
    [35mresponseTime[39m: 5
[16:44:07.216] [32mINFO[39m (25820): [36mrequest completed[39m
    [35mreq[39m: {
      "id": 1112,
      "method": "GET",
      "url": "/api/tasks"
    }
    [35mres[39m: {
      "statusCode": 304
    }
    [35mresponseTime[39m: 7
[16:44:07.227] [32mINFO[39m (25820): [36mrequest completed[39m
    [35mreq[39m: {
      "id": 1113,
      "method": "GET",
      "url": "/api/tasks"
    }
    [35mres[39m: {
      "statusCode": 304
    }
    [35mresponseTime[39m: 18
[16:44:26.668] [32mINFO[39m (25820): [36mrequest completed[39m
    [35mreq[39m: {
      "id": 1114,
      "method": "OPTIONS",
      "url": "/api/notifications"
    }
    [35mres[39m: {
      "statusCode": 204
    }
    [35mresponseTime[39m: 1
[16:44:26.775] [32mINFO[39m (25820): [36mrequest completed[39m
    [35mreq[39m: {
      "id": 1115,
      "method": "GET",
      "url": "/api/notifications"
    }
    [35mres[39m: {
      "statusCode": 304
    }
    [35mresponseTime[39m: 105
[16:44:56.678] [32mINFO[39m (25820): [36mrequest completed[39m
    [35mreq[39m: {
      "id": 1116,
      "method": "OPTIONS",
      "url": "/api/notifications"
    }
    [35mres[39m: {
      "statusCode": 204
    }
    [35mresponseTime[39m: 1
[16:44:56.757] [32mINFO[39m (25820): [36mrequest completed[39m
    [35mreq[39m: {
      "id": 1117,
      "method": "GET",
      "url": "/api/notifications"
    }
    [35mres[39m: {
      "statusCode": 304
    }
    [35mresponseTime[39m: 77
[16:45:26.671] [32mINFO[39m (25820): [36mrequest completed[39m
    [35mreq[39m: {
      "id": 1118,
      "method": "OPTIONS",
      "url": "/api/notifications"
    }
    [35mres[39m: {
      "statusCode": 204
    }
    [35mresponseTime[39m: 0
[16:45:26.755] [32mINFO[39m (25820): [36mrequest completed[39m
    [35mreq[39m: {
      "id": 1119,
      "method": "GET",
      "url": "/api/notifications"
    }
    [35mres[39m: {
      "statusCode": 304
    }
    [35mresponseTime[39m: 81
[16:45:56.873] [32mINFO[39m (25820): [36mrequest completed[39m
    [35mreq[39m: {
      "id": 1120,
      "method": "OPTIONS",
      "url": "/api/notifications"
    }
    [35mres[39m: {
      "statusCode": 204
    }
    [35mresponseTime[39m: 11
[16:45:57.153] [32mINFO[39m (25820): [36mrequest completed[39m
    [35mreq[39m: {
      "id": 1121,
      "method": "GET",
      "url": "/api/notifications"
    }
    [35mres[39m: {
      "statusCode": 304
    }
    [35mresponseTime[39m: 245
[16:46:51.682] [32mINFO[39m (25820): [36mrequest completed[39m
    [35mreq[39m: {
      "id": 1122,
      "method": "OPTIONS",
      "url": "/api/notifications"
    }
    [35mres[39m: {
      "statusCode": 204
    }
    [35mresponseTime[39m: 0
[16:46:51.854] [32mINFO[39m (25820): [36mrequest completed[39m
    [35mreq[39m: {
      "id": 1123,
      "method": "GET",
      "url": "/api/notifications"
    }
    [35mres[39m: {
      "statusCode": 304
    }
    [35mresponseTime[39m: 163
[16:47:51.759] [32mINFO[39m (25820): [36mrequest completed[39m
    [35mreq[39m: {
      "id": 1124,
      "method": "OPTIONS",
      "url": "/api/notifications"
    }
    [35mres[39m: {
      "statusCode": 204
    }
    [35mresponseTime[39m: 7
[16:47:51.966] [32mINFO[39m (25820): [36mrequest completed[39m
    [35mreq[39m: {
      "id": 1125,
      "method": "GET",
      "url": "/api/notifications"
    }
    [35mres[39m: {
      "statusCode": 304
    }
    [35mresponseTime[39m: 186
[16:48:51.677] [32mINFO[39m (25820): [36mrequest completed[39m
    [35mreq[39m: {
      "id": 1126,
      "method": "OPTIONS",
      "url": "/api/notifications"
    }
    [35mres[39m: {
      "statusCode": 204
    }
    [35mresponseTime[39m: 1
[16:48:51.810] [32mINFO[39m (25820): [36mrequest completed[39m
    [35mreq[39m: {
      "id": 1127,
      "method": "GET",
      "url": "/api/notifications"
    }
    [35mres[39m: {
      "statusCode": 304
    }
    [35mresponseTime[39m: 129
[17:09:40.288] [32mINFO[39m (25820): [36mrequest completed[39m
    [35mreq[39m: {
      "id": 1128,
      "method": "OPTIONS",
      "url": "/api/notifications"
    }
    [35mres[39m: {
      "statusCode": 204
    }
    [35mresponseTime[39m: 20
[17:09:40.611] [32mINFO[39m (25820): [36mrequest completed[39m
    [35mreq[39m: {
      "id": 1129,
      "method": "GET",
      "url": "/api/notifications"
    }
    [35mres[39m: {
      "statusCode": 304
    }
    [35mresponseTime[39m: 295
[17:09:42.377] [32mINFO[39m (25820): [36mrequest completed[39m
    [35mreq[39m: {
      "id": 1130,
      "method": "OPTIONS",
      "url": "/api/auth/me"
    }
    [35mres[39m: {
      "statusCode": 204
    }
    [35mresponseTime[39m: 1
[17:09:42.408] [32mINFO[39m (25820): [36mrequest completed[39m
    [35mreq[39m: {
      "id": 1131,
      "method": "GET",
      "url": "/api/auth/me"
    }
    [35mres[39m: {
      "statusCode": 200
    }
    [35mresponseTime[39m: 23
[17:09:42.532] [32mINFO[39m (25820): [36mrequest completed[39m
    [35mreq[39m: {
      "id": 1132,
      "method": "OPTIONS",
      "url": "/api/users"
    }
    [35mres[39m: {
      "statusCode": 204
    }
    [35mresponseTime[39m: 1
[17:09:42.547] [32mINFO[39m (25820): [36mrequest completed[39m
    [35mreq[39m: {
      "id": 1133,
      "method": "GET",
      "url": "/api/notifications"
    }
    [35mres[39m: {
      "statusCode": 304
    }
    [35mresponseTime[39m: 13
[17:09:42.583] [32mINFO[39m (25820): [36mrequest completed[39m
    [35mreq[39m: {
      "id": 1135,
      "method": "OPTIONS",
      "url": "/api/tasks"
    }
    [35mres[39m: {
      "statusCode": 204
    }
    [35mresponseTime[39m: 0
[17:09:42.586] [32mINFO[39m (25820): [36mrequest completed[39m
    [35mreq[39m: {
      "id": 1136,
      "method": "OPTIONS",
      "url": "/api/tasks"
    }
    [35mres[39m: {
      "statusCode": 204
    }
    [35mresponseTime[39m: 0
[17:09:42.614] [32mINFO[39m (25820): [36mrequest completed[39m
    [35mreq[39m: {
      "id": 1137,
      "method": "GET",
      "url": "/api/tasks"
    }
    [35mres[39m: {
      "statusCode": 304
    }
    [35mresponseTime[39m: 27
[17:09:43.240] [32mINFO[39m (25820): [36mrequest completed[39m
    [35mreq[39m: {
      "id": 1134,
      "method": "GET",
      "url": "/api/users"
    }
    [35mres[39m: {
      "statusCode": 304
    }
    [35mresponseTime[39m: 701
[17:09:43.421] [32mINFO[39m (25820): [36mrequest completed[39m
    [35mreq[39m: {
      "id": 1138,
      "method": "GET",
      "url": "/api/tasks"
    }
    [35mres[39m: {
      "statusCode": 304
    }
    [35mresponseTime[39m: 830
[17:09:49.465] [32mINFO[39m (25820): [36mrequest completed[39m
    [35mreq[39m: {
      "id": 1139,
      "method": "OPTIONS",
      "url": "/api/users"
    }
    [35mres[39m: {
      "statusCode": 204
    }
    [35mresponseTime[39m: 0
[17:09:49.478] [32mINFO[39m (25820): [36mrequest completed[39m
    [35mreq[39m: {
      "id": 1140,
      "method": "GET",
      "url": "/api/users"
    }
    [35mres[39m: {
      "statusCode": 304
    }
    [35mresponseTime[39m: 11
[17:09:49.482] [32mINFO[39m (25820): [36mrequest completed[39m
    [35mreq[39m: {
      "id": 1141,
      "method": "OPTIONS",
      "url": "/api/eod"
    }
    [35mres[39m: {
      "statusCode": 204
    }
    [35mresponseTime[39m: 0
[17:09:49.484] [32mINFO[39m (25820): [36mrequest completed[39m
    [35mreq[39m: {
      "id": 1142,
      "method": "OPTIONS",
      "url": "/api/eod"
    }
    [35mres[39m: {
      "statusCode": 204
    }
    [35mresponseTime[39m: 0
[17:09:49.504] [32mINFO[39m (25820): [36mrequest completed[39m
    [35mreq[39m: {
      "id": 1143,
      "method": "GET",
      "url": "/api/eod"
    }
    [35mres[39m: {
      "statusCode": 200
    }
    [35mresponseTime[39m: 18
[17:09:49.518] [32mINFO[39m (25820): [36mrequest completed[39m
    [35mreq[39m: {
      "id": 1144,
      "method": "GET",
      "url": "/api/eod"
    }
    [35mres[39m: {
      "statusCode": 200
    }
    [35mresponseTime[39m: 29
[17:09:53.670] [32mINFO[39m (25820): [36mrequest completed[39m
    [35mreq[39m: {
      "id": 1145,
      "method": "OPTIONS",
      "url": "/api/tasks"
    }
    [35mres[39m: {
      "statusCode": 204
    }
    [35mresponseTime[39m: 0
[17:09:53.671] [32mINFO[39m (25820): [36mrequest completed[39m
    [35mreq[39m: {
      "id": 1146,
      "method": "OPTIONS",
      "url": "/api/dashboard/task-ageing"
    }
    [35mres[39m: {
      "statusCode": 204
    }
    [35mresponseTime[39m: 0
[17:09:53.674] [32mINFO[39m (25820): [36mrequest completed[39m
    [35mreq[39m: {
      "id": 1147,
      "method": "OPTIONS",
      "url": "/api/dashboard/team-summary"
    }
    [35mres[39m: {
      "statusCode": 204
    }
    [35mresponseTime[39m: 0
[17:09:53.680] [32mINFO[39m (25820): [36mrequest completed[39m
    [35mreq[39m: {
      "id": 1149,
      "method": "OPTIONS",
      "url": "/api/teams"
    }
    [35mres[39m: {
      "statusCode": 204
    }
    [35mresponseTime[39m: 1
[17:09:53.681] [32mINFO[39m (25820): [36mrequest completed[39m
    [35mreq[39m: {
      "id": 1150,
      "method": "OPTIONS",
      "url": "/api/tasks/status-summary"
    }
    [35mres[39m: {
      "statusCode": 204
    }
    [35mresponseTime[39m: 0
[17:09:53.720] [32mINFO[39m (25820): [36mrequest completed[39m
    [35mreq[39m: {
      "id": 1152,
      "method": "GET",
      "url": "/api/tasks/status-summary"
    }
    [35mres[39m: {
      "statusCode": 304
    }
    [35mresponseTime[39m: 37
[17:09:53.786] [32mINFO[39m (25820): [36mrequest completed[39m
    [35mreq[39m: {
      "id": 1151,
      "method": "GET",
      "url": "/api/dashboard/task-ageing"
    }
    [35mres[39m: {
      "statusCode": 304
    }
    [35mresponseTime[39m: 105
[17:09:53.806] [32mINFO[39m (25820): [36mrequest completed[39m
    [35mreq[39m: {
      "id": 1153,
      "method": "GET",
      "url": "/api/dashboard/team-summary"
    }
    [35mres[39m: {
      "statusCode": 304
    }
    [35mresponseTime[39m: 118
[17:09:53.828] [32mINFO[39m (25820): [36mrequest completed[39m
    [35mreq[39m: {
      "id": 1148,
      "method": "GET",
      "url": "/api/tasks"
    }
    [35mres[39m: {
      "statusCode": 304
    }
    [35mresponseTime[39m: 153
[17:09:53.946] [32mINFO[39m (25820): [36mrequest completed[39m
    [35mreq[39m: {
      "id": 1154,
      "method": "GET",
      "url": "/api/teams"
    }
    [35mres[39m: {
      "statusCode": 304
    }
    [35mresponseTime[39m: 253
[17:10:00.552] [32mINFO[39m (25820): [36mrequest completed[39m
    [35mreq[39m: {
      "id": 1155,
      "method": "OPTIONS",
      "url": "/api/notifications"
    }
    [35mres[39m: {
      "statusCode": 204
    }
    [35mresponseTime[39m: 1
[17:10:00.580] [32mINFO[39m (25820): [36mrequest completed[39m
    [35mreq[39m: {
      "id": 1156,
      "method": "GET",
      "url": "/api/notifications"
    }
    [35mres[39m: {
      "statusCode": 304
    }
    [35mresponseTime[39m: 25
[17:10:04.749] [32mINFO[39m (25820): [36mrequest completed[39m
    [35mreq[39m: {
      "id": 1157,
      "method": "OPTIONS",
      "url": "/api/users"
    }
    [35mres[39m: {
      "statusCode": 204
    }
    [35mresponseTime[39m: 1
[17:10:04.783] [32mINFO[39m (25820): [36mrequest completed[39m
    [35mreq[39m: {
      "id": 1159,
      "method": "OPTIONS",
      "url": "/api/training"
    }
    [35mres[39m: {
      "statusCode": 204
    }
    [35mresponseTime[39m: 1
[17:10:04.786] [32mINFO[39m (25820): [36mrequest completed[39m
    [35mreq[39m: {
      "id": 1160,
      "method": "OPTIONS",
      "url": "/api/training"
    }
    [35mres[39m: {
      "statusCode": 204
    }
    [35mresponseTime[39m: 1
[17:10:04.799] [32mINFO[39m (25820): [36mrequest completed[39m
    [35mreq[39m: {
      "id": 1161,
      "method": "GET",
      "url": "/api/training"
    }
    [35mres[39m: {
      "statusCode": 304
    }
    [35mresponseTime[39m: 12
[17:10:04.888] [32mINFO[39m (25820): [36mrequest completed[39m
    [35mreq[39m: {
      "id": 1158,
      "method": "GET",
      "url": "/api/users"
    }
    [35mres[39m: {
      "statusCode": 304
    }
    [35mresponseTime[39m: 135
[17:10:04.911] [32mINFO[39m (25820): [36mrequest completed[39m
    [35mreq[39m: {
      "id": 1162,
      "method": "GET",
      "url": "/api/training"
    }
    [35mres[39m: {
      "statusCode": 304
    }
    [35mresponseTime[39m: 122
[17:10:12.663] [32mINFO[39m (25820): [36mrequest completed[39m
    [35mreq[39m: {
      "id": 1163,
      "method": "OPTIONS",
      "url": "/api/notifications"
    }
    [35mres[39m: {
      "statusCode": 204
    }
    [35mresponseTime[39m: 1
[17:10:12.680] [32mINFO[39m (25820): [36mrequest completed[39m
    [35mreq[39m: {
      "id": 1164,
      "method": "GET",
      "url": "/api/notifications"
    }
    [35mres[39m: {
      "statusCode": 304
    }
    [35mresponseTime[39m: 15
[17:10:12.714] [32mINFO[39m (25820): [36mrequest completed[39m
    [35mreq[39m: {
      "id": 1165,
      "method": "OPTIONS",
      "url": "/api/auth/me"
    }
    [35mres[39m: {
      "statusCode": 204
    }
    [35mresponseTime[39m: 1
[17:10:12.719] [32mINFO[39m (25820): [36mrequest completed[39m
    [35mreq[39m: {
      "id": 1166,
      "method": "GET",
      "url": "/api/auth/me"
    }
    [35mres[39m: {
      "statusCode": 304
    }
    [35mresponseTime[39m: 3
[17:10:12.808] [32mINFO[39m (25820): [36mrequest completed[39m
    [35mreq[39m: {
      "id": 1167,
      "method": "OPTIONS",
      "url": "/api/users"
    }
    [35mres[39m: {
      "statusCode": 204
    }
    [35mresponseTime[39m: 0
[17:10:12.819] [32mINFO[39m (25820): [36mrequest completed[39m
    [35mreq[39m: {
      "id": 1168,
      "method": "GET",
      "url": "/api/notifications"
    }
    [35mres[39m: {
      "statusCode": 304
    }
    [35mresponseTime[39m: 9
[17:10:12.832] [32mINFO[39m (25820): [36mrequest completed[39m
    [35mreq[39m: {
      "id": 1169,
      "method": "GET",
      "url": "/api/users"
    }
    [35mres[39m: {
      "statusCode": 304
    }
    [35mresponseTime[39m: 14
[17:10:12.845] [32mINFO[39m (25820): [36mrequest completed[39m
    [35mreq[39m: {
      "id": 1170,
      "method": "OPTIONS",
      "url": "/api/training"
    }
    [35mres[39m: {
      "statusCode": 204
    }
    [35mresponseTime[39m: 0
[17:10:12.846] [32mINFO[39m (25820): [36mrequest completed[39m
    [35mreq[39m: {
      "id": 1171,
      "method": "OPTIONS",
      "url": "/api/training"
    }
    [35mres[39m: {
      "statusCode": 204
    }
    [35mresponseTime[39m: 0
[17:10:12.854] [32mINFO[39m (25820): [36mrequest completed[39m
    [35mreq[39m: {
      "id": 1172,
      "method": "GET",
      "url": "/api/training"
    }
    [35mres[39m: {
      "statusCode": 304
    }
    [35mresponseTime[39m: 6
[17:10:12.867] [32mINFO[39m (25820): [36mrequest completed[39m
    [35mreq[39m: {
      "id": 1173,
      "method": "GET",
      "url": "/api/training"
    }
    [35mres[39m: {
      "statusCode": 304
    }
    [35mresponseTime[39m: 18
[17:10:22.426] [32mINFO[39m (25820): [36mrequest completed[39m
    [35mreq[39m: {
      "id": 1174,
      "method": "OPTIONS",
      "url": "/api/auth/login"
    }
    [35mres[39m: {
      "statusCode": 204
    }
    [35mresponseTime[39m: 1
[17:10:22.443] [32mINFO[39m (25820): [36mrequest completed[39m
    [35mreq[39m: {
      "id": 1175,
      "method": "POST",
      "url": "/api/auth/login"
    }
    [35mres[39m: {
      "statusCode": 200
    }
    [35mresponseTime[39m: 14
[17:10:22.483] [32mINFO[39m (25820): [36mrequest completed[39m
    [35mreq[39m: {
      "id": 1176,
      "method": "OPTIONS",
      "url": "/api/dashboard/task-ageing"
    }
    [35mres[39m: {
      "statusCode": 204
    }
    [35mresponseTime[39m: 0
[17:10:22.492] [32mINFO[39m (25820): [36mrequest completed[39m
    [35mreq[39m: {
      "id": 1177,
      "method": "OPTIONS",
      "url": "/api/eod"
    }
    [35mres[39m: {
      "statusCode": 204
    }
    [35mresponseTime[39m: 6
[17:10:22.492] [32mINFO[39m (25820): [36mrequest completed[39m
    [35mreq[39m: {
      "id": 1178,
      "method": "OPTIONS",
      "url": "/api/tasks"
    }
    [35mres[39m: {
      "statusCode": 204
    }
    [35mresponseTime[39m: 0
[17:10:22.493] [32mINFO[39m (25820): [36mrequest completed[39m
    [35mreq[39m: {
      "id": 1179,
      "method": "OPTIONS",
      "url": "/api/notifications"
    }
    [35mres[39m: {
      "statusCode": 204
    }
    [35mresponseTime[39m: 0
[17:10:22.507] [32mINFO[39m (25820): [36mrequest completed[39m
    [35mreq[39m: {
      "id": 1180,
      "method": "GET",
      "url": "/api/dashboard/task-ageing"
    }
    [35mres[39m: {
      "statusCode": 304
    }
    [35mresponseTime[39m: 14
[17:10:22.515] [32mINFO[39m (25820): [36mrequest completed[39m
    [35mreq[39m: {
      "id": 1182,
      "method": "GET",
      "url": "/api/notifications"
    }
    [35mres[39m: {
      "statusCode": 200
    }
    [35mresponseTime[39m: 19
[17:10:22.516] [32mINFO[39m (25820): [36mrequest completed[39m
    [35mreq[39m: {
      "id": 1183,
      "method": "GET",
      "url": "/api/tasks"
    }
    [35mres[39m: {
      "statusCode": 304
    }
    [35mresponseTime[39m: 20
[17:10:22.524] [32mINFO[39m (25820): [36mrequest completed[39m
    [35mreq[39m: {
      "id": 1181,
      "method": "GET",
      "url": "/api/eod"
    }
    [35mres[39m: {
      "statusCode": 304
    }
    [35mresponseTime[39m: 29
[17:10:22.525] [32mINFO[39m (25820): [36mrequest completed[39m
    [35mreq[39m: {
      "id": 1184,
      "method": "OPTIONS",
      "url": "/api/users"
    }
    [35mres[39m: {
      "statusCode": 204
    }
    [35mresponseTime[39m: 0
[17:10:22.525] [32mINFO[39m (25820): [36mrequest completed[39m
    [35mreq[39m: {
      "id": 1185,
      "method": "OPTIONS",
      "url": "/api/eod"
    }
    [35mres[39m: {
      "statusCode": 204
    }
    [35mresponseTime[39m: 0
[17:10:22.526] [32mINFO[39m (25820): [36mrequest completed[39m
    [35mreq[39m: {
      "id": 1186,
      "method": "OPTIONS",
      "url": "/api/daily-work"
    }
    [35mres[39m: {
      "statusCode": 204
    }
    [35mresponseTime[39m: 1
[17:10:22.528] [32mINFO[39m (25820): [36mrequest completed[39m
    [35mreq[39m: {
      "id": 1187,
      "method": "OPTIONS",
      "url": "/api/tasks"
    }
    [35mres[39m: {
      "statusCode": 204
    }
    [35mresponseTime[39m: 0
[17:10:22.529] [32mINFO[39m (25820): [36mrequest completed[39m
    [35mreq[39m: {
      "id": 1188,
      "method": "OPTIONS",
      "url": "/api/dashboard/stats"
    }
    [35mres[39m: {
      "statusCode": 204
    }
    [35mresponseTime[39m: 0
[17:10:22.534] [32mINFO[39m (25820): [36mrequest completed[39m
    [35mreq[39m: {
      "id": 1193,
      "method": "OPTIONS",
      "url": "/api/dashboard/team-summary"
    }
    [35mres[39m: {
      "statusCode": 204
    }
    [35mresponseTime[39m: 0
[17:10:22.570] [32mINFO[39m (25820): [36mrequest completed[39m
    [35mreq[39m: {
      "id": 1195,
      "method": "OPTIONS",
      "url": "/api/auth/me"
    }
    [35mres[39m: {
      "statusCode": 204
    }
    [35mresponseTime[39m: 0
[17:10:22.572] [32mINFO[39m (25820): [36mrequest completed[39m
    [35mreq[39m: {
      "id": 1191,
      "method": "GET",
      "url": "/api/eod"
    }
    [35mres[39m: {
      "statusCode": 304
    }
    [35mresponseTime[39m: 40
[17:10:22.671] [32mINFO[39m (25820): [36mrequest completed[39m
    [35mreq[39m: {
      "id": 1192,
      "method": "GET",
      "url": "/api/tasks"
    }
    [35mres[39m: {
      "statusCode": 304
    }
    [35mresponseTime[39m: 138
[17:10:22.685] [32mINFO[39m (25820): [36mrequest completed[39m
    [35mreq[39m: {
      "id": 1189,
      "method": "GET",
      "url": "/api/daily-work"
    }
    [35mres[39m: {
      "statusCode": 304
    }
    [35mresponseTime[39m: 155
[17:10:22.686] [32mINFO[39m (25820): [36mrequest completed[39m
    [35mreq[39m: {
      "id": 1197,
      "method": "GET",
      "url": "/api/auth/me"
    }
    [35mres[39m: {
      "statusCode": 200
    }
    [35mresponseTime[39m: 72
[17:10:22.714] [32mINFO[39m (25820): [36mrequest completed[39m
    [35mreq[39m: {
      "id": 1194,
      "method": "GET",
      "url": "/api/dashboard/stats"
    }
    [35mres[39m: {
      "statusCode": 304
    }
    [35mresponseTime[39m: 180
[17:10:22.717] [32mINFO[39m (25820): [36mrequest completed[39m
    [35mreq[39m: {
      "id": 1196,
      "method": "GET",
      "url": "/api/dashboard/team-summary"
    }
    [35mres[39m: {
      "statusCode": 304
    }
    [35mresponseTime[39m: 109
[17:10:22.785] [32mINFO[39m (25820): [36mrequest completed[39m
    [35mreq[39m: {
      "id": 1190,
      "method": "GET",
      "url": "/api/users"
    }
    [35mres[39m: {
      "statusCode": 304
    }
    [35mresponseTime[39m: 253
[17:10:28.888] [32mINFO[39m (25820): [36mrequest completed[39m
    [35mreq[39m: {
      "id": 1198,
      "method": "OPTIONS",
      "url": "/api/dashboard/top-performers"
    }
    [35mres[39m: {
      "statusCode": 204
    }
    [35mresponseTime[39m: 1
[17:10:28.890] [32mINFO[39m (25820): [36mrequest completed[39m
    [35mreq[39m: {
      "id": 1199,
      "method": "OPTIONS",
      "url": "/api/dashboard/recent-activity"
    }
    [35mres[39m: {
      "statusCode": 204
    }
    [35mresponseTime[39m: 1
[17:10:28.893] [32mINFO[39m (25820): [36mrequest completed[39m
    [35mreq[39m: {
      "id": 1200,
      "method": "OPTIONS",
      "url": "/api/dashboard/pending-employees"
    }
    [35mres[39m: {
      "statusCode": 204
    }
    [35mresponseTime[39m: 1
[17:10:28.893] [32mINFO[39m (25820): [36mrequest completed[39m
    [35mreq[39m: {
      "id": 1201,
      "method": "OPTIONS",
      "url": "/api/dashboard/weekly-heatmap"
    }
    [35mres[39m: {
      "statusCode": 204
    }
    [35mresponseTime[39m: 0
[17:10:28.913] [32mINFO[39m (25820): [36mrequest completed[39m
    [35mreq[39m: {
      "id": 1202,
      "method": "GET",
      "url": "/api/dashboard/recent-activity"
    }
    [35mres[39m: {
      "statusCode": 200
    }
    [35mresponseTime[39m: 17
[17:10:28.914] [32mINFO[39m (25820): [36mrequest completed[39m
    [35mreq[39m: {
      "id": 1203,
      "method": "GET",
      "url": "/api/dashboard/top-performers"
    }
    [35mres[39m: {
      "statusCode": 304
    }
    [35mresponseTime[39m: 17
[17:10:28.917] [32mINFO[39m (25820): [36mrequest completed[39m
    [35mreq[39m: {
      "id": 1204,
      "method": "GET",
      "url": "/api/dashboard/pending-employees"
    }
    [35mres[39m: {
      "statusCode": 304
    }
    [35mresponseTime[39m: 19
[17:10:28.921] [32mINFO[39m (25820): [36mrequest completed[39m
    [35mreq[39m: {
      "id": 1206,
      "method": "OPTIONS",
      "url": "/api/dashboard/stats"
    }
    [35mres[39m: {
      "statusCode": 204
    }
    [35mresponseTime[39m: 0
[17:10:28.921] [32mINFO[39m (25820): [36mrequest completed[39m
    [35mreq[39m: {
      "id": 1207,
      "method": "OPTIONS",
      "url": "/api/dashboard/team-summary"
    }
    [35mres[39m: {
      "statusCode": 204
    }
    [35mresponseTime[39m: 0
[17:10:28.924] [32mINFO[39m (25820): [36mrequest completed[39m
    [35mreq[39m: {
      "id": 1208,
      "method": "OPTIONS",
      "url": "/api/dashboard/monthly-trend"
    }
    [35mres[39m: {
      "statusCode": 204
    }
    [35mresponseTime[39m: 0
[17:10:28.924] [32mINFO[39m (25820): [36mrequest completed[39m
    [35mreq[39m: {
      "id": 1209,
      "method": "OPTIONS",
      "url": "/api/users"
    }
    [35mres[39m: {
      "statusCode": 204
    }
    [35mresponseTime[39m: 0
[17:10:28.943] [32mINFO[39m (25820): [36mrequest completed[39m
    [35mreq[39m: {
      "id": 1212,
      "method": "GET",
      "url": "/api/dashboard/monthly-trend"
    }
    [35mres[39m: {
      "statusCode": 200
    }
    [35mresponseTime[39m: 15
[17:10:28.949] [32mINFO[39m (25820): [36mrequest completed[39m
    [35mreq[39m: {
      "id": 1213,
      "method": "GET",
      "url": "/api/users"
    }
    [35mres[39m: {
      "statusCode": 304
    }
    [35mresponseTime[39m: 20
[17:10:28.951] [32mINFO[39m (25820): [36mrequest completed[39m
    [35mreq[39m: {
      "id": 1210,
      "method": "GET",
      "url": "/api/dashboard/stats"
    }
    [35mres[39m: {
      "statusCode": 304
    }
    [35mresponseTime[39m: 25
[17:10:28.954] [32mINFO[39m (25820): [36mrequest completed[39m
    [35mreq[39m: {
      "id": 1211,
      "method": "GET",
      "url": "/api/dashboard/team-summary"
    }
    [35mres[39m: {
      "statusCode": 304
    }
    [35mresponseTime[39m: 27
[17:10:28.957] [32mINFO[39m (25820): [36mrequest completed[39m
    [35mreq[39m: {
      "id": 1205,
      "method": "GET",
      "url": "/api/dashboard/weekly-heatmap"
    }
    [35mres[39m: {
      "statusCode": 304
    }
    [35mresponseTime[39m: 58
[17:10:31.797] [32mINFO[39m (25820): [36mrequest completed[39m
    [35mreq[39m: {
      "id": 1214,
      "method": "OPTIONS",
      "url": "/api/users"
    }
    [35mres[39m: {
      "statusCode": 204
    }
    [35mresponseTime[39m: 2
[17:10:31.798] [32mINFO[39m (25820): [36mrequest completed[39m
    [35mreq[39m: {
      "id": 1215,
      "method": "OPTIONS",
      "url": "/api/eod"
    }
    [35mres[39m: {
      "statusCode": 204
    }
    [35mresponseTime[39m: 1
[17:10:31.806] [32mINFO[39m (25820): [36mrequest completed[39m
    [35mreq[39m: {
      "id": 1217,
      "method": "GET",
      "url": "/api/users"
    }
    [35mres[39m: {
      "statusCode": 304
    }
    [35mresponseTime[39m: 5
[17:10:31.811] [32mINFO[39m (25820): [36mrequest completed[39m
    [35mreq[39m: {
      "id": 1216,
      "method": "GET",
      "url": "/api/eod"
    }
    [35mres[39m: {
      "statusCode": 304
    }
    [35mresponseTime[39m: 11
[17:10:34.427] [32mINFO[39m (25820): [36mrequest completed[39m
    [35mreq[39m: {
      "id": 1218,
      "method": "OPTIONS",
      "url": "/api/tasks"
    }
    [35mres[39m: {
      "statusCode": 204
    }
    [35mresponseTime[39m: 1
[17:10:34.450] [32mINFO[39m (25820): [36mrequest completed[39m
    [35mreq[39m: {
      "id": 1219,
      "method": "GET",
      "url": "/api/tasks"
    }
    [35mres[39m: {
      "statusCode": 304
    }
    [35mresponseTime[39m: 20
[17:10:37.135] [32mINFO[39m (25820): [36mrequest completed[39m
    [35mreq[39m: {
      "id": 1220,
      "method": "OPTIONS",
      "url": "/api/eod"
    }
    [35mres[39m: {
      "statusCode": 204
    }
    [35mresponseTime[39m: 0
[17:10:37.148] [32mINFO[39m (25820): [36mrequest completed[39m
    [35mreq[39m: {
      "id": 1221,
      "method": "GET",
      "url": "/api/eod"
    }
    [35mres[39m: {
      "statusCode": 304
    }
    [35mresponseTime[39m: 10
[17:10:38.143] [32mINFO[39m (25820): [36mrequest completed[39m
    [35mreq[39m: {
      "id": 1222,
      "method": "OPTIONS",
      "url": "/api/tasks"
    }
    [35mres[39m: {
      "statusCode": 204
    }
    [35mresponseTime[39m: 0
[17:10:38.151] [32mINFO[39m (25820): [36mrequest completed[39m
    [35mreq[39m: {
      "id": 1223,
      "method": "GET",
      "url": "/api/tasks"
    }
    [35mres[39m: {
      "statusCode": 304
    }
    [35mresponseTime[39m: 4
[17:10:39.464] [32mINFO[39m (25820): [36mrequest completed[39m
    [35mreq[39m: {
      "id": 1224,
      "method": "OPTIONS",
      "url": "/api/users"
    }
    [35mres[39m: {
      "statusCode": 204
    }
    [35mresponseTime[39m: 0
[17:10:39.468] [32mINFO[39m (25820): [36mrequest completed[39m
    [35mreq[39m: {
      "id": 1225,
      "method": "OPTIONS",
      "url": "/api/eod"
    }
    [35mres[39m: {
      "statusCode": 204
    }
    [35mresponseTime[39m: 1
[17:10:39.477] [32mINFO[39m (25820): [36mrequest completed[39m
    [35mreq[39m: {
      "id": 1226,
      "method": "GET",
      "url": "/api/users"
    }
    [35mres[39m: {
      "statusCode": 304
    }
    [35mresponseTime[39m: 9
[17:10:39.489] [32mINFO[39m (25820): [36mrequest completed[39m
    [35mreq[39m: {
      "id": 1227,
      "method": "GET",
      "url": "/api/eod"
    }
    [35mres[39m: {
      "statusCode": 304
    }
    [35mresponseTime[39m: 15
[17:10:41.697] [32mINFO[39m (25820): [36mrequest completed[39m
    [35mreq[39m: {
      "id": 1228,
      "method": "OPTIONS",
      "url": "/api/users"
    }
    [35mres[39m: {
      "statusCode": 204
    }
    [35mresponseTime[39m: 0
[17:10:41.698] [32mINFO[39m (25820): [36mrequest completed[39m
    [35mreq[39m: {
      "id": 1229,
      "method": "OPTIONS",
      "url": "/api/eod"
    }
    [35mres[39m: {
      "statusCode": 204
    }
    [35mresponseTime[39m: 0
[17:10:41.735] [32mINFO[39m (25820): [36mrequest completed[39m
    [35mreq[39m: {
      "id": 1231,
      "method": "GET",
      "url": "/api/eod"
    }
    [35mres[39m: {
      "statusCode": 304
    }
    [35mresponseTime[39m: 32
[17:10:41.825] [32mINFO[39m (25820): [36mrequest completed[39m
    [35mreq[39m: {
      "id": 1230,
      "method": "GET",
      "url": "/api/users"
    }
    [35mres[39m: {
      "statusCode": 304
    }
    [35mresponseTime[39m: 123
[17:10:42.506] [32mINFO[39m (25820): [36mrequest completed[39m
    [35mreq[39m: {
      "id": 1232,
      "method": "OPTIONS",
      "url": "/api/tasks"
    }
    [35mres[39m: {
      "statusCode": 204
    }
    [35mresponseTime[39m: 0
[17:10:42.526] [32mINFO[39m (25820): [36mrequest completed[39m
    [35mreq[39m: {
      "id": 1233,
      "method": "GET",
      "url": "/api/tasks"
    }
    [35mres[39m: {
      "statusCode": 304
    }
    [35mresponseTime[39m: 17
[17:10:42.674] [32mINFO[39m (25820): [36mrequest completed[39m
    [35mreq[39m: {
      "id": 1234,
      "method": "OPTIONS",
      "url": "/api/notifications"
    }
    [35mres[39m: {
      "statusCode": 204
    }
    [35mresponseTime[39m: 1
[17:10:42.693] [32mINFO[39m (25820): [36mrequest completed[39m
    [35mreq[39m: {
      "id": 1235,
      "method": "GET",
      "url": "/api/notifications"
    }
    [35mres[39m: {
      "statusCode": 304
    }
    [35mresponseTime[39m: 16
[17:10:52.664] [32mINFO[39m (25820): [36mrequest completed[39m
    [35mreq[39m: {
      "id": 1236,
      "method": "OPTIONS",
      "url": "/api/notifications"
    }
    [35mres[39m: {
      "statusCode": 204
    }
    [35mresponseTime[39m: 0
[17:10:52.670] [32mINFO[39m (25820): [36mrequest completed[39m
    [35mreq[39m: {
      "id": 1237,
      "method": "GET",
      "url": "/api/notifications"
    }
    [35mres[39m: {
      "statusCode": 304
    }
    [35mresponseTime[39m: 4
[17:10:54.867] [32mINFO[39m (25820): [36mrequest completed[39m
    [35mreq[39m: {
      "id": 1238,
      "method": "OPTIONS",
      "url": "/api/users"
    }
    [35mres[39m: {
      "statusCode": 204
    }
    [35mresponseTime[39m: 1
[17:10:54.886] [32mINFO[39m (25820): [36mrequest completed[39m
    [35mreq[39m: {
      "id": 1240,
      "method": "OPTIONS",
      "url": "/api/daily-work"
    }
    [35mres[39m: {
      "statusCode": 204
    }
    [35mresponseTime[39m: 0
[17:10:54.889] [32mINFO[39m (25820): [36mrequest completed[39m
    [35mreq[39m: {
      "id": 1241,
      "method": "OPTIONS",
      "url": "/api/daily-work"
    }
    [35mres[39m: {
      "statusCode": 204
    }
    [35mresponseTime[39m: 1
[17:10:54.901] [32mINFO[39m (25820): [36mrequest completed[39m
    [35mreq[39m: {
      "id": 1242,
      "method": "GET",
      "url": "/api/daily-work"
    }
    [35mres[39m: {
      "statusCode": 304
    }
    [35mresponseTime[39m: 12
[17:10:55.033] [32mINFO[39m (25820): [36mrequest completed[39m
    [35mreq[39m: {
      "id": 1239,
      "method": "GET",
      "url": "/api/users"
    }
    [35mres[39m: {
      "statusCode": 304
    }
    [35mresponseTime[39m: 163
[17:10:55.234] [32mINFO[39m (25820): [36mrequest completed[39m
    [35mreq[39m: {
      "id": 1243,
      "method": "GET",
      "url": "/api/daily-work"
    }
    [35mres[39m: {
      "statusCode": 304
    }
    [35mresponseTime[39m: 343
[17:10:56.630] [32mINFO[39m (25820): [36mrequest completed[39m
    [35mreq[39m: {
      "id": 1244,
      "method": "GET",
      "url": "/api/users"
    }
    [35mres[39m: {
      "statusCode": 304
    }
    [35mresponseTime[39m: 6
[17:10:56.647] [32mINFO[39m (25820): [36mrequest completed[39m
    [35mreq[39m: {
      "id": 1245,
      "method": "OPTIONS",
      "url": "/api/tasks"
    }
    [35mres[39m: {
      "statusCode": 204
    }
    [35mresponseTime[39m: 0
[17:10:56.647] [32mINFO[39m (25820): [36mrequest completed[39m
    [35mreq[39m: {
      "id": 1246,
      "method": "OPTIONS",
      "url": "/api/tasks"
    }
    [35mres[39m: {
      "statusCode": 204
    }
    [35mresponseTime[39m: 0
[17:10:56.662] [32mINFO[39m (25820): [36mrequest completed[39m
    [35mreq[39m: {
      "id": 1247,
      "method": "GET",
      "url": "/api/tasks"
    }
    [35mres[39m: {
      "statusCode": 304
    }
    [35mresponseTime[39m: 11
[17:10:56.667] [32mINFO[39m (25820): [36mrequest completed[39m
    [35mreq[39m: {
      "id": 1248,
      "method": "GET",
      "url": "/api/tasks"
    }
    [35mres[39m: {
      "statusCode": 304
    }
    [35mresponseTime[39m: 15
[17:11:08.807] [32mINFO[39m (25820): [36mrequest completed[39m
    [35mreq[39m: {
      "id": 1249,
      "method": "OPTIONS",
      "url": "/api/tasks"
    }
    [35mres[39m: {
      "statusCode": 204
    }
    [35mresponseTime[39m: 0
[17:11:08.963] [32mINFO[39m (25820): [36mrequest completed[39m
    [35mreq[39m: {
      "id": 1250,
      "method": "POST",
      "url": "/api/tasks"
    }
    [35mres[39m: {
      "statusCode": 201
    }
    [35mresponseTime[39m: 155
[17:11:08.969] [32mINFO[39m (25820): [36mrequest completed[39m
    [35mreq[39m: {
      "id": 1251,
      "method": "OPTIONS",
      "url": "/api/tasks"
    }
    [35mres[39m: {
      "statusCode": 204
    }
    [35mresponseTime[39m: 1
[17:11:08.971] [32mINFO[39m (25820): [36mrequest completed[39m
    [35mreq[39m: {
      "id": 1252,
      "method": "OPTIONS",
      "url": "/api/tasks"
    }
    [35mres[39m: {
      "statusCode": 204
    }
    [35mresponseTime[39m: 0
[17:11:08.979] [32mINFO[39m (25820): [36mrequest completed[39m
    [35mreq[39m: {
      "id": 1253,
      "method": "GET",
      "url": "/api/tasks"
    }
    [35mres[39m: {
      "statusCode": 304
    }
    [35mresponseTime[39m: 7
[17:11:09.324] [32mINFO[39m (25820): [36mrequest completed[39m
    [35mreq[39m: {
      "id": 1254,
      "method": "GET",
      "url": "/api/tasks"
    }
    [35mres[39m: {
      "statusCode": 200
    }
    [35mresponseTime[39m: 351
[17:11:12.534] [32mINFO[39m (25820): [36mrequest completed[39m
    [35mreq[39m: {
      "id": 1255,
      "method": "OPTIONS",
      "url": "/api/notifications"
    }
    [35mres[39m: {
      "statusCode": 204
    }
    [35mresponseTime[39m: 0
[17:11:12.552] [32mINFO[39m (25820): [36mrequest completed[39m
    [35mreq[39m: {
      "id": 1256,
      "method": "GET",
      "url": "/api/notifications"
    }
    [35mres[39m: {
      "statusCode": 304
    }
    [35mresponseTime[39m: 15
[17:11:18.854] [32mINFO[39m (25820): [36mrequest completed[39m
    [35mreq[39m: {
      "id": 1257,
      "method": "OPTIONS",
      "url": "/api/tasks"
    }
    [35mres[39m: {
      "statusCode": 204
    }
    [35mresponseTime[39m: 1
[17:11:18.858] [32mINFO[39m (25820): [36mrequest completed[39m
    [35mreq[39m: {
      "id": 1258,
      "method": "OPTIONS",
      "url": "/api/dashboard/task-ageing"
    }
    [35mres[39m: {
      "statusCode": 204
    }
    [35mresponseTime[39m: 0
[17:11:18.859] [32mINFO[39m (25820): [36mrequest completed[39m
    [35mreq[39m: {
      "id": 1259,
      "method": "OPTIONS",
      "url": "/api/dashboard/team-summary"
    }
    [35mres[39m: {
      "statusCode": 204
    }
    [35mresponseTime[39m: 0
[17:11:18.859] [32mINFO[39m (25820): [36mrequest completed[39m
    [35mreq[39m: {
      "id": 1260,
      "method": "OPTIONS",
      "url": "/api/teams"
    }
    [35mres[39m: {
      "statusCode": 204
    }
    [35mresponseTime[39m: 0
[17:11:18.860] [32mINFO[39m (25820): [36mrequest completed[39m
    [35mreq[39m: {
      "id": 1261,
      "method": "OPTIONS",
      "url": "/api/tasks/status-summary"
    }
    [35mres[39m: {
      "statusCode": 204
    }
    [35mresponseTime[39m: 0
[17:11:18.889] [32mINFO[39m (25820): [36mrequest completed[39m
    [35mreq[39m: {
      "id": 1264,
      "method": "GET",
      "url": "/api/tasks/status-summary"
    }
    [35mres[39m: {
      "statusCode": 200
    }
    [35mresponseTime[39m: 24
[17:11:18.930] [32mINFO[39m (25820): [36mrequest completed[39m
    [35mreq[39m: {
      "id": 1265,
      "method": "GET",
      "url": "/api/dashboard/task-ageing"
    }
    [35mres[39m: {
      "statusCode": 304
    }
    [35mresponseTime[39m: 63
[17:11:18.933] [32mINFO[39m (25820): [36mrequest completed[39m
    [35mreq[39m: {
      "id": 1262,
      "method": "GET",
      "url": "/api/tasks"
    }
    [35mres[39m: {
      "statusCode": 304
    }
    [35mresponseTime[39m: 71
[17:11:18.943] [32mINFO[39m (25820): [36mrequest completed[39m
    [35mreq[39m: {
      "id": 1266,
      "method": "GET",
      "url": "/api/dashboard/team-summary"
    }
    [35mres[39m: {
      "statusCode": 304
    }
    [35mresponseTime[39m: 63
[17:11:19.020] [32mINFO[39m (25820): [36mrequest completed[39m
    [35mreq[39m: {
      "id": 1263,
      "method": "GET",
      "url": "/api/teams"
    }
    [35mres[39m: {
      "statusCode": 304
    }
    [35mresponseTime[39m: 156
[17:11:22.681] [32mINFO[39m (25820): [36mrequest completed[39m
    [35mreq[39m: {
      "id": 1267,
      "method": "OPTIONS",
      "url": "/api/notifications"
    }
    [35mres[39m: {
      "statusCode": 204
    }
    [35mresponseTime[39m: 1
[17:11:22.693] [32mINFO[39m (25820): [36mrequest completed[39m
    [35mreq[39m: {
      "id": 1268,
      "method": "GET",
      "url": "/api/notifications"
    }
    [35mres[39m: {
      "statusCode": 304
    }
    [35mresponseTime[39m: 11
[17:11:28.959] [32mINFO[39m (25820): [36mrequest completed[39m
    [35mreq[39m: {
      "id": 1269,
      "method": "OPTIONS",
      "url": "/api/auth/me"
    }
    [35mres[39m: {
      "statusCode": 204
    }
    [35mresponseTime[39m: 0
[17:11:28.982] [32mINFO[39m (25820): [36mrequest completed[39m
    [35mreq[39m: {
      "id": 1270,
      "method": "GET",
      "url": "/api/auth/me"
    }
    [35mres[39m: {
      "statusCode": 304
    }
    [35mresponseTime[39m: 14
[17:11:29.044] [32mINFO[39m (25820): [36mrequest completed[39m
    [35mreq[39m: {
      "id": 1271,
      "method": "OPTIONS",
      "url": "/api/dashboard/task-ageing"
    }
    [35mres[39m: {
      "statusCode": 204
    }
    [35mresponseTime[39m: 1
[17:11:29.049] [32mINFO[39m (25820): [36mrequest completed[39m
    [35mreq[39m: {
      "id": 1272,
      "method": "OPTIONS",
      "url": "/api/eod"
    }
    [35mres[39m: {
      "statusCode": 204
    }
    [35mresponseTime[39m: 1
[17:11:29.049] [32mINFO[39m (25820): [36mrequest completed[39m
    [35mreq[39m: {
      "id": 1273,
      "method": "OPTIONS",
      "url": "/api/tasks"
    }
    [35mres[39m: {
      "statusCode": 204
    }
    [35mresponseTime[39m: 0
[17:11:29.050] [32mINFO[39m (25820): [36mrequest completed[39m
    [35mreq[39m: {
      "id": 1274,
      "method": "OPTIONS",
      "url": "/api/notifications"
    }
    [35mres[39m: {
      "statusCode": 204
    }
    [35mresponseTime[39m: 1
[17:11:29.052] [32mINFO[39m (25820): [36mrequest completed[39m
    [35mreq[39m: {
      "id": 1275,
      "method": "OPTIONS",
      "url": "/api/users"
    }
    [35mres[39m: {
      "statusCode": 204
    }
    [35mresponseTime[39m: 1
[17:11:29.073] [32mINFO[39m (25820): [36mrequest completed[39m
    [35mreq[39m: {
      "id": 1280,
      "method": "OPTIONS",
      "url": "/api/eod"
    }
    [35mres[39m: {
      "statusCode": 204
    }
    [35mresponseTime[39m: 1
[17:11:29.077] [32mINFO[39m (25820): [36mrequest completed[39m
    [35mreq[39m: {
      "id": 1282,
      "method": "OPTIONS",
      "url": "/api/daily-work"
    }
    [35mres[39m: {
      "statusCode": 204
    }
    [35mresponseTime[39m: 0
[17:11:29.080] [32mINFO[39m (25820): [36mrequest completed[39m
    [35mreq[39m: {
      "id": 1276,
      "method": "GET",
      "url": "/api/dashboard/task-ageing"
    }
    [35mres[39m: {
      "statusCode": 304
    }
    [35mresponseTime[39m: 27
[17:11:29.082] [32mINFO[39m (25820): [36mrequest completed[39m
    [35mreq[39m: {
      "id": 1283,
      "method": "OPTIONS",
      "url": "/api/tasks"
    }
    [35mres[39m: {
      "statusCode": 204
    }
    [35mresponseTime[39m: 0
[17:11:29.084] [32mINFO[39m (25820): [36mrequest completed[39m
    [35mreq[39m: {
      "id": 1284,
      "method": "OPTIONS",
      "url": "/api/dashboard/stats"
    }
    [35mres[39m: {
      "statusCode": 204
    }
    [35mresponseTime[39m: 1
[17:11:29.091] [32mINFO[39m (25820): [36mrequest completed[39m
    [35mreq[39m: {
      "id": 1285,
      "method": "OPTIONS",
      "url": "/api/dashboard/team-summary"
    }
    [35mres[39m: {
      "statusCode": 204
    }
    [35mresponseTime[39m: 5
[17:11:29.248] [32mINFO[39m (25820): [36mrequest completed[39m
    [35mreq[39m: {
      "id": 1277,
      "method": "GET",
      "url": "/api/eod"
    }
    [35mres[39m: {
      "statusCode": 304
    }
    [35mresponseTime[39m: 189
[17:11:29.251] [32mINFO[39m (25820): [36mrequest completed[39m
    [35mreq[39m: {
      "id": 1278,
      "method": "GET",
      "url": "/api/tasks"
    }
    [35mres[39m: {
      "statusCode": 304
    }
    [35mresponseTime[39m: 188
[17:11:29.340] [32mINFO[39m (25820): [36mrequest completed[39m
    [35mreq[39m: {
      "id": 1279,
      "method": "GET",
      "url": "/api/notifications"
    }
    [35mres[39m: {
      "statusCode": 304
    }
    [35mresponseTime[39m: 276
[17:11:29.349] [32mINFO[39m (25820): [36mrequest completed[39m
    [35mreq[39m: {
      "id": 1289,
      "method": "GET",
      "url": "/api/dashboard/stats"
    }
    [35mres[39m: {
      "statusCode": 200
    }
    [35mresponseTime[39m: 95
[17:11:29.412] [32mINFO[39m (25820): [36mrequest completed[39m
    [35mreq[39m: {
      "id": 1290,
      "method": "GET",
      "url": "/api/dashboard/team-summary"
    }
    [35mres[39m: {
      "statusCode": 304
    }
    [35mresponseTime[39m: 45
[17:11:29.460] [32mINFO[39m (25820): [36mrequest completed[39m
    [35mreq[39m: {
      "id": 1287,
      "method": "GET",
      "url": "/api/eod"
    }
    [35mres[39m: {
      "statusCode": 304
    }
    [35mresponseTime[39m: 368
[17:11:29.475] [32mINFO[39m (25820): [36mrequest completed[39m
    [35mreq[39m: {
      "id": 1281,
      "method": "GET",
      "url": "/api/users"
    }
    [35mres[39m: {
      "statusCode": 304
    }
    [35mresponseTime[39m: 402
[17:11:29.477] [32mINFO[39m (25820): [36mrequest completed[39m
    [35mreq[39m: {
      "id": 1286,
      "method": "GET",
      "url": "/api/daily-work"
    }
    [35mres[39m: {
      "statusCode": 200
    }
    [35mresponseTime[39m: 386
[17:11:29.492] [32mINFO[39m (25820): [36mrequest completed[39m
    [35mreq[39m: {
      "id": 1288,
      "method": "GET",
      "url": "/api/tasks"
    }
    [35mres[39m: {
      "statusCode": 200
    }
    [35mresponseTime[39m: 243
[17:11:42.689] [32mINFO[39m (25820): [36mrequest completed[39m
    [35mreq[39m: {
      "id": 1291,
      "method": "OPTIONS",
      "url": "/api/notifications"
    }
    [35mres[39m: {
      "statusCode": 204
    }
    [35mresponseTime[39m: 2
[17:11:42.695] [32mINFO[39m (25820): [36mrequest completed[39m
    [35mreq[39m: {
      "id": 1292,
      "method": "GET",
      "url": "/api/notifications"
    }
    [35mres[39m: {
      "statusCode": 401
    }
    [35mresponseTime[39m: 3
[17:11:44.546] [32mINFO[39m (25820): [36mrequest completed[39m
    [35mreq[39m: {
      "id": 1293,
      "method": "OPTIONS",
      "url": "/api/auth/login"
    }
    [35mres[39m: {
      "statusCode": 204
    }
    [35mresponseTime[39m: 1
[17:11:44.634] [32mINFO[39m (25820): [36mrequest completed[39m
    [35mreq[39m: {
      "id": 1294,
      "method": "POST",
      "url": "/api/auth/login"
    }
    [35mres[39m: {
      "statusCode": 200
    }
    [35mresponseTime[39m: 85
[17:11:44.661] [32mINFO[39m (25820): [36mrequest completed[39m
    [35mreq[39m: {
      "id": 1295,
      "method": "GET",
      "url": "/api/notifications"
    }
    [35mres[39m: {
      "statusCode": 200
    }
    [35mresponseTime[39m: 12
[17:11:44.663] [32mINFO[39m (25820): [36mrequest completed[39m
    [35mreq[39m: {
      "id": 1296,
      "method": "OPTIONS",
      "url": "/api/eod"
    }
    [35mres[39m: {
      "statusCode": 204
    }
    [35mresponseTime[39m: 0
[17:11:44.669] [32mINFO[39m (25820): [36mrequest completed[39m
    [35mreq[39m: {
      "id": 1297,
      "method": "OPTIONS",
      "url": "/api/tasks"
    }
    [35mres[39m: {
      "statusCode": 204
    }
    [35mresponseTime[39m: 2
[17:11:44.670] [32mINFO[39m (25820): [36mrequest completed[39m
    [35mreq[39m: {
      "id": 1298,
      "method": "OPTIONS",
      "url": "/api/daily-work"
    }
    [35mres[39m: {
      "statusCode": 204
    }
    [35mresponseTime[39m: 1
[17:11:44.671] [32mINFO[39m (25820): [36mrequest completed[39m
    [35mreq[39m: {
      "id": 1299,
      "method": "OPTIONS",
      "url": "/api/auth/me"
    }
    [35mres[39m: {
      "statusCode": 204
    }
    [35mresponseTime[39m: 0
[17:11:44.683] [32mINFO[39m (25820): [36mrequest completed[39m
    [35mreq[39m: {
      "id": 1300,
      "method": "GET",
      "url": "/api/eod"
    }
    [35mres[39m: {
      "statusCode": 304
    }
    [35mresponseTime[39m: 12
[17:11:44.774] [32mINFO[39m (25820): [36mrequest completed[39m
    [35mreq[39m: {
      "id": 1301,
      "method": "GET",
      "url": "/api/auth/me"
    }
    [35mres[39m: {
      "statusCode": 200
    }
    [35mresponseTime[39m: 100
[17:11:44.816] [32mINFO[39m (25820): [36mrequest completed[39m
    [35mreq[39m: {
      "id": 1303,
      "method": "GET",
      "url": "/api/daily-work"
    }
    [35mres[39m: {
      "statusCode": 200
    }
    [35mresponseTime[39m: 139
[17:11:44.951] [32mINFO[39m (25820): [36mrequest completed[39m
    [35mreq[39m: {
      "id": 1302,
      "method": "GET",
      "url": "/api/tasks"
    }
    [35mres[39m: {
      "statusCode": 200
    }
    [35mresponseTime[39m: 275
[17:11:46.085] [32mINFO[39m (25820): [36mrequest completed[39m
    [35mreq[39m: {
      "id": 1304,
      "method": "GET",
      "url": "/api/notifications"
    }
    [35mres[39m: {
      "statusCode": 304
    }
    [35mresponseTime[39m: 19
[17:11:49.150] [32mINFO[39m (25820): [36mrequest completed[39m
    [35mreq[39m: {
      "id": 1305,
      "method": "GET",
      "url": "/api/eod"
    }
    [35mres[39m: {
      "statusCode": 304
    }
    [35mresponseTime[39m: 17
[17:11:49.169] [32mINFO[39m (25820): [36mrequest completed[39m
    [35mreq[39m: {
      "id": 1307,
      "method": "GET",
      "url": "/api/daily-work"
    }
    [35mres[39m: {
      "statusCode": 304
    }
    [35mresponseTime[39m: 33
[17:11:49.254] [32mINFO[39m (25820): [36mrequest completed[39m
    [35mreq[39m: {
      "id": 1306,
      "method": "GET",
      "url": "/api/tasks"
    }
    [35mres[39m: {
      "statusCode": 304
    }
    [35mresponseTime[39m: 120
[17:11:53.573] [32mINFO[39m (25820): [36mrequest completed[39m
    [35mreq[39m: {
      "id": 1308,
      "method": "OPTIONS",
      "url": "/api/notifications"
    }
    [35mres[39m: {
      "statusCode": 204
    }
    [35mresponseTime[39m: 0
[17:11:53.585] [32mINFO[39m (25820): [36mrequest completed[39m
    [35mreq[39m: {
      "id": 1309,
      "method": "GET",
      "url": "/api/notifications"
    }
    [35mres[39m: {
      "statusCode": 304
    }
    [35mresponseTime[39m: 10
[17:12:12.715] [32mINFO[39m (25820): [36mrequest completed[39m
    [35mreq[39m: {
      "id": 1310,
      "method": "OPTIONS",
      "url": "/api/notifications"
    }
    [35mres[39m: {
      "statusCode": 204
    }
    [35mresponseTime[39m: 1
[17:12:12.988] [32mINFO[39m (25820): [36mrequest completed[39m
    [35mreq[39m: {
      "id": 1311,
      "method": "GET",
      "url": "/api/notifications"
    }
    [35mres[39m: {
      "statusCode": 304
    }
    [35mresponseTime[39m: 213
[17:12:14.681] [32mINFO[39m (25820): [36mrequest completed[39m
    [35mreq[39m: {
      "id": 1312,
      "method": "GET",
      "url": "/api/notifications"
    }
    [35mres[39m: {
      "statusCode": 304
    }
    [35mresponseTime[39m: 5
[17:12:22.684] [32mINFO[39m (25820): [36mrequest completed[39m
    [35mreq[39m: {
      "id": 1313,
      "method": "OPTIONS",
      "url": "/api/notifications"
    }
    [35mres[39m: {
      "statusCode": 204
    }
    [35mresponseTime[39m: 1
[17:12:22.704] [32mINFO[39m (25820): [36mrequest completed[39m
    [35mreq[39m: {
      "id": 1314,
      "method": "GET",
      "url": "/api/notifications"
    }
    [35mres[39m: {
      "statusCode": 304
    }
    [35mresponseTime[39m: 8
[17:12:42.692] [32mINFO[39m (25820): [36mrequest completed[39m
    [35mreq[39m: {
      "id": 1315,
      "method": "OPTIONS",
      "url": "/api/notifications"
    }
    [35mres[39m: {
      "statusCode": 204
    }
    [35mresponseTime[39m: 1
[17:12:42.990] [32mINFO[39m (25820): [36mrequest completed[39m
    [35mreq[39m: {
      "id": 1316,
      "method": "GET",
      "url": "/api/notifications"
    }
    [35mres[39m: {
      "statusCode": 304
    }
    [35mresponseTime[39m: 294
[17:12:44.690] [32mINFO[39m (25820): [36mrequest completed[39m
    [35mreq[39m: {
      "id": 1317,
      "method": "GET",
      "url": "/api/notifications"
    }
    [35mres[39m: {
      "statusCode": 304
    }
    [35mresponseTime[39m: 7
[17:12:52.687] [32mINFO[39m (25820): [36mrequest completed[39m
    [35mreq[39m: {
      "id": 1318,
      "method": "OPTIONS",
      "url": "/api/notifications"
    }
    [35mres[39m: {
      "statusCode": 204
    }
    [35mresponseTime[39m: 1
[17:12:52.698] [32mINFO[39m (25820): [36mrequest completed[39m
    [35mreq[39m: {
      "id": 1319,
      "method": "GET",
      "url": "/api/notifications"
    }
    [35mres[39m: {
      "statusCode": 304
    }
    [35mresponseTime[39m: 7
[17:13:14.666] [32mINFO[39m (25820): [36mrequest completed[39m
    [35mreq[39m: {
      "id": 1320,
      "method": "OPTIONS",
      "url": "/api/notifications"
    }
    [35mres[39m: {
      "statusCode": 204
    }
    [35mresponseTime[39m: 1
[17:13:14.819] [32mINFO[39m (25820): [36mrequest completed[39m
    [35mreq[39m: {
      "id": 1321,
      "method": "GET",
      "url": "/api/notifications"
    }
    [35mres[39m: {
      "statusCode": 304
    }
    [35mresponseTime[39m: 140
[17:13:22.672] [32mINFO[39m (25820): [36mrequest completed[39m
    [35mreq[39m: {
      "id": 1322,
      "method": "OPTIONS",
      "url": "/api/notifications"
    }
    [35mres[39m: {
      "statusCode": 204
    }
    [35mresponseTime[39m: 0
[17:13:22.681] [32mINFO[39m (25820): [36mrequest completed[39m
    [35mreq[39m: {
      "id": 1323,
      "method": "GET",
      "url": "/api/notifications"
    }
    [35mres[39m: {
      "statusCode": 304
    }
    [35mresponseTime[39m: 6
[17:13:44.682] [32mINFO[39m (25820): [36mrequest completed[39m
    [35mreq[39m: {
      "id": 1324,
      "method": "OPTIONS",
      "url": "/api/notifications"
    }
    [35mres[39m: {
      "statusCode": 204
    }
    [35mresponseTime[39m: 1
[17:13:44.800] [32mINFO[39m (25820): [36mrequest completed[39m
    [35mreq[39m: {
      "id": 1325,
      "method": "GET",
      "url": "/api/notifications"
    }
    [35mres[39m: {
      "statusCode": 304
    }
    [35mresponseTime[39m: 101
[17:13:51.692] [32mINFO[39m (25820): [36mrequest completed[39m
    [35mreq[39m: {
      "id": 1326,
      "method": "OPTIONS",
      "url": "/api/notifications"
    }
    [35mres[39m: {
      "statusCode": 204
    }
    [35mresponseTime[39m: 1
[17:13:51.703] [32mINFO[39m (25820): [36mrequest completed[39m
    [35mreq[39m: {
      "id": 1327,
      "method": "GET",
      "url": "/api/notifications"
    }
    [35mres[39m: {
      "statusCode": 304
    }
    [35mresponseTime[39m: 8
[17:14:14.672] [32mINFO[39m (25820): [36mrequest completed[39m
    [35mreq[39m: {
      "id": 1328,
      "method": "OPTIONS",
      "url": "/api/notifications"
    }
    [35mres[39m: {
      "statusCode": 204
    }
    [35mresponseTime[39m: 1
[17:14:14.812] [32mINFO[39m (25820): [36mrequest completed[39m
    [35mreq[39m: {
      "id": 1329,
      "method": "GET",
      "url": "/api/notifications"
    }
    [35mres[39m: {
      "statusCode": 304
    }
    [35mresponseTime[39m: 137
[17:14:19.188] [32mINFO[39m (25820): [36mrequest completed[39m
    [35mreq[39m: {
      "id": 1330,
      "method": "OPTIONS",
      "url": "/api/eod"
    }
    [35mres[39m: {
      "statusCode": 204
    }
    [35mresponseTime[39m: 0
[17:14:19.211] [32mINFO[39m (25820): [36mrequest completed[39m
    [35mreq[39m: {
      "id": 1331,
      "method": "GET",
      "url": "/api/eod"
    }
    [35mres[39m: {
      "statusCode": 304
    }
    [35mresponseTime[39m: 21
[17:14:20.985] [32mINFO[39m (25820): [36mrequest completed[39m
    [35mreq[39m: {
      "id": 1332,
      "method": "OPTIONS",
      "url": "/api/tasks"
    }
    [35mres[39m: {
      "statusCode": 204
    }
    [35mresponseTime[39m: 0
[17:14:21.258] [32mINFO[39m (25820): [36mrequest completed[39m
    [35mreq[39m: {
      "id": 1333,
      "method": "GET",
      "url": "/api/tasks"
    }
    [35mres[39m: {
      "statusCode": 200
    }
    [35mresponseTime[39m: 270
[17:14:26.032] [32mINFO[39m (25820): [36mrequest completed[39m
    [35mreq[39m: {
      "id": 1334,
      "method": "OPTIONS",
      "url": "/api/notifications"
    }
    [35mres[39m: {
      "statusCode": 204
    }
    [35mresponseTime[39m: 1
[17:14:26.042] [32mINFO[39m (25820): [36mrequest completed[39m
    [35mreq[39m: {
      "id": 1335,
      "method": "GET",
      "url": "/api/notifications"
    }
    [35mres[39m: {
      "statusCode": 304
    }
    [35mresponseTime[39m: 7
[17:14:27.999] [32mINFO[39m (25820): [36mrequest completed[39m
    [35mreq[39m: {
      "id": 1336,
      "method": "GET",
      "url": "/api/notifications"
    }
    [35mres[39m: {
      "statusCode": 304
    }
    [35mresponseTime[39m: 3
[17:14:31.030] [32mINFO[39m (25820): [36mrequest completed[39m
    [35mreq[39m: {
      "id": 1337,
      "method": "OPTIONS",
      "url": "/api/users"
    }
    [35mres[39m: {
      "statusCode": 204
    }
    [35mresponseTime[39m: 1
[17:14:31.037] [32mINFO[39m (25820): [36mrequest completed[39m
    [35mreq[39m: {
      "id": 1338,
      "method": "GET",
      "url": "/api/users"
    }
    [35mres[39m: {
      "statusCode": 304
    }
    [35mresponseTime[39m: 5
[17:14:31.048] [32mINFO[39m (25820): [36mrequest completed[39m
    [35mreq[39m: {
      "id": 1339,
      "method": "OPTIONS",
      "url": "/api/eod"
    }
    [35mres[39m: {
      "statusCode": 204
    }
    [35mresponseTime[39m: 0
[17:14:31.050] [32mINFO[39m (25820): [36mrequest completed[39m
    [35mreq[39m: {
      "id": 1340,
      "method": "OPTIONS",
      "url": "/api/eod"
    }
    [35mres[39m: {
      "statusCode": 204
    }
    [35mresponseTime[39m: 0
[17:14:31.057] [32mINFO[39m (25820): [36mrequest completed[39m
    [35mreq[39m: {
      "id": 1341,
      "method": "GET",
      "url": "/api/eod"
    }
    [35mres[39m: {
      "statusCode": 304
    }
    [35mresponseTime[39m: 6
[17:14:31.064] [32mINFO[39m (25820): [36mrequest completed[39m
    [35mreq[39m: {
      "id": 1342,
      "method": "GET",
      "url": "/api/eod"
    }
    [35mres[39m: {
      "statusCode": 304
    }
    [35mresponseTime[39m: 11
[17:14:32.043] [32mINFO[39m (25820): [36mrequest completed[39m
    [35mreq[39m: {
      "id": 1343,
      "method": "GET",
      "url": "/api/users"
    }
    [35mres[39m: {
      "statusCode": 304
    }
    [35mresponseTime[39m: 10
[17:14:32.053] [32mINFO[39m (25820): [36mrequest completed[39m
    [35mreq[39m: {
      "id": 1344,
      "method": "OPTIONS",
      "url": "/api/tasks"
    }
    [35mres[39m: {
      "statusCode": 204
    }
    [35mresponseTime[39m: 0
[17:14:32.053] [32mINFO[39m (25820): [36mrequest completed[39m
    [35mreq[39m: {
      "id": 1345,
      "method": "OPTIONS",
      "url": "/api/tasks"
    }
    [35mres[39m: {
      "statusCode": 204
    }
    [35mresponseTime[39m: 0
[17:14:32.064] [32mINFO[39m (25820): [36mrequest completed[39m
    [35mreq[39m: {
      "id": 1346,
      "method": "GET",
      "url": "/api/tasks"
    }
    [35mres[39m: {
      "statusCode": 304
    }
    [35mresponseTime[39m: 9
[17:14:32.160] [32mINFO[39m (25820): [36mrequest completed[39m
    [35mreq[39m: {
      "id": 1347,
      "method": "GET",
      "url": "/api/tasks"
    }
    [35mres[39m: {
      "statusCode": 304
    }
    [35mresponseTime[39m: 105
[17:14:42.679] [32mINFO[39m (25820): [36mrequest completed[39m
    [35mreq[39m: {
      "id": 1348,
      "method": "OPTIONS",
      "url": "/api/notifications"
    }
    [35mres[39m: {
      "statusCode": 204
    }
    [35mresponseTime[39m: 1
[17:14:42.773] [32mINFO[39m (25820): [36mrequest completed[39m
    [35mreq[39m: {
      "id": 1349,
      "method": "GET",
      "url": "/api/notifications"
    }
    [35mres[39m: {
      "statusCode": 304
    }
    [35mresponseTime[39m: 91
[17:14:44.671] [32mINFO[39m (25820): [36mrequest completed[39m
    [35mreq[39m: {
      "id": 1350,
      "method": "GET",
      "url": "/api/notifications"
    }
    [35mres[39m: {
      "statusCode": 304
    }
    [35mresponseTime[39m: 4
[17:14:52.684] [32mINFO[39m (25820): [36mrequest completed[39m
    [35mreq[39m: {
      "id": 1351,
      "method": "OPTIONS",
      "url": "/api/notifications"
    }
    [35mres[39m: {
      "statusCode": 204
    }
    [35mresponseTime[39m: 1
[17:14:52.692] [32mINFO[39m (25820): [36mrequest completed[39m
    [35mreq[39m: {
      "id": 1352,
      "method": "GET",
      "url": "/api/notifications"
    }
    [35mres[39m: {
      "statusCode": 304
    }
    [35mresponseTime[39m: 6
[17:15:12.672] [32mINFO[39m (25820): [36mrequest completed[39m
    [35mreq[39m: {
      "id": 1353,
      "method": "OPTIONS",
      "url": "/api/notifications"
    }
    [35mres[39m: {
      "statusCode": 204
    }
    [35mresponseTime[39m: 1
[17:15:12.783] [32mINFO[39m (25820): [36mrequest completed[39m
    [35mreq[39m: {
      "id": 1354,
      "method": "GET",
      "url": "/api/notifications"
    }
    [35mres[39m: {
      "statusCode": 304
    }
    [35mresponseTime[39m: 107
[17:15:14.676] [32mINFO[39m (25820): [36mrequest completed[39m
    [35mreq[39m: {
      "id": 1355,
      "method": "GET",
      "url": "/api/notifications"
    }
    [35mres[39m: {
      "statusCode": 304
    }
    [35mresponseTime[39m: 3
[17:15:22.693] [32mINFO[39m (25820): [36mrequest completed[39m
    [35mreq[39m: {
      "id": 1356,
      "method": "OPTIONS",
      "url": "/api/notifications"
    }
    [35mres[39m: {
      "statusCode": 204
    }
    [35mresponseTime[39m: 0
[17:15:22.699] [32mINFO[39m (25820): [36mrequest completed[39m
    [35mreq[39m: {
      "id": 1357,
      "method": "GET",
      "url": "/api/notifications"
    }
    [35mres[39m: {
      "statusCode": 304
    }
    [35mresponseTime[39m: 3
[17:15:51.725] [32mINFO[39m (25820): [36mrequest completed[39m
    [35mreq[39m: {
      "id": 1358,
      "method": "OPTIONS",
      "url": "/api/notifications"
    }
    [35mres[39m: {
      "statusCode": 204
    }
    [35mresponseTime[39m: 2
[17:15:51.857] [32mINFO[39m (25820): [36mrequest completed[39m
    [35mreq[39m: {
      "id": 1359,
      "method": "GET",
      "url": "/api/notifications"
    }
    [35mres[39m: {
      "statusCode": 304
    }
    [35mresponseTime[39m: 129
[17:15:51.861] [32mINFO[39m (25820): [36mrequest completed[39m
    [35mreq[39m: {
      "id": 1360,
      "method": "GET",
      "url": "/api/notifications"
    }
    [35mres[39m: {
      "statusCode": 304
    }
    [35mresponseTime[39m: 2
[17:16:51.888] [32mINFO[39m (25820): [36mrequest completed[39m
    [35mreq[39m: {
      "id": 1361,
      "method": "OPTIONS",
      "url": "/api/notifications"
    }
    [35mres[39m: {
      "statusCode": 204
    }
    [35mresponseTime[39m: 11
[17:16:51.896] [32mINFO[39m (25820): [36mrequest completed[39m
    [35mreq[39m: {
      "id": 1362,
      "method": "OPTIONS",
      "url": "/api/notifications"
    }
    [35mres[39m: {
      "statusCode": 204
    }
    [35mresponseTime[39m: 1
[17:16:52.127] [32mINFO[39m (25820): [36mrequest completed[39m
    [35mreq[39m: {
      "id": 1363,
      "method": "GET",
      "url": "/api/notifications"
    }
    [35mres[39m: {
      "statusCode": 304
    }
    [35mresponseTime[39m: 206
[17:16:52.141] [32mINFO[39m (25820): [36mrequest completed[39m
    [35mreq[39m: {
      "id": 1364,
      "method": "GET",
      "url": "/api/notifications"
    }
    [35mres[39m: {
      "statusCode": 304
    }
    [35mresponseTime[39m: 5
[17:17:51.730] [32mINFO[39m (25820): [36mrequest completed[39m
    [35mreq[39m: {
      "id": 1365,
      "method": "OPTIONS",
      "url": "/api/notifications"
    }
    [35mres[39m: {
      "statusCode": 204
    }
    [35mresponseTime[39m: 0
[17:17:51.891] [32mINFO[39m (25820): [36mrequest completed[39m
    [35mreq[39m: {
      "id": 1366,
      "method": "GET",
      "url": "/api/notifications"
    }
    [35mres[39m: {
      "statusCode": 304
    }
    [35mresponseTime[39m: 156
[17:17:51.901] [32mINFO[39m (25820): [36mrequest completed[39m
    [35mreq[39m: {
      "id": 1367,
      "method": "GET",
      "url": "/api/notifications"
    }
    [35mres[39m: {
      "statusCode": 304
    }
    [35mresponseTime[39m: 9
[17:33:07.334] [32mINFO[39m (25820): [36mrequest completed[39m
    [35mreq[39m: {
      "id": 1368,
      "method": "POST",
      "url": "/api/tasks"
    }
    [35mres[39m: {
      "statusCode": 201
    }
    [35mresponseTime[39m: 310
[17:33:07.690] [32mINFO[39m (25820): [36mrequest completed[39m
    [35mreq[39m: {
      "id": 1369,
      "method": "GET",
      "url": "/api/tasks"
    }
    [35mres[39m: {
      "statusCode": 200
    }
    [35mresponseTime[39m: 302
[17:34:24.882] [32mINFO[39m (25820): [36mrequest completed[39m
    [35mreq[39m: {
      "id": 1370,
      "method": "OPTIONS",
      "url": "/api/notifications"
    }
    [35mres[39m: {
      "statusCode": 204
    }
    [35mresponseTime[39m: 141
[17:34:26.258] [32mINFO[39m (25820): [36mrequest completed[39m
    [35mreq[39m: {
      "id": 1371,
      "method": "GET",
      "url": "/api/notifications"
    }
    [35mres[39m: {
      "statusCode": 304
    }
    [35mresponseTime[39m: 1263
[17:34:28.905] [32mINFO[39m (25820): [36mrequest completed[39m
    [35mreq[39m: {
      "id": 1372,
      "method": "OPTIONS",
      "url": "/api/auth/me"
    }
    [35mres[39m: {
      "statusCode": 204
    }
    [35mresponseTime[39m: 0
[17:34:28.983] [32mINFO[39m (25820): [36mrequest completed[39m
    [35mreq[39m: {
      "id": 1373,
      "method": "GET",
      "url": "/api/auth/me"
    }
    [35mres[39m: {
      "statusCode": 304
    }
    [35mresponseTime[39m: 75
[17:34:29.039] [32mINFO[39m (25820): [36mrequest completed[39m
    [35mreq[39m: {
      "id": 1375,
      "method": "OPTIONS",
      "url": "/api/eod"
    }
    [35mres[39m: {
      "statusCode": 204
    }
    [35mresponseTime[39m: 3
[17:34:29.043] [32mINFO[39m (25820): [36mrequest completed[39m
    [35mreq[39m: {
      "id": 1376,
      "method": "OPTIONS",
      "url": "/api/tasks"
    }
    [35mres[39m: {
      "statusCode": 204
    }
    [35mresponseTime[39m: 1
[17:34:29.045] [32mINFO[39m (25820): [36mrequest completed[39m
    [35mreq[39m: {
      "id": 1377,
      "method": "OPTIONS",
      "url": "/api/daily-work"
    }
    [35mres[39m: {
      "statusCode": 204
    }
    [35mresponseTime[39m: 2
[17:34:29.148] [32mINFO[39m (25820): [36mrequest completed[39m
    [35mreq[39m: {
      "id": 1374,
      "method": "GET",
      "url": "/api/notifications"
    }
    [35mres[39m: {
      "statusCode": 304
    }
    [35mresponseTime[39m: 124
[17:34:29.379] [32mINFO[39m (25820): [36mrequest completed[39m
    [35mreq[39m: {
      "id": 1378,
      "method": "GET",
      "url": "/api/eod"
    }
    [35mres[39m: {
      "statusCode": 304
    }
    [35mresponseTime[39m: 333
[17:34:29.596] [32mINFO[39m (25820): [36mrequest completed[39m
    [35mreq[39m: {
      "id": 1380,
      "method": "GET",
      "url": "/api/daily-work"
    }
    [35mres[39m: {
      "statusCode": 200
    }
    [35mresponseTime[39m: 514
[17:34:30.296] [32mINFO[39m (25820): [36mrequest completed[39m
    [35mreq[39m: {
      "id": 1379,
      "method": "GET",
      "url": "/api/tasks"
    }
    [35mres[39m: {
      "statusCode": 200
    }
    [35mresponseTime[39m: 1234
[17:34:59.874] [32mINFO[39m (25820): [36mrequest completed[39m
    [35mreq[39m: {
      "id": 1381,
      "method": "OPTIONS",
      "url": "/api/notifications"
    }
    [35mres[39m: {
      "statusCode": 204
    }
    [35mresponseTime[39m: 12
[17:35:00.238] [32mINFO[39m (25820): [36mrequest completed[39m
    [35mreq[39m: {
      "id": 1382,
      "method": "GET",
      "url": "/api/notifications"
    }
    [35mres[39m: {
      "statusCode": 304
    }
    [35mresponseTime[39m: 325
[17:35:29.894] [32mINFO[39m (25820): [36mrequest completed[39m
    [35mreq[39m: {
      "id": 1383,
      "method": "OPTIONS",
      "url": "/api/notifications"
    }
    [35mres[39m: {
      "statusCode": 204
    }
    [35mresponseTime[39m: 11
[17:35:30.149] [32mINFO[39m (25820): [36mrequest completed[39m
    [35mreq[39m: {
      "id": 1384,
      "method": "GET",
      "url": "/api/notifications"
    }
    [35mres[39m: {
      "statusCode": 304
    }
    [35mresponseTime[39m: 213
[17:35:59.971] [32mINFO[39m (25820): [36mrequest completed[39m
    [35mreq[39m: {
      "id": 1385,
      "method": "OPTIONS",
      "url": "/api/notifications"
    }
    [35mres[39m: {
      "statusCode": 204
    }
    [35mresponseTime[39m: 12
[17:36:01.133] [32mINFO[39m (25820): [36mrequest completed[39m
    [35mreq[39m: {
      "id": 1386,
      "method": "GET",
      "url": "/api/notifications"
    }
    [35mres[39m: {
      "statusCode": 304
    }
    [35mresponseTime[39m: 1092
[17:36:29.958] [32mINFO[39m (25820): [36mrequest completed[39m
    [35mreq[39m: {
      "id": 1387,
      "method": "OPTIONS",
      "url": "/api/notifications"
    }
    [35mres[39m: {
      "statusCode": 204
    }
    [35mresponseTime[39m: 13
[17:36:30.410] [32mINFO[39m (25820): [36mrequest completed[39m
    [35mreq[39m: {
      "id": 1388,
      "method": "GET",
      "url": "/api/notifications"
    }
    [35mres[39m: {
      "statusCode": 304
    }
    [35mresponseTime[39m: 405
[17:36:59.930] [32mINFO[39m (25820): [36mrequest completed[39m
    [35mreq[39m: {
      "id": 1389,
      "method": "OPTIONS",
      "url": "/api/notifications"
    }
    [35mres[39m: {
      "statusCode": 204
    }
    [35mresponseTime[39m: 8
[17:37:00.268] [32mINFO[39m (25820): [36mrequest completed[39m
    [35mreq[39m: {
      "id": 1390,
      "method": "GET",
      "url": "/api/notifications"
    }
    [35mres[39m: {
      "statusCode": 304
    }
    [35mresponseTime[39m: 294
[17:38:38.557] [32mINFO[39m (25820): [36mrequest completed[39m
    [35mreq[39m: {
      "id": 1391,
      "method": "POST",
      "url": "/api/tasks"
    }
    [35mres[39m: {
      "statusCode": 201
    }
    [35mresponseTime[39m: 130
[17:38:38.731] [32mINFO[39m (25820): [36mrequest completed[39m
    [35mreq[39m: {
      "id": 1392,
      "method": "GET",
      "url": "/api/tasks"
    }
    [35mres[39m: {
      "statusCode": 200
    }
    [35mresponseTime[39m: 157
[17:40:19.344] [32mINFO[39m (25820): [36mrequest completed[39m
    [35mreq[39m: {
      "id": 1393,
      "method": "OPTIONS",
      "url": "/api/notifications"
    }
    [35mres[39m: {
      "statusCode": 204
    }
    [35mresponseTime[39m: 24
[17:40:19.675] [32mINFO[39m (25820): [36mrequest completed[39m
    [35mreq[39m: {
      "id": 1394,
      "method": "GET",
      "url": "/api/notifications"
    }
    [35mres[39m: {
      "statusCode": 304
    }
    [35mresponseTime[39m: 316
[17:40:21.206] [32mINFO[39m (25820): [36mrequest completed[39m
    [35mreq[39m: {
      "id": 1395,
      "method": "OPTIONS",
      "url": "/api/tasks"
    }
    [35mres[39m: {
      "statusCode": 204
    }
    [35mresponseTime[39m: 1
[17:40:21.459] [32mINFO[39m (25820): [36mrequest completed[39m
    [35mreq[39m: {
      "id": 1396,
      "method": "GET",
      "url": "/api/tasks"
    }
    [35mres[39m: {
      "statusCode": 200
    }
    [35mresponseTime[39m: 250
[17:40:29.060] [32mINFO[39m (25820): [36mrequest completed[39m
    [35mreq[39m: {
      "id": 1397,
      "method": "OPTIONS",
      "url": "/api/notifications"
    }
    [35mres[39m: {
      "statusCode": 204
    }
    [35mresponseTime[39m: 10
[17:40:29.121] [32mINFO[39m (25820): [36mrequest completed[39m
    [35mreq[39m: {
      "id": 1398,
      "method": "GET",
      "url": "/api/notifications"
    }
    [35mres[39m: {
      "statusCode": 304
    }
    [35mresponseTime[39m: 59
[17:40:31.982] [32mINFO[39m (25820): [36mrequest completed[39m
    [35mreq[39m: {
      "id": 1399,
      "method": "GET",
      "url": "/api/notifications"
    }
    [35mres[39m: {
      "statusCode": 304
    }
    [35mresponseTime[39m: 5
[17:40:34.533] [32mINFO[39m (25820): [36mrequest completed[39m
    [35mreq[39m: {
      "id": 1400,
      "method": "OPTIONS",
      "url": "/api/notifications"
    }
    [35mres[39m: {
      "statusCode": 204
    }
    [35mresponseTime[39m: 2
[17:40:34.538] [32mINFO[39m (25820): [36mrequest completed[39m
    [35mreq[39m: {
      "id": 1401,
      "method": "GET",
      "url": "/api/notifications"
    }
    [35mres[39m: {
      "statusCode": 304
    }
    [35mresponseTime[39m: 3
[17:40:38.682] [32mINFO[39m (25820): [36mrequest completed[39m
    [35mreq[39m: {
      "id": 1402,
      "method": "OPTIONS",
      "url": "/api/users"
    }
    [35mres[39m: {
      "statusCode": 204
    }
    [35mresponseTime[39m: 1
[17:40:38.685] [32mINFO[39m (25820): [36mrequest completed[39m
    [35mreq[39m: {
      "id": 1403,
      "method": "OPTIONS",
      "url": "/api/eod"
    }
    [35mres[39m: {
      "statusCode": 204
    }
    [35mresponseTime[39m: 1
[17:40:38.796] [32mINFO[39m (25820): [36mrequest completed[39m
    [35mreq[39m: {
      "id": 1404,
      "method": "GET",
      "url": "/api/users"
    }
    [35mres[39m: {
      "statusCode": 304
    }
    [35mresponseTime[39m: 110
[17:40:38.814] [32mINFO[39m (25820): [36mrequest completed[39m
    [35mreq[39m: {
      "id": 1405,
      "method": "GET",
      "url": "/api/eod"
    }
    [35mres[39m: {
      "statusCode": 304
    }
    [35mresponseTime[39m: 128
[17:40:41.005] [32mINFO[39m (25820): [36mrequest completed[39m
    [35mreq[39m: {
      "id": 1406,
      "method": "OPTIONS",
      "url": "/api/eod"
    }
    [35mres[39m: {
      "statusCode": 204
    }
    [35mresponseTime[39m: 0
[17:40:41.020] [32mINFO[39m (25820): [36mrequest completed[39m
    [35mreq[39m: {
      "id": 1407,
      "method": "GET",
      "url": "/api/eod"
    }
    [35mres[39m: {
      "statusCode": 304
    }
    [35mresponseTime[39m: 10
[17:40:44.678] [32mINFO[39m (25820): [36mrequest completed[39m
    [35mreq[39m: {
      "id": 1408,
      "method": "OPTIONS",
      "url": "/api/notifications"
    }
    [35mres[39m: {
      "statusCode": 204
    }
    [35mresponseTime[39m: 1
[17:40:44.690] [32mINFO[39m (25820): [36mrequest completed[39m
    [35mreq[39m: {
      "id": 1409,
      "method": "GET",
      "url": "/api/notifications"
    }
    [35mres[39m: {
      "statusCode": 304
    }
    [35mresponseTime[39m: 11
[17:40:52.492] [32mINFO[39m (25820): [36mrequest completed[39m
    [35mreq[39m: {
      "id": 1410,
      "method": "OPTIONS",
      "url": "/api/notifications"
    }
    [35mres[39m: {
      "statusCode": 204
    }
    [35mresponseTime[39m: 1
[17:40:52.499] [32mINFO[39m (25820): [36mrequest completed[39m
    [35mreq[39m: {
      "id": 1411,
      "method": "GET",
      "url": "/api/notifications"
    }
    [35mres[39m: {
      "statusCode": 304
    }
    [35mresponseTime[39m: 4
[17:40:52.964] [32mINFO[39m (25820): [36mrequest completed[39m
    [35mreq[39m: {
      "id": 1412,
      "method": "OPTIONS",
      "url": "/api/tasks"
    }
    [35mres[39m: {
      "statusCode": 204
    }
    [35mresponseTime[39m: 1
[17:40:53.071] [32mINFO[39m (25820): [36mrequest completed[39m
    [35mreq[39m: {
      "id": 1413,
      "method": "GET",
      "url": "/api/tasks"
    }
    [35mres[39m: {
      "statusCode": 200
    }
    [35mresponseTime[39m: 102
[17:40:55.052] [32mINFO[39m (25820): [36mrequest completed[39m
    [35mreq[39m: {
      "id": 1414,
      "method": "OPTIONS",
      "url": "/api/users"
    }
    [35mres[39m: {
      "statusCode": 204
    }
    [35mresponseTime[39m: 1
[17:40:55.055] [32mINFO[39m (25820): [36mrequest completed[39m
    [35mreq[39m: {
      "id": 1415,
      "method": "OPTIONS",
      "url": "/api/eod"
    }
    [35mres[39m: {
      "statusCode": 204
    }
    [35mresponseTime[39m: 0
[17:40:55.083] [32mINFO[39m (25820): [36mrequest completed[39m
    [35mreq[39m: {
      "id": 1417,
      "method": "GET",
      "url": "/api/eod"
    }
    [35mres[39m: {
      "statusCode": 304
    }
    [35mresponseTime[39m: 26
[17:40:55.152] [32mINFO[39m (25820): [36mrequest completed[39m
    [35mreq[39m: {
      "id": 1416,
      "method": "GET",
      "url": "/api/users"
    }
    [35mres[39m: {
      "statusCode": 304
    }
    [35mresponseTime[39m: 96
[17:40:57.132] [32mINFO[39m (25820): [36mrequest completed[39m
    [35mreq[39m: {
      "id": 1418,
      "method": "OPTIONS",
      "url": "/api/eod"
    }
    [35mres[39m: {
      "statusCode": 204
    }
    [35mresponseTime[39m: 0
[17:40:57.139] [32mINFO[39m (25820): [36mrequest completed[39m
    [35mreq[39m: {
      "id": 1419,
      "method": "GET",
      "url": "/api/eod"
    }
    [35mres[39m: {
      "statusCode": 304
    }
    [35mresponseTime[39m: 5
[17:40:59.695] [32mINFO[39m (25820): [36mrequest completed[39m
    [35mreq[39m: {
      "id": 1420,
      "method": "OPTIONS",
      "url": "/api/notifications"
    }
    [35mres[39m: {
      "statusCode": 204
    }
    [35mresponseTime[39m: 1
[17:40:59.714] [32mINFO[39m (25820): [36mrequest completed[39m
    [35mreq[39m: {
      "id": 1421,
      "method": "GET",
      "url": "/api/notifications"
    }
    [35mres[39m: {
      "statusCode": 304
    }
    [35mresponseTime[39m: 17
[17:41:00.277] [32mINFO[39m (25820): [36mrequest completed[39m
    [35mreq[39m: {
      "id": 1422,
      "method": "OPTIONS",
      "url": "/api/tasks"
    }
    [35mres[39m: {
      "statusCode": 204
    }
    [35mresponseTime[39m: 1
[17:41:00.288] [32mINFO[39m (25820): [36mrequest completed[39m
    [35mreq[39m: {
      "id": 1423,
      "method": "GET",
      "url": "/api/tasks"
    }
    [35mres[39m: {
      "statusCode": 304
    }
    [35mresponseTime[39m: 10
[17:41:01.675] [32mINFO[39m (25820): [36mrequest completed[39m
    [35mreq[39m: {
      "id": 1424,
      "method": "OPTIONS",
      "url": "/api/dashboard/top-performers"
    }
    [35mres[39m: {
      "statusCode": 204
    }
    [35mresponseTime[39m: 1
[17:41:01.677] [32mINFO[39m (25820): [36mrequest completed[39m
    [35mreq[39m: {
      "id": 1425,
      "method": "OPTIONS",
      "url": "/api/dashboard/recent-activity"
    }
    [35mres[39m: {
      "statusCode": 204
    }
    [35mresponseTime[39m: 0
[17:41:01.685] [32mINFO[39m (25820): [36mrequest completed[39m
    [35mreq[39m: {
      "id": 1427,
      "method": "OPTIONS",
      "url": "/api/dashboard/pending-employees"
    }
    [35mres[39m: {
      "statusCode": 204
    }
    [35mresponseTime[39m: 1
[17:41:01.688] [32mINFO[39m (25820): [36mrequest completed[39m
    [35mreq[39m: {
      "id": 1429,
      "method": "OPTIONS",
      "url": "/api/dashboard/weekly-heatmap"
    }
    [35mres[39m: {
      "statusCode": 204
    }
    [35mresponseTime[39m: 0
[17:41:01.694] [32mINFO[39m (25820): [36mrequest completed[39m
    [35mreq[39m: {
      "id": 1428,
      "method": "GET",
      "url": "/api/dashboard/recent-activity"
    }
    [35mres[39m: {
      "statusCode": 200
    }
    [35mresponseTime[39m: 9
[17:41:01.704] [32mINFO[39m (25820): [36mrequest completed[39m
    [35mreq[39m: {
      "id": 1426,
      "method": "GET",
      "url": "/api/dashboard/top-performers"
    }
    [35mres[39m: {
      "statusCode": 304
    }
    [35mresponseTime[39m: 23
[17:41:01.710] [32mINFO[39m (25820): [36mrequest completed[39m
    [35mreq[39m: {
      "id": 1430,
      "method": "GET",
      "url": "/api/dashboard/pending-employees"
    }
    [35mres[39m: {
      "statusCode": 304
    }
    [35mresponseTime[39m: 20
[17:41:01.710] [32mINFO[39m (25820): [36mrequest completed[39m
    [35mreq[39m: {
      "id": 1432,
      "method": "OPTIONS",
      "url": "/api/dashboard/stats"
    }
    [35mres[39m: {
      "statusCode": 204
    }
    [35mresponseTime[39m: 0
[17:41:01.711] [32mINFO[39m (25820): [36mrequest completed[39m
    [35mreq[39m: {
      "id": 1433,
      "method": "OPTIONS",
      "url": "/api/dashboard/team-summary"
    }
    [35mres[39m: {
      "statusCode": 204
    }
    [35mresponseTime[39m: 0
[17:41:01.712] [32mINFO[39m (25820): [36mrequest completed[39m
    [35mreq[39m: {
      "id": 1434,
      "method": "OPTIONS",
      "url": "/api/dashboard/monthly-trend"
    }
    [35mres[39m: {
      "statusCode": 204
    }
    [35mresponseTime[39m: 0
[17:41:01.713] [32mINFO[39m (25820): [36mrequest completed[39m
    [35mreq[39m: {
      "id": 1435,
      "method": "OPTIONS",
      "url": "/api/users"
    }
    [35mres[39m: {
      "statusCode": 204
    }
    [35mresponseTime[39m: 0
[17:41:01.823] [32mINFO[39m (25820): [36mrequest completed[39m
    [35mreq[39m: {
      "id": 1438,
      "method": "GET",
      "url": "/api/dashboard/monthly-trend"
    }
    [35mres[39m: {
      "statusCode": 200
    }
    [35mresponseTime[39m: 104
[17:41:01.824] [32mINFO[39m (25820): [36mrequest completed[39m
    [35mreq[39m: {
      "id": 1436,
      "method": "GET",
      "url": "/api/dashboard/stats"
    }
    [35mres[39m: {
      "statusCode": 200
    }
    [35mresponseTime[39m: 109
[17:41:01.879] [32mINFO[39m (25820): [36mrequest completed[39m
    [35mreq[39m: {
      "id": 1437,
      "method": "GET",
      "url": "/api/dashboard/team-summary"
    }
    [35mres[39m: {
      "statusCode": 304
    }
    [35mresponseTime[39m: 162
[17:41:02.011] [32mINFO[39m (25820): [36mrequest completed[39m
    [35mreq[39m: {
      "id": 1431,
      "method": "GET",
      "url": "/api/dashboard/weekly-heatmap"
    }
    [35mres[39m: {
      "statusCode": 304
    }
    [35mresponseTime[39m: 314
[17:41:02.061] [32mINFO[39m (25820): [36mrequest completed[39m
    [35mreq[39m: {
      "id": 1439,
      "method": "GET",
      "url": "/api/users"
    }
    [35mres[39m: {
      "statusCode": 304
    }
    [35mresponseTime[39m: 342
[17:41:09.237] [32mINFO[39m (25820): [36mrequest completed[39m
    [35mreq[39m: {
      "id": 1440,
      "method": "OPTIONS",
      "url": "/api/daily-work"
    }
    [35mres[39m: {
      "statusCode": 204
    }
    [35mresponseTime[39m: 1
[17:41:09.262] [32mINFO[39m (25820): [36mrequest completed[39m
    [35mreq[39m: {
      "id": 1441,
      "method": "GET",
      "url": "/api/daily-work"
    }
    [35mres[39m: {
      "statusCode": 200
    }
    [35mresponseTime[39m: 22
[17:41:14.680] [32mINFO[39m (25820): [36mrequest completed[39m
    [35mreq[39m: {
      "id": 1442,
      "method": "OPTIONS",
      "url": "/api/notifications"
    }
    [35mres[39m: {
      "statusCode": 204
    }
    [35mresponseTime[39m: 1
[17:41:14.710] [32mINFO[39m (25820): [36mrequest completed[39m
    [35mreq[39m: {
      "id": 1443,
      "method": "GET",
      "url": "/api/notifications"
    }
    [35mres[39m: {
      "statusCode": 304
    }
    [35mresponseTime[39m: 26
[17:41:19.363] [32mINFO[39m (25820): [36mrequest completed[39m
    [35mreq[39m: {
      "id": 1444,
      "method": "OPTIONS",
      "url": "/api/tasks"
    }
    [35mres[39m: {
      "statusCode": 204
    }
    [35mresponseTime[39m: 0
[17:41:19.630] [32mINFO[39m (25820): [36mrequest completed[39m
    [35mreq[39m: {
      "id": 1445,
      "method": "GET",
      "url": "/api/tasks"
    }
    [35mres[39m: {
      "statusCode": 304
    }
    [35mresponseTime[39m: 263
[17:41:22.713] [32mINFO[39m (25820): [36mrequest completed[39m
    [35mreq[39m: {
      "id": 1446,
      "method": "OPTIONS",
      "url": "/api/notifications"
    }
    [35mres[39m: {
      "statusCode": 204
    }
    [35mresponseTime[39m: 0
[17:41:22.728] [32mINFO[39m (25820): [36mrequest completed[39m
    [35mreq[39m: {
      "id": 1447,
      "method": "GET",
      "url": "/api/notifications"
    }
    [35mres[39m: {
      "statusCode": 304
    }
    [35mresponseTime[39m: 12
